x,y,z,intensity,classification
72.541275,1.2953864,152.26852,169.26888,2
38.31318,134.71443,150.74329,152.92186,2
142.35223,126.59555,155.17894,67.58642,5
151.46967,102.581276,155.41171,72.71563,5
44.87673,17.427065,150.78023,186.35628,2
199.81137,125.3736,154.69926,98.30501,2
61.870285,99.5422,151.87323,162.31564,2
198.01196,134.42943,155.20177,91.67251,2
115.360825,48.466316,153.21696,93.41978,5
11.600217,130.41542,151.14351,201.72081,2
89.274254,50.39897,150.82588,165.915,2
85.09817,0.82339895,152.33424,211.28127,2
18.217085,112.778694,150.74554,188.7758,2
119.740456,99.14622,153.11362,100.084946,5
124.47827,66.31248,150.9602,189.85062,2
93.90678,11.399709,152.61272,209.32759,2
132.4179,80.709724,152.79784,164.28215,2
13.808491,77.68965,150.69817,71.3928,2
161.40158,112.88743,153.9627,114.1543,2
72.106255,142.6096,151.13751,191.67131,2
174.95352,102.17979,154.29327,93.12059,5
154.64317,54.52079,152.83716,81.416985,5
75.48668,104.7062,151.65132,71.90513,2
114.88884,111.03583,152.32466,171.2473,2
67.85698,61.743065,151.95392,180.92877,2
40.178562,96.049385,151.66847,178.48221,2
122.157906,32.622044,152.13116,161.7004,2
168.23315,111.96094,153.91275,176.42328,2
107.523254,31.506123,152.79686,192.88246,2
22.377628,118.86394,150.87009,162.48834,2
110.08587,74.58607,151.94302,46.252533,2
80.34344,149.08891,151.6939,100.2622,2
9.145006,145.53545,151.84558,99.72696,5
13.271776,4.417426,149.21814,192.6114,2
190.69879,100.74542,153.56548,92.66384,2
168.77536,44.32447,152.04312,87.246254,2
65.02661,71.651215,152.13567,67.93905,2
38.481575,144.15788,150.54424,169.06374,2
0.07054195,134.40787,151.36719,178.87541,2
101.226074,144.29234,152.5726,208.28467,2
32.84202,49.644966,151.50209,100.4658,2
111.50169,18.507,152.48474,222.39345,2
67.49794,9.0484085,152.13106,202.43411,2
167.95142,97.302574,153.51471,222.12738,2
76.6793,91.67261,151.68488,202.7754,2
130.79713,12.2244,151.76628,195.94666,2
14.86206,127.414635,151.50073,120.52538,5
107.208405,135.21025,153.31133,140.52454,5
135.49008,127.27356,153.17976,180.63467,2
62.805782,100.58215,151.85574,156.64194,2
155.0471,59.430016,150.89526,36.444843,2
21.878567,21.872526,151.7308,61.632538,5
44.03402,76.14975,153.04282,89.15913,5
137.51726,62.627296,150.63437,196.43832,2
72.67966,61.443024,151.87881,186.50427,2
106.57044,96.82806,151.77303,219.06389,2
26.067616,74.00946,151.12885,118.25038,2
15.437076,138.70187,151.17789,203.40207,2
190.83041,82.233315,152.67722,170.59674,2
160.60693,91.326775,154.30858,103.4088,5
103.943726,100.385864,151.66284,192.76259,2
3.6247041,94.02934,150.12276,191.58432,2
7.6357923,23.67344,150.87866,112.50528,2
186.63754,81.22462,152.58473,188.61426,2
109.00327,1.9233253,152.20703,227.39395,2
17.827963,134.46477,151.06078,176.31702,2
86.53668,110.53488,151.46945,175.21465,2
14.182934,48.404896,152.372,94.28028,5
82.27023,133.53755,151.6217,203.07576,2
71.06988,143.64534,151.10243,187.55418,2
165.76239,147.84119,156.17708,77.61445,5
107.169365,121.833725,152.37784,94.59406,2
44.68453,57.460136,151.53377,189.4385,2
167.85114,44.334023,152.17888,94.66373,2
4.3505473,46.48083,151.31674,109.48378,5
17.540598,92.96265,151.06783,105.27374,5
6.9799056,123.48069,152.55856,81.86904,5
31.636358,17.392752,149.67355,187.84477,2
176.87486,124.8744,154.43597,93.60563,2
79.08776,36.156006,151.75163,184.24948,2
189.92247,79.39224,152.45024,157.94038,2
94.00384,51.06859,150.85495,171.21838,2
134.93408,7.1387033,152.93033,128.09554,5
176.52606,41.92809,152.5204,94.44407,2
198.28442,12.632012,154.19107,64.74982,5
41.78359,121.88728,151.13269,52.913742,2
194.70247,79.999214,152.59251,91.43889,2
9.20013,121.13128,152.24234,65.55565,5
55.278973,53.227543,151.51941,86.84274,2
28.000086,30.675983,152.50237,38.163723,5
1.1451854,68.79846,150.37924,178.22029,2
24.847004,38.244682,151.33315,74.14047,2
59.33171,47.322002,150.8746,160.96475,2
48.162827,118.61831,151.51746,45.513912,5
94.80667,29.891066,152.94806,200.00131,2
54.77214,24.165424,150.7897,158.71617,2
53.265995,28.605604,150.21793,101.25867,2
90.557144,143.05511,152.08836,168.53596,2
47.53727,118.62497,151.44456,134.41658,2
133.34932,74.48274,152.18427,70.93021,2
84.05134,29.43623,152.66269,197.2788,2
121.61406,44.639137,151.97586,163.16125,2
187.8994,27.105003,153.34885,107.741425,5
12.236496,94.34502,151.13724,46.53198,5
130.60286,60.05565,150.62338,176.7711,2
108.944916,60.784073,150.77063,191.06888,2
23.701897,19.121637,149.60915,176.0509,2
174.81581,106.500496,153.70209,125.69846,2
124.49768,70.61677,151.5662,159.7066,2
130.5892,30.357096,152.96773,55.598198,5
4.834456,138.88887,151.46808,193.68098,2
84.723595,18.418072,152.64162,156.48137,2
161.18875,92.111755,153.55194,182.59744,2
111.6769,120.21855,153.33351,39.669735,5
100.28353,29.973011,153.24977,38.533985,5
99.65031,52.890358,150.79822,215.42033,2
30.573153,35.294666,150.98174,93.450966,2
12.21149,12.852009,149.4019,141.99998,2
151.69995,68.49107,151.21165,28.144617,2
106.2679,129.76852,153.93947,72.29801,5
143.87929,129.46146,154.92252,149.08145,5
102.67505,91.22148,152.86795,88.91726,5
175.20065,126.54344,154.40994,200.72012,2
38.420055,146.21698,150.5478,213.98514,2
198.84418,111.1581,154.86028,123.6987,5
1.749014,47.11143,150.82944,182.39394,2
22.001528,5.0728545,150.19038,211.85757,2
175.02106,54.28138,151.87654,201.27425,2
15.632725,119.90368,150.79991,158.23645,2
114.67926,21.747078,154.26427,90.3918,5
197.87503,94.57643,153.63522,84.63667,5
132.96855,145.38136,152.96587,177.83847,2
61.51669,148.5803,150.61794,175.61691,2
188.66948,88.53222,153.51239,93.93825,5
94.25233,27.50989,154.69073,106.984924,5
19.879293,22.73356,150.46014,66.079994,2
119.0308,91.70073,152.4214,160.49615,2
180.25824,66.27632,150.92761,159.30933,2
119.915474,139.14781,154.04495,81.55929,5
26.576342,128.8615,151.0242,109.8498,2
49.984726,133.87819,150.73512,170.85045,2
156.19002,47.738266,151.72899,115.771484,2
45.621227,125.10671,151.05092,215.5865,2
101.207115,86.93399,151.6351,152.73093,2
140.30492,111.113396,154.3331,112.63191,5
91.13501,120.29718,152.9253,122.18793,5
133.83966,121.21716,154.30762,111.75812,5
135.81761,88.40241,153.18324,170.66994,2
184.3325,63.75297,151.08463,181.58586,2
80.94872,102.62614,151.49136,216.57298,2
58.338127,19.060331,153.13696,140.76003,5
180.11876,75.833626,153.70186,85.73276,5
96.97073,131.6432,152.24133,117.123474,2
132.64949,86.81765,153.07411,182.19778,2
7.3120856,45.81343,151.01074,216.84547,2
139.84651,25.476501,151.41727,179.12958,2
118.30521,101.7559,152.51974,83.257195,2
31.263817,31.676933,150.60986,150.74179,2
170.45036,25.926594,151.94743,110.23149,2
16.215412,71.69371,150.74077,164.75716,2
30.788448,17.051111,149.65865,156.79399,2
68.01077,51.5449,151.10814,147.98589,2
39.132153,119.31063,151.10066,187.73628,2
23.682108,72.09414,151.0695,199.70921,2
125.27267,141.93697,154.54774,107.48035,5
57.94833,53.10747,151.51797,237.0761,2
105.39736,29.858168,152.83295,188.59163,2
29.40067,78.30343,151.25557,182.15544,2
40.64176,71.79383,151.743,107.2521,2
184.49527,148.41188,156.15746,111.06623,5
36.33717,148.4793,151.00392,146.3602,5
181.91675,116.88633,154.35217,68.90293,2
146.3706,125.373276,153.5826,172.63217,2
28.29915,128.43446,150.9032,44.160328,2
92.39444,26.865803,152.91544,182.70073,2
167.57675,113.08548,154.06308,84.23605,2
120.5289,72.88637,153.62682,105.46746,5
64.43787,32.63804,150.67673,172.88857,2
107.1125,47.259872,151.82736,168.81436,2
48.815025,124.350624,151.85268,83.435905,5
187.78673,105.92596,155.13417,78.194725,5
20.2185,146.10617,151.23645,69.472084,2
157.02277,40.681927,151.613,169.29202,2
148.8476,101.68979,153.80388,143.21805,2
112.57457,2.334376,152.09233,163.71767,2
14.518281,50.47146,151.15993,85.6286,2
83.82209,130.4501,152.17793,127.05807,5
78.48225,12.271457,153.49219,65.00893,5
169.4771,92.69823,153.64897,89.34051,2
59.03841,136.47249,150.75839,151.98012,2
30.57011,31.171204,150.5701,160.80438,2
3.984894,44.22197,150.93045,206.52231,2
145.0156,0.45333806,153.1337,89.33972,5
153.51181,40.863266,151.58717,162.52748,2
144.34662,17.310995,151.31627,200.98695,2
6.971837,51.60914,152.66138,125.29261,5
146.56464,0.98601264,151.5489,166.72366,2
108.85428,16.621914,152.85915,64.46186,2
24.049826,94.01487,152.28436,119.11211,5
157.5763,72.48959,153.30814,92.11002,5
56.985447,103.05601,151.79054,192.99918,2
3.7827914,38.74165,150.98703,198.3183,2
86.821045,28.76745,152.85313,101.61944,2
8.739308,68.41614,150.59978,168.1501,2
168.56377,126.460815,154.26842,187.51154,2
92.195915,51.110813,150.81819,219.68002,2
7.3654943,101.964455,150.25883,173.94287,2
64.02857,22.132187,153.08711,119.99615,5
21.084263,24.314728,151.70236,126.19281,5
74.8734,140.96815,151.26266,159.08507,2
57.226437,134.34767,150.89238,66.92414,2
190.92873,104.18758,153.51573,167.62889,2
106.406784,40.083366,153.98032,143.17268,5
100.84133,148.962,152.63269,65.49277,2
47.799347,65.17483,151.68349,100.1463,2
156.93922,81.8668,153.0765,212.7781,2
61.47735,71.54668,152.01526,182.00995,2
121.41091,113.141846,152.63808,86.257256,2
163.49886,122.214294,154.13158,63.02221,2
46.426044,72.75378,151.77077,178.1218,2
32.147785,78.38279,152.64732,80.24306,5
100.085976,49.704693,151.38162,60.32661,2
125.14053,0.47497892,151.8867,177.8542,2
112.05411,124.83915,152.3744,46.20846,2
80.14702,79.06894,151.81133,140.75966,2
5.494022,39.096954,151.06096,177.2195,2
151.71306,13.855576,151.35054,61.12426,2
28.888195,102.286446,152.09528,132.10782,5
121.16915,6.9382553,151.9754,176.40263,2
45.79991,50.15411,151.36206,165.33205,2
59.624752,122.615234,151.2752,83.56667,2
149.51115,81.62577,153.19244,161.5623,2
16.842999,96.91195,152.35242,94.90175,5
26.719267,149.0403,150.9884,183.22789,2
188.08263,74.79983,151.9038,193.20236,2
36.221687,145.49063,150.58194,182.73235,2
14.160094,5.9442286,149.20439,192.73463,2
44.609745,149.82077,150.56519,111.80581,2
196.49615,76.58265,152.73798,53.31677,5
55.19307,55.917896,151.64684,167.54126,2
38.649178,37.011726,150.61081,170.51448,2
41.89416,42.83528,152.84396,120.06335,5
155.58728,12.864166,151.36058,168.14255,2
18.02082,148.87961,151.47131,85.18451,2
106.31122,2.1434484,152.18796,92.30423,2
145.5691,54.971832,151.17348,220.08638,2
112.74763,19.257265,153.45451,67.28678,5
94.651115,101.73566,151.43733,170.87444,2
33.954582,57.0317,151.4237,164.60811,2
197.76796,69.579666,151.37119,175.93242,2
162.5915,66.475006,150.93729,179.80173,2
186.05864,8.5993,151.88586,41.0855,2
98.897316,63.517952,152.99428,76.02119,5
67.853455,139.56166,151.33832,48.280937,5
192.95961,85.28802,152.89772,207.13559,2
72.19747,72.094246,151.9948,186.20917,2
174.7927,21.570595,151.94005,189.73875,2
108.22404,131.80284,152.78874,136.52785,2
68.806915,104.015656,151.75659,137.94496,2
148.3948,20.861975,151.25513,170.3327,2
153.71811,1.7411432,151.55157,229.62163,2
160.05956,124.58563,154.29726,92.54656,5
182.08435,144.9157,156.91231,86.02681,5
169.9277,120.670494,155.91357,42.422462,5
148.2469,30.165672,152.2622,116.81764,5
172.5839,122.95248,154.60487,82.33948,5
120.74809,49.918648,151.54897,67.29332,2
150.37585,1.8383249,151.5493,174.97986,2
50.45191,73.63659,151.90558,191.08873,2
162.10112,128.50775,154.16121,73.1838,2
30.285465,37.749756,151.14648,184.48889,2
176.49066,55.48372,151.73877,160.09755,2
186.80685,95.11534,153.2731,93.6188,2
173.69759,23.200165,151.94594,64.574684,2
84.31738,66.723816,153.69684,78.944496,5
197.99167,70.6236,151.45451,166.06465,2
90.364456,10.256126,153.5252,97.487526,5
7.897852,100.494316,150.86444,86.330215,5
164.47769,103.75957,154.02304,90.07764,5
129.15656,89.54812,153.11372,49.675323,2
115.14804,105.28601,152.22981,174.21745,2
160.63545,130.64883,154.08806,218.00813,2
191.48448,118.822174,154.32971,169.06212,2
9.639643,147.2082,152.45206,126.71436,5
46.91701,89.60542,151.99016,89.181,2
5.867349,116.55932,150.66269,102.26831,2
184.52194,49.147156,153.74582,80.3971,5
69.629295,7.6636558,152.20714,181.76546,2
126.04312,79.108185,152.44592,152.22653,2
123.0187,39.306217,153.14745,96.99709,5
134.60487,146.4015,153.05365,177.28984,2
33.24742,57.261215,151.31422,194.73927,2
194.843,76.41176,152.91553,83.11697,5
194.19548,2.750037,151.83331,189.65128,2
137.39124,95.08394,153.41403,87.715515,2
54.66538,133.45975,150.72296,208.67578,2
106.30965,98.15526,151.7491,135.80173,2
93.74808,70.77666,151.95367,94.81537,2
85.69081,149.90881,151.96677,159.21214,2
16.527489,24.075136,150.74174,180.54668,2
80.96121,129.66309,151.57085,202.2018,2
182.60333,142.0635,156.7758,122.09,5
174.59088,105.4097,153.63248,180.93423,2
181.08931,66.48149,150.9896,163.1893,2
67.323654,54.11782,151.46527,217.41309,2
29.295523,58.340454,152.11237,72.13056,5
103.79409,59.246685,150.77121,153.01387,2
40.154427,30.80726,149.66034,176.49892,2
24.31254,87.27924,150.9056,171.07814,2
57.456944,124.88556,151.15796,85.04753,2
87.88018,136.98328,151.88445,189.88068,2
97.84447,98.963,151.50539,163.54489,2
131.93849,8.303906,151.68684,159.3835,2
74.18083,55.366196,151.39282,199.9725,2
80.23824,126.61102,153.2445,98.37561,5
112.78612,147.09221,152.79993,209.24005,2
121.48066,91.89653,152.68185,54.68804,2
117.90339,70.95825,151.71272,100.76754,2
66.19725,138.95619,150.94041,206.7703,2
80.71306,116.70378,151.4998,142.87975,2
138.37556,118.48818,153.88249,103.16134,5
8.91271,148.56349,151.55148,219.61864,2
103.4409,119.162544,152.03226,138.04872,2
11.929188,50.567947,151.06142,209.04613,2
151.78207,51.19506,152.351,84.03954,5
155.84535,148.9642,153.87682,190.71313,2
4.095982,74.54834,150.27284,210.97807,2
185.96597,147.74994,157.38364,75.693825,5
10.64918,64.10129,152.07835,80.108406,5
106.324104,85.08829,151.84251,184.36957,2
72.2935,148.4795,151.13365,174.54234,2
192.92754,59.6015,151.60963,104.69438,2
164.73752,34.481995,151.73697,174.72627,2
94.64306,20.418728,152.80887,78.27429,2
40.054165,6.3271775,152.5333,98.15828,5
59.93283,29.072365,150.70247,105.24155,2
105.39425,53.367405,150.94016,156.40681,2
191.60588,108.68836,153.7528,185.45775,2
78.64739,44.57261,150.69223,199.64368,2
192.89485,81.66467,154.46613,97.07012,5
137.08168,65.97827,151.37729,95.116394,5
9.47603,40.559574,151.19746,160.59761,2
111.91033,102.0504,152.0218,166.29875,2
34.735115,98.06098,151.39424,70.2144,2
59.460262,136.10527,152.12756,77.58098,5
11.496865,9.103016,149.00479,160.40027,2
115.87871,56.518696,150.71036,217.36845,2
146.13914,24.01972,151.70117,121.30939,5
177.82338,44.501503,152.39566,181.49776,2
196.30136,48.989567,152.7274,168.47751,2
46.861046,56.551178,151.5675,87.50536,2
2.6683795,71.60735,150.44113,47.1968,2
20.445309,137.97086,151.11096,165.37099,2
45.23214,95.31464,151.76402,172.36978,2
69.279076,48.062283,151.18074,129.12668,5
83.29001,74.06922,151.95921,90.43546,2
17.893177,19.931007,150.1663,129.05348,2
188.53828,24.919641,154.08154,107.18077,5
140.99997,54.34481,152.39584,129.6361,5
110.21602,9.754301,152.37982,166.94188,2
126.489494,30.518095,151.9814,197.33073,2
168.88771,67.05033,152.44731,76.64137,5
24.135778,76.922676,150.97617,194.15358,2
168.41394,4.537473,151.95958,146.45732,5
110.28619,11.025586,152.36795,134.06648,2
30.69443,9.602182,150.55363,168.62021,2
7.155778,122.15818,150.88907,110.72875,2
145.05946,18.616833,153.00848,65.97025,5
154.50826,82.19691,154.36417,133.3467,5
150.52654,117.57562,155.4135,104.09258,5
92.23114,137.1224,151.99765,65.21741,2
96.372314,96.1775,151.50713,191.60487,2
183.35973,147.30795,155.44963,157.58176,2
100.48933,23.893583,153.14046,87.66487,5
38.494446,48.952374,151.28604,155.8002,2
65.46966,142.11807,152.35033,105.62942,5
81.72682,85.27026,152.4174,83.026955,5
57.68101,100.2065,151.94905,214.54625,2
73.79582,95.7985,151.74858,186.63962,2
146.60104,120.254005,154.73615,140.36917,5
3.543386,129.499,151.07103,172.95064,2
109.65989,38.09361,152.61841,80.87357,2
72.95735,10.85823,152.32285,86.33303,2
151.68398,101.9769,153.80533,173.7958,2
152.41537,79.37754,152.9082,179.54224,2
163.61032,146.19019,154.30524,202.34256,2
184.62071,124.24693,155.33012,60.98026,5
152.26134,25.455282,151.7619,115.05579,5
53.80659,52.304325,152.31918,67.025154,5
53.376587,95.18888,151.961,161.52055,2
55.91066,103.98302,151.86736,113.59473,2
64.255035,17.844147,151.98256,102.225365,2
168.69931,138.48103,154.43846,167.1693,2
177.54005,109.66823,154.13464,67.998055,5
91.41719,58.961723,151.1821,94.59413,2
80.03505,55.573555,151.53447,91.59861,2
64.49662,0.5905042,153.8395,128.67485,5
51.53999,28.654865,149.88054,196.92784,2
125.46865,135.33081,152.90767,166.55429,2
110.399216,29.253767,152.8849,97.861115,2
67.3814,140.13913,150.95978,153.94669,2
70.343636,58.381313,151.74968,185.49123,2
139.3978,99.72834,153.5179,160.32886,2
7.457698,82.65172,150.67474,54.948074,5
176.42285,27.696527,152.18732,188.84213,2
28.662127,71.224625,151.30385,55.32101,2
23.271694,25.344463,151.28616,95.07314,5
136.75189,138.33614,154.46283,78.2807,5
24.63209,34.477818,151.67899,97.62636,5
155.18306,70.81102,151.53401,102.80019,2
193.0054,98.6722,153.36375,166.6335,2
50.933548,99.901245,153.7057,117.30027,5
75.87176,45.292557,151.56982,100.51977,5
80.3267,31.926548,152.32634,77.32109,2
10.726781,42.24308,152.28008,88.60358,5
167.9129,26.193247,151.74637,164.33089,2
49.099583,91.05897,151.95023,138.596,2
114.620636,64.600746,150.9506,167.91916,2
138.8662,17.005527,151.55508,111.18831,2
17.842043,5.975666,149.86069,89.54301,2
145.5172,85.34626,154.26457,84.8213,5
82.89183,50.066372,150.68452,64.307686,2
77.34641,99.47585,153.12953,40.61995,5
46.44488,28.076698,149.56288,181.34274,2
159.11768,56.206028,151.41968,65.42047,2
160.32675,45.579483,151.80457,189.45811,2
33.934425,136.75986,150.80316,105.4319,2
14.338921,11.95957,149.23143,162.68196,2
32.048,93.4749,152.73886,100.26772,5
52.09277,25.83416,150.38634,73.37706,2
25.59395,20.668343,149.69516,74.542595,2
92.74228,22.674744,153.12585,65.77792,2
124.88069,102.139595,152.80293,192.51057,2
185.68742,121.347046,154.33652,187.62218,2
117.70276,6.049112,152.69107,100.35645,5
128.25536,25.700548,151.78903,161.39784,2
26.362288,91.448555,151.7013,95.423225,5
5.1077566,24.78236,152.6195,88.53808,5
61.162098,36.646534,149.94815,140.36656,2
77.072975,149.57259,151.43105,95.82413,2
66.47604,63.240177,152.97124,68.28619,5
88.21581,86.53244,151.62798,106.36956,2
194.94345,80.470474,152.64076,64.42546,2
191.17847,44.15372,152.77751,159.6484,2
69.04162,140.56184,151.05441,156.10986,2
16.061823,25.372316,150.92621,173.67091,2
184.57835,77.50809,152.24966,75.5808,2
45.294712,44.553017,151.05692,74.8876,2
193.60225,105.140594,154.29608,123.10891,5
41.07127,11.142938,151.24303,187.0108,2
6.590966,70.161644,150.53264,209.01865,2
164.936,71.24476,151.44604,150.58081,2
69.271965,59.990032,151.8735,184.1523,2
116.88452,138.77887,154.54247,65.65779,5
32.472626,72.328865,151.32318,215.69893,2
17.842512,49.462673,151.21669,143.17007,2
34.975998,121.1848,152.16277,63.09425,5
119.62543,52.347485,152.0371,60.23766,5
185.74768,60.40529,152.79355,132.4321,5
91.24164,148.3163,152.91585,90.580795,5
131.99316,101.87015,153.54523,81.82895,5
143.28764,149.71704,153.54839,63.520943,5
182.13281,4.6203265,151.98169,120.1025,5
182.03123,141.83115,155.26457,183.35054,2
85.93884,4.9928317,152.52086,100.26706,2
30.486229,72.56059,151.32753,146.7567,2
87.77619,88.56771,151.60619,218.20506,2
189.73415,95.965294,153.25105,197.35718,2
10.266193,68.38293,150.67606,196.75346,2
119.32684,38.8084,152.24423,169.62448,2
147.41803,21.440807,152.68742,88.48448,5
59.696987,22.539299,151.42947,201.76024,2
116.56659,85.1127,152.26524,163.79669,2
49.19152,95.49849,151.9042,81.00053,2
65.80835,73.146454,151.99356,158.10286,2
100.790726,106.59986,151.88597,108.64206,2
153.43518,130.09079,155.04716,117.848076,5
142.41692,69.90097,151.39378,191.90509,2
80.41041,146.13184,151.63675,101.788536,2
65.85816,146.9714,150.81699,179.11148,2
73.40985,82.29748,151.90236,178.35016,2
8.341733,135.61441,153.05026,37.92474,5
193.37727,123.88974,154.57912,203.05031,2
164.85663,122.424614,154.10437,183.42033,2
167.20541,103.06191,153.65572,220.86063,2
37.446125,3.518442,152.97012,126.105255,5
190.57678,115.80406,154.15742,107.892654,2
188.48781,45.825092,154.61533,78.67134,5
154.3259,26.698574,151.38141,176.8304,2
35.3552,45.63557,153.06638,135.90573,5
156.90237,132.38133,153.86813,205.51111,2
188.30354,3.4301486,153.12952,106.82341,5
121.833626,101.231415,152.58975,92.74855,2
167.42587,80.733894,152.8866,75.501465,2
161.73518,26.22928,151.50267,182.01784,2
117.40808,57.97764,150.5592,173.58136,2
175.62482,52.180077,152.06625,178.94197,2
77.19267,0.046660155,152.71017,127.687836,5
124.910866,101.49662,152.76706,204.95383,2
179.79076,147.41158,155.2751,201.28568,2
59.75443,26.790272,150.92133,175.78757,2
155.89551,5.7422915,151.4083,183.62988,2
115.76421,124.59392,152.5429,180.54587,2
65.51558,29.577051,151.22621,154.21661,2
41.460037,111.55135,151.32884,150.70607,2
62.36493,19.120562,151.81297,216.8737,2
163.35338,69.61003,151.22853,147.0793,2
17.491396,46.893345,151.25587,81.68596,2
25.884777,88.50317,151.43109,38.96615,5
95.918884,44.055683,151.97401,212.63576,2
144.50342,105.71457,155.4739,108.06563,5
128.91626,4.7495027,152.05798,31.914938,2
43.915813,110.69835,151.43289,162.01434,2
59.77285,147.85219,150.52089,177.0494,2
16.243736,22.323929,150.54782,192.14078,2
162.54762,130.88046,154.22005,134.29135,2
22.70328,56.554943,151.2181,189.56535,2
187.16847,121.252914,154.35905,199.59096,2
141.78891,4.0452566,151.6225,192.74167,2
160.19907,94.71259,153.76733,141.74538,2
181.24135,144.47557,156.7039,26.938707,5
99.79102,100.988144,151.53564,176.52528,2
23.631842,56.409863,151.23882,92.09283,2
83.51414,28.267778,153.6263,113.7248,5
43.47474,48.553215,152.89949,82.295135,5
96.34307,123.78504,151.92137,171.1955,2
178.02353,130.71843,154.68288,166.71457,2
80.59154,6.925169,152.39925,185.69061,2
193.02682,27.848505,154.45404,67.18432,5
89.3358,28.110374,154.26027,129.18213,5
196.24196,117.70958,154.32031,166.43044,2
22.04664,62.9311,151.39711,74.11266,5
191.04433,144.62427,157.42838,80.69629,5
48.14681,85.40946,152.81429,89.37582,5
113.78083,46.70299,152.12753,90.407364,2
176.55334,147.08682,155.74065,106.43322,5
2.5730846,147.46725,151.5978,167.35013,2
175.05646,121.85692,154.25237,181.09686,2
51.96421,45.090187,151.49039,82.94804,5
82.6727,8.232458,152.49396,200.48892,2
193.74767,45.540333,152.83374,166.53542,2
191.056,39.885063,154.58151,86.78138,5
168.56068,8.028506,151.53214,76.89659,2
50.071224,52.03814,151.44302,166.637,2
175.22542,28.735044,152.15228,181.7012,2
139.63742,76.185165,152.4211,166.76714,2
2.0664291,71.05425,150.36415,115.29431,2
2.5855448,138.8857,151.42557,187.72456,2
62.215168,98.752235,151.96219,101.687294,2
179.37079,90.54448,153.10718,180.6814,2
176.03679,73.38527,151.67595,183.87866,2
194.84688,91.15151,153.17213,199.1587,2
27.66095,79.57947,151.42549,147.9751,5
33.096676,94.3768,152.07289,82.215126,5
161.93704,48.880093,151.81198,179.36426,2
131.72539,133.53468,153.08554,187.28851,2
35.52087,62.682774,151.43184,169.43428,2
82.09646,72.855316,153.62576,87.01203,5
152.38284,124.767395,153.78772,175.73048,2
131.98734,23.979237,152.12613,100.79844,5
51.32661,29.088146,149.7907,128.6634,2
20.722227,35.985596,151.24728,192.06624,2
104.34536,3.1819746,152.26501,128.30542,2
97.53378,105.60736,151.53677,188.94016,2
59.91941,53.932995,151.5634,192.85771,2
48.67654,101.28162,151.81795,176.31633,2
158.36882,76.77335,152.56465,107.86382,2
45.910732,85.71264,152.12616,123.939575,2
5.5733333,54.829803,152.62463,114.01604,5
82.49504,144.63786,151.69519,163.02322,2
160.58665,68.98117,151.4987,86.86458,5
83.112564,113.83851,151.60902,110.00738,2
158.10922,102.5451,153.85698,167.116,2
25.568336,124.6421,151.28719,67.665,5
137.38916,59.069084,150.72014,92.967316,2
51.990673,77.787,152.04039,87.919586,2
104.89929,55.767097,150.93802,121.31147,2
94.04038,27.958248,154.5742,119.73661,5
22.15159,30.283741,150.99672,154.33913,2
73.41541,116.599396,151.56325,70.73504,2
80.32372,94.71034,151.76291,95.72815,2
198.37743,107.75504,153.84953,207.22511,2
153.67554,137.31749,153.82875,92.91312,2
2.3391776,58.916683,150.70464,93.17826,2
177.64973,7.9974704,151.7188,151.9288,2
192.49373,143.86234,155.73866,101.47881,2
47.92676,143.32729,150.48077,88.32055,2
44.4084,130.21983,150.76906,149.17152,2
20.352554,106.49517,150.66423,177.44537,2
36.32132,90.14832,152.2569,82.29794,5
76.636986,50.862602,150.79227,190.01869,2
107.5195,28.590517,152.82245,152.27097,2
5.7383194,22.32748,151.64561,71.30652,5
10.19621,3.6219578,148.95784,186.10368,2
148.47606,99.10605,153.74475,191.05765,2
137.04803,125.57444,153.29059,173.17567,2
99.49179,54.648373,150.74974,180.51015,2
58.93706,34.148285,151.25246,68.284256,5
103.90449,24.553307,152.81766,157.512,2
84.86501,123.21647,152.57852,67.950836,5
32.861122,47.096786,151.29427,82.79817,2
94.601,21.446123,152.93256,166.47375,2
60.828598,100.099106,153.37834,77.821304,5
10.199332,145.99779,151.5074,76.46158,2
123.46558,149.01953,152.983,206.64473,2
93.19339,7.180446,152.53345,149.59337,2
47.157516,2.1268752,151.77332,198.81458,2
108.50899,17.766947,152.9078,75.53547,5
98.523285,54.962265,150.76656,172.54358,2
18.159267,24.56733,152.41449,40.164764,5
182.02568,139.32312,155.919,109.84675,5
110.316696,49.457947,152.12613,113.14682,5
153.81339,4.4508133,152.01591,116.461105,5
61.81523,78.99578,153.60632,92.704414,5
152.66736,45.082497,151.6872,197.99185,2
113.42604,41.564537,152.38666,173.20561,2
66.74013,118.35433,151.3736,148.27554,2
54.37753,57.078514,151.66617,199.72394,2
84.87177,46.567703,151.3492,112.03323,5
45.663876,79.33973,151.88507,165.6487,2
36.082123,87.2585,152.59274,78.0571,5
146.17754,118.832924,153.74146,186.70114,2
3.9811895,22.396196,151.56398,62.154915,5
161.4756,13.108263,151.44357,172.36829,2
88.60385,140.9231,151.98088,203.27277,2
22.268438,29.321068,150.9423,127.10573,2
83.655464,7.632051,152.45381,195.26022,2
73.01416,119.57432,151.45024,103.75709,2
118.93667,91.602905,152.61034,140.64758,2
87.55774,132.73308,151.84312,158.42146,2
110.4587,88.95605,151.92363,177.71603,2
19.687004,3.3050873,151.30264,103.2301,5
167.65436,25.590317,152.09631,80.81266,5
143.7271,69.56803,151.30463,182.7012,2
184.40508,147.02284,155.43869,164.27882,2
95.68017,138.2148,152.19595,184.22798,2
23.49737,37.79036,151.56134,107.25595,5
164.93057,69.57883,151.20523,199.52481,2
149.89641,25.503122,151.28252,184.88255,2
28.680668,83.50333,151.18117,187.18156,2
186.76886,145.99759,155.5341,78.69978,2
125.839584,3.2555141,152.96283,127.997246,5
39.936703,49.96831,151.34236,170.05225,2
47.418358,104.81548,151.62494,193.49353,2
153.4383,145.7042,153.8547,69.03492,2
51.705696,138.14693,151.41783,81.98999,5
76.936905,74.45832,151.93604,174.09984,2
101.33026,130.32974,152.21758,216.5042,2
64.706245,70.75737,151.96608,190.63388,2
65.337105,80.17216,151.98692,163.4589,2
138.22849,87.67854,153.3372,136.65903,2
86.64855,26.190527,152.80551,158.46962,2
67.22854,25.78076,151.70486,161.72505,2
173.5391,100.79283,153.57074,194.85422,2
73.57213,31.209194,151.85478,159.50786,2
198.66907,86.99008,153.6941,39.227665,5
191.56815,19.939034,152.48694,99.918076,2
18.67739,50.034515,151.22067,177.30415,2
83.46462,88.492874,151.61919,164.75703,2
42.75789,24.828573,151.42197,79.41166,5
39.756557,57.624622,151.45143,175.89195,2
56.666023,104.508575,151.7642,48.935307,2
127.574104,116.82293,153.07732,82.13914,2
17.84521,42.71259,153.10132,103.322365,5
125.97904,124.21727,153.96242,77.79551,5
75.12735,90.14812,151.78654,157.82448,2
25.448101,73.492905,151.72717,74.67,5
119.38085,123.9365,154.2443,88.37218,5
199.51523,103.59193,153.99867,92.86026,5
78.31522,136.93484,151.46396,187.60326,2
183.3611,99.8615,153.37587,174.15678,2
106.431366,51.667564,151.12622,165.4891,2
11.045626,85.19815,150.40685,181.82944,2
73.4421,33.69322,151.58525,175.57928,2
69.23749,75.94183,152.01598,168.46379,2
187.57715,36.435535,154.15111,89.647385,5
124.50748,122.571335,152.79172,194.45438,2
53.76193,146.68489,150.50739,79.69228,2
72.297066,22.33211,152.93776,107.30338,5
91.31118,115.08851,152.97751,93.16593,5
21.492708,48.48996,151.24939,189.89262,2
61.558403,15.50212,153.54404,53.209076,5
163.09789,52.69374,151.8081,74.090324,2
2.413839,118.41389,151.3633,98.847885,5
27.82082,47.945206,151.57167,99.0322,5
32.89318,125.89944,150.89577,203.56123,2
162.68143,81.04595,152.91757,155.72467,2
28.01325,117.78132,152.82188,97.274185,5
183.15334,2.4963078,151.73915,109.59625,2
185.29947,107.19586,153.62346,191.69191,2
87.536285,44.33693,151.42618,89.83155,2
152.01695,93.87152,155.3398,83.21688,5
53.10422,2.2425153,151.86084,153.94888,2
39.4483,52.742146,151.36533,158.62358,2
35.774906,138.29189,151.96248,130.61713,5
22.162493,141.20032,151.1241,179.37686,2
92.7656,80.09844,151.70462,201.74063,2
48.671474,49.61103,151.31882,165.25485,2
19.760754,114.75296,150.75327,182.58046,2
75.433685,133.26573,151.36705,186.34662,2
177.8613,75.03761,152.41139,90.61673,5
84.54028,95.678795,151.53622,142.66144,2
110.45983,54.10772,151.60077,128.20172,5
190.34192,108.26488,153.6829,177.31946,2
145.90701,46.349438,152.33052,94.02532,5
15.08844,4.7015567,149.37517,155.69125,2
13.453607,122.11475,150.94466,67.17423,2
80.968414,97.03225,151.56108,165.52373,2
101.31321,45.94734,153.443,85.064316,5
140.61908,126.056496,153.40611,172.84142,2
22.844118,44.692608,151.21597,194.90288,2
69.329,3.6494906,152.24348,159.80524,2
82.79292,104.7897,151.4757,171.36176,2
197.70767,99.143524,153.45604,200.4488,2
187.12976,72.58968,151.54178,135.92744,2
37.392815,131.28723,150.82535,178.76971,2
118.67315,94.66304,152.40176,207.76283,2
9.570822,101.24165,150.30391,164.07854,2
165.55725,109.40279,154.58524,87.71984,5
66.48417,92.920265,151.88412,167.82893,2
27.586618,27.244473,150.31036,166.22748,2
47.14763,149.74925,150.52097,71.02139,2
77.28085,27.659725,154.16306,52.604584,5
14.0692215,61.443752,151.33044,110.93555,5
38.892853,107.34474,151.3999,89.53326,2
110.77181,118.33623,153.01512,108.29026,5
74.49781,108.17212,151.58739,178.82736,2
95.82873,118.57858,151.77255,203.73305,2
37.196777,149.51666,150.55942,88.61655,2
188.97177,15.938303,152.20898,177.0011,2
47.736996,140.76788,150.71649,81.39494,2
3.1832607,8.853531,149.24832,183.63042,2
148.56819,88.22845,154.60832,101.64761,5
143.55635,72.537796,151.88777,178.96237,2
136.21638,1.3532435,152.52864,92.56995,5
80.01417,88.07671,153.14749,127.61711,5
3.1039138,87.16543,150.18858,155.17612,2
72.72619,101.60758,151.70763,82.545876,2
104.72067,25.019388,152.87296,183.55728,2
4.1688433,17.23593,150.39952,64.90752,2
192.96121,34.451794,153.36752,58.459377,5
154.27094,70.76742,151.45055,197.6183,2
7.5512185,113.73507,150.63402,158.98764,2
26.8903,45.694347,153.13307,90.98012,5
197.3812,56.445164,152.21278,124.520294,2
19.147928,134.29295,151.05074,185.1659,2
157.51414,131.65787,153.92336,174.13184,2
162.0095,123.017265,154.33826,16.33514,5
124.78881,30.645855,153.89902,97.47807,5
163.91388,69.31674,151.18292,166.13263,2
137.02658,56.972374,150.82904,189.10173,2
35.938652,28.068733,149.66386,174.08978,2
151.69962,74.92124,152.2904,213.3678,2
111.059364,38.923416,152.5733,158.23639,2
80.22628,101.70342,151.51988,187.46555,2
142.6569,24.044651,151.97716,55.10822,5
159.81247,118.53277,154.4023,57.904335,5
61.348095,94.150444,153.1399,113.75896,5
3.6051624,144.06375,151.59506,173.54036,2
6.6029053,38.69199,151.1149,161.86172,2
37.99723,31.00907,151.42424,67.59433,5
164.7127,89.49883,153.3226,156.30894,2
45.022625,117.632484,152.95897,72.06376,5
168.3361,42.70731,152.06905,202.80182,2
32.0994,109.605446,151.15993,166.76086,2
199.63576,118.70627,154.43816,161.06834,2
72.65088,71.82606,152.13986,88.499374,2
189.85289,127.250114,155.77272,92.79015,5
55.0038,100.86274,151.89545,176.4288,2
150.66368,123.73703,155.55153,82.16763,5
122.78215,92.59613,152.63249,127.82213,2
99.34756,3.7254353,154.14992,53.91589,5
61.049763,141.67679,150.707,187.58455,2
83.7206,143.62823,151.89452,68.996765,2
163.34195,1.5155324,151.94241,109.01986,5
167.24367,0.4222005,151.43475,163.57455,2
16.754992,57.121796,151.03967,177.71803,2
125.20534,118.78731,152.96729,95.25628,2
37.375572,96.43755,151.49384,184.44342,2
178.51721,0.38300183,152.90887,141.43889,5
19.100399,114.84231,150.73413,147.40428,2
174.63768,148.41833,155.04773,174.66882,2
7.4442973,42.95245,152.69249,73.39827,5
192.52739,50.96608,152.96173,76.41899,5
94.95829,76.28961,151.7613,187.15585,2
28.723808,43.675888,151.28412,200.66524,2
106.01619,36.04272,153.42943,75.253525,5
153.59438,126.90915,155.41455,72.2786,5
83.44409,25.420877,152.68445,171.9605,2
135.92128,77.56578,152.56802,181.76547,2
164.06664,85.5711,153.44756,63.276516,2
37.07061,127.78598,150.91278,167.32741,2
155.22966,147.63667,155.61923,99.105484,5
75.06783,37.120956,151.32196,152.09451,2
120.91846,89.55797,152.47911,183.2474,2
119.98046,56.792896,150.75008,189.08298,2
104.42381,3.860765,152.34912,179.43343,2
118.07677,1.8073938,152.08083,206.34404,2
193.39268,28.747215,152.7994,55.61266,2
124.29128,44.966625,151.91162,143.19948,2
78.91198,56.218185,151.37973,174.25298,2
64.08798,21.752796,151.72656,173.53004,2
190.08928,100.460365,153.8752,83.932625,5
8.553617,48.44089,152.40692,84.29268,5
55.45668,128.64082,150.97429,83.00697,2
195.73772,117.30611,154.26262,214.13203,2
31.66897,24.413607,150.97995,75.011986,5
184.36497,21.357832,152.27458,163.11183,2
143.965,127.958275,153.4418,87.41947,2
89.37242,135.61006,151.90547,184.87613,2
195.93027,64.538414,151.51016,92.13069,5
27.301098,120.73211,150.97487,217.37068,2
115.45584,33.938988,154.03328,126.92473,5
174.54857,122.01943,154.23912,159.4074,2
23.545046,107.27836,150.87036,185.49797,2
103.4072,93.305756,152.86957,126.55786,5
159.18451,23.78093,151.4467,203.76385,2
53.678177,96.79055,153.68323,103.34128,5
189.49728,78.45084,152.35568,182.95511,2
170.14175,108.87981,153.7958,178.71167,2
124.78016,86.68011,152.76825,122.656166,2
57.958538,30.410263,150.25192,156.21545,2
178.62624,93.45236,153.19615,186.58917,2
151.14914,124.97816,153.76581,180.21709,2
162.5012,60.43995,150.90672,167.86856,2
162.25627,81.3123,154.14476,88.172966,5
100.81087,94.45677,151.59784,184.42342,2
194.08203,25.330378,152.61464,170.42462,2
146.40471,68.05147,151.08617,161.14847,2
82.07861,63.138756,152.47887,95.36157,5
113.67259,18.755878,154.32933,120.33081,5
7.824847,121.01943,150.77188,181.74652,2
174.04279,138.58247,154.74829,162.47069,2
107.48296,120.5587,153.7212,108.42949,5
109.28946,81.158875,151.92776,204.33873,2
57.24226,112.44892,152.0035,84.39765,5
112.62572,137.92126,153.15082,99.58675,5
184.58961,128.44928,154.68137,169.0486,2
35.419304,80.94536,151.83762,69.33555,5
12.00116,105.76396,152.33977,117.98268,5
104.8985,3.551622,153.99196,111.66679,5
115.05232,131.17664,152.67903,72.900764,2
11.876613,26.218521,151.07901,179.29239,2
115.56924,35.355225,152.4263,175.339,2
94.12255,132.09967,152.00815,161.85275,2
32.24272,103.85216,151.42876,47.159523,2
37.475105,117.20975,151.1432,169.60548,2
97.20905,1.0087005,153.83737,83.14953,5
122.35133,62.205067,150.65137,168.81375,2
90.88843,129.00497,152.31621,78.39462,5
174.88628,120.88097,155.76384,102.64122,5
178.90541,145.05188,156.6018,79.89934,5
69.86588,118.63923,151.74396,117.2275,5
126.93581,45.656822,151.85707,176.19008,2
130.38214,142.02179,152.98279,185.16196,2
9.474502,14.205623,149.75047,145.71564,2
58.019623,39.886303,151.73486,49.074257,5
101.647964,48.054447,152.18768,94.573006,5
59.623997,35.62581,149.98303,74.24125,2
184.00719,4.2773137,151.65868,168.90044,2
186.4592,136.92287,155.15393,82.37051,2
110.19669,24.151842,152.60147,170.11642,2
146.49504,97.09638,153.63539,154.27498,2
64.054924,143.10849,150.76505,190.13458,2
29.069103,78.69707,153.05965,73.208374,5
138.64417,68.321724,151.43939,118.5034,2
95.96606,48.69367,151.23036,141.48651,2
187.91403,68.564545,151.14925,78.98636,2
15.015544,99.311356,150.46538,180.6634,2
199.06178,45.92139,152.94984,156.78355,2
17.265228,20.75851,150.41673,129.27641,2
51.920578,96.87849,153.6157,111.774796,5
79.01615,51.649704,150.84215,163.2196,2
195.11607,119.90265,154.41382,165.7621,2
82.22518,95.531906,151.60143,66.60241,2
103.27211,28.080368,152.87224,130.97377,2
126.070145,69.46995,151.47508,156.77652,2
189.90176,44.68391,152.77971,220.77048,2
67.937675,118.94993,151.38005,93.42283,2
72.751945,6.5923467,153.95337,70.435165,5
189.27605,22.862541,152.42865,113.78622,2
23.155325,9.410454,149.7786,189.77267,2
163.7081,73.09821,153.13132,30.878162,5
67.992035,97.126755,151.84024,194.9412,2
49.16196,101.53035,151.80536,231.21695,2
61.596367,58.03603,151.75044,174.62653,2
113.254456,99.25899,153.06656,87.149445,5
127.32681,145.12997,152.9392,160.96144,2
13.336611,60.850616,152.78749,100.17028,5
127.97921,62.29305,150.66504,102.904076,2
43.47511,58.72214,151.56125,147.30731,2
128.32872,103.17902,153.00722,172.37573,2
88.19755,24.318604,153.8868,78.02876,5
62.90165,34.3258,151.2339,53.455246,5
181.25186,0.32934347,152.77423,92.91148,5
72.84079,113.830986,151.62103,99.02861,2
118.24659,95.5227,152.34988,104.038765,2
29.37315,78.07999,151.2263,195.98921,2
173.74234,2.5837984,151.6072,107.24704,2
115.853615,44.51993,152.10188,163.04634,2
116.09839,43.83856,152.16524,161.68451,2
103.99545,50.847466,151.22168,151.09659,2
163.11034,16.96175,151.46776,72.99693,2
89.63028,140.28482,152.0026,186.82053,2
69.85068,126.90185,151.28621,167.07605,2
95.74701,72.84015,153.63162,70.85636,5
182.71976,84.284966,152.87758,189.01357,2
113.56616,20.341368,152.51677,26.094135,2
53.89084,110.82478,151.59204,161.70172,2
68.007225,84.92691,151.97104,156.75282,2
91.38689,108.941,151.48747,185.38655,2
145.26216,35.627842,151.40736,165.409,2
76.02388,149.8591,151.35406,174.77226,2
175.9629,67.09001,152.22124,137.47923,5
168.50868,53.536297,151.72873,196.10757,2
104.4007,17.338655,152.77365,142.28868,2
158.89308,41.27902,151.76877,199.88603,2
168.43314,36.56377,153.72687,55.75125,5
57.4054,39.88564,151.68909,95.36589,5
48.869415,30.842026,151.18521,101.26545,5
195.12009,114.05286,154.64212,92.41151,5
35.57936,2.823644,151.36433,201.59576,2
42.189587,130.91989,150.79137,165.41809,2
58.08289,57.27142,151.74133,198.35399,2
174.39253,67.038475,150.90952,185.54129,2
55.49117,125.24344,151.04716,138.7599,2
198.75381,92.804436,153.29097,184.6748,2
25.061356,19.146502,149.52501,197.1162,2
88.43742,106.261375,151.4649,180.13362,2
181.31194,106.03199,153.6215,192.28464,2
83.38405,108.486046,151.47614,202.45282,2
163.68364,44.102905,151.8982,95.94648,2
22.993101,146.02129,151.09436,180.91032,2
79.26992,124.06594,151.5183,169.87648,2
129.6295,80.984116,152.7829,181.866,2
132.8779,140.54971,153.22876,81.92432,2
94.00236,140.0148,152.21417,162.67003,2
54.987617,89.498184,152.0249,179.463,2
45.64916,65.0796,151.72313,44.641575,2
32.848286,10.726157,150.65186,166.04817,2
120.20436,55.89807,150.77461,202.54182,2
192.9387,94.502556,153.15149,168.06525,2
77.31377,32.902905,152.23851,74.67114,2
125.029816,33.228344,152.98923,99.87862,5
70.45057,56.23834,151.58571,192.69698,2
148.1426,24.004526,151.25885,162.7169,2
181.32463,72.68367,151.48904,174.55627,2
36.550278,70.14479,151.50629,187.78401,2
13.05961,47.59102,151.22133,59.770016,2
103.18267,139.19662,153.53821,89.894394,5
171.63797,18.238585,151.75061,204.81044,2
40.01053,73.16947,152.85611,84.97236,5
169.70667,120.28752,155.26343,123.5101,5
127.708824,95.81979,153.14551,97.450836,2
145.83269,73.70266,152.09135,144.01308,2
97.77206,137.83331,152.44083,96.77694,2
101.07592,141.93839,152.48883,179.926,2
51.31998,98.887886,151.88602,202.75623,2
26.160435,121.99075,150.9051,175.2639,2
92.17324,83.86992,151.64374,167.81798,2
69.847534,26.585138,151.98412,94.81103,2
15.156245,77.02488,150.64268,92.38984,2
96.62454,55.147617,152.02435,73.774055,5
143.47978,42.71003,151.54549,167.97426,2
5.3638906,2.8576179,148.53738,217.13815,2
22.629833,26.129328,150.58525,176.14235,2
0.7732142,141.26274,152.48822,72.99756,5
114.703865,2.3320708,152.11035,180.58598,2
172.51358,49.818027,152.35121,77.44872,2
48.57854,78.80133,153.85593,82.94695,5
198.87077,79.0766,152.568,176.93861,2
110.40225,12.421142,152.48657,198.58527,2
58.35458,95.65769,151.97826,154.1844,2
183.4786,126.19582,154.5294,152.55531,2
163.891,44.403324,151.87917,102.64726,2
2.4114552,139.69771,151.67973,105.55275,2
166.355,47.942425,151.95119,186.53716,2
153.63133,99.32864,153.83127,202.42412,2
172.03368,16.93487,151.7747,155.81075,2
35.25124,76.5438,151.82529,128.84605,5
44.335724,41.127743,150.66376,179.81973,2
126.37112,99.32698,154.15614,70.2217,5
94.53867,26.633242,152.94336,182.30597,2
131.58914,46.344635,151.74185,151.65364,2
59.31603,24.200983,151.22185,166.79124,2
55.64087,131.34258,150.81674,182.77164,2
52.589233,113.39155,151.6064,98.726395,2
29.010721,128.55193,150.88995,252.52634,2
86.616844,131.35815,151.75726,86.08747,2
68.76129,4.719435,152.2373,89.55713,2
192.67564,82.645325,152.74728,173.77766,2
115.95675,70.108864,151.62114,184.36382,2
153.02005,106.24167,154.99026,132.46791,5
18.528263,28.422728,151.642,70.101555,5
179.54405,143.14278,155.14267,111.96492,2
81.683914,74.81535,151.87848,151.7929,2
14.096267,80.151375,150.48743,179.11185,2
165.52533,50.86318,151.85199,176.58719,2
144.917,75.285095,152.3227,200.3917,2
1.0050598,49.59404,150.78156,177.09456,2
76.92532,101.63663,151.59775,176.05042,2
172.87729,73.69023,151.78477,171.45876,2
89.36302,97.78547,151.51979,89.69258,2
136.63022,89.11411,153.28181,64.997826,2
81.73651,73.67557,151.88762,138.90605,2
169.44083,101.381454,153.64276,86.20482,2
43.326134,70.66696,152.05347,71.35814,5
46.10122,56.5338,151.51906,95.78167,2
128.22003,68.079544,151.22096,101.3019,2
65.36824,37.1862,150.18929,169.60204,2
163.62291,25.322327,152.33093,84.503,5
106.94191,55.408585,150.74585,187.5928,2
5.2557545,40.991844,151.04099,187.27011,2
175.09415,41.918438,152.36734,203.05344,2
117.03309,47.35893,151.86325,41.68591,2
172.13838,81.0532,153.23808,98.4213,5
111.72471,30.97559,152.64578,174.13777,2
20.819218,124.003105,150.89923,166.61728,2
64.5591,27.308262,152.64265,79.28457,5
125.30461,28.975523,152.01093,154.34917,2
10.754942,2.3847904,149.12164,36.318645,2
199.76953,5.9671874,152.5777,103.66925,5
23.172932,42.613323,153.13055,128.12495,5
164.35461,0.7530241,153.3089,62.20399,5
188.63057,106.63061,153.82515,83.12884,2
194.08215,127.510086,154.80563,192.37276,2
79.46878,80.07226,151.83055,133.27376,2
148.36041,137.78926,153.47882,163.73601,2
156.14375,91.51961,153.64108,156.90622,2
81.040764,120.375305,152.78125,96.79665,5
58.86724,116.03911,151.48322,107.21381,2
19.23955,42.44801,151.28761,167.4367,2
19.475449,27.259027,150.96443,191.58731,2
52.805706,11.01361,151.7882,165.93729,2
109.72281,0.04836201,152.7172,65.76381,5
174.98463,121.42897,154.76343,83.36261,5
50.471527,144.78899,150.42361,182.30247,2
196.26355,10.221873,152.11037,162.19011,2
47.771233,81.32229,153.06229,49.667664,5
34.33054,70.80836,151.4216,161.32834,2
102.1513,2.1461823,152.30121,77.453285,2
15.256512,121.45417,150.86104,171.42787,2
77.57218,89.42053,151.76862,191.99681,2
92.63565,75.94557,151.71799,165.65723,2
196.31055,54.93361,152.252,159.68486,2
129.559,124.6123,153.04271,133.84456,2
160.5475,6.357257,151.45323,155.82346,2
168.33247,125.91636,154.20142,162.51567,2
179.06505,87.27571,152.98619,168.2955,2
154.57085,91.8146,153.58646,146.42764,2
105.01896,12.167248,152.54002,195.63661,2
50.03421,5.348115,151.83875,84.1291,2
91.79215,128.26218,151.78403,217.17073,2
40.601505,64.04477,151.53195,192.97798,2
160.88716,100.80293,153.74037,179.53563,2
20.386902,101.201035,150.67068,126.73312,2
16.15697,121.88778,150.85199,144.24907,2
181.02977,77.24807,152.2085,66.13331,2
115.08207,47.053917,151.91512,166.96565,2
188.35336,136.87428,155.178,208.33194,2
168.17232,131.74268,154.37828,140.7164,2
140.33022,10.544906,151.77719,96.70292,2
6.6259494,122.13846,150.88737,174.90318,2
132.9524,2.2149951,151.76985,180.49187,2
174.66351,34.345573,152.9551,89.10901,5
50.519993,122.56808,151.18878,66.95706,2
15.977549,116.19852,150.70352,95.376465,2
127.16555,51.124317,151.44423,177.62843,2
114.824066,25.020826,152.50063,181.56624,2
116.64509,14.550785,152.2535,191.43436,2
46.252926,105.45121,151.6697,195.39502,2
129.92973,131.28967,153.00876,175.2853,2
194.29156,146.12068,155.6676,159.01259,2
15.707369,119.80521,151.03618,66.23843,2
128.40405,3.3630564,151.88193,180.81903,2
102.30663,55.519947,150.77898,171.75108,2
165.1248,26.71452,151.65797,202.31494,2
91.63087,91.417145,152.07468,67.68879,5
41.09672,148.15523,150.44647,163.4275,2
177.15683,96.81631,153.33058,165.59209,2
174.02992,116.77242,154.05832,166.78319,2
91.76145,0.57776105,152.3057,150.99858,2
4.0459747,77.34043,150.31396,82.1494,2
155.23982,141.16231,154.57451,90.46034,5
106.58905,75.11311,152.51466,97.4249,5
176.42259,12.186334,151.83122,142.59262,2
61.5,26.673172,151.15674,144.26506,2
105.7118,136.90677,152.55058,103.67594,2
74.88579,2.660357,152.28235,180.40793,2
49.885468,113.0137,151.56267,89.572235,2
35.09349,91.79985,151.45671,192.15703,2
35.814533,36.0526,150.70543,178.84119,2
30.224485,58.211178,151.29099,190.34831,2
10.50008,142.10318,151.40962,196.2866,2
113.78534,85.8236,152.15025,219.41826,2
35.413094,71.82524,151.5001,168.59369,2
58.77688,27.95699,150.71799,187.22427,2
128.0095,35.830097,152.09677,71.48892,2
170.59564,143.64778,154.79924,75.432106,2
165.26837,49.226353,152.95403,100.697655,5
124.569885,61.548557,150.8246,124.17517,2
144.6306,125.974815,153.53328,147.18047,2
117.12169,112.387695,153.17178,87.53909,5
12.353646,106.16737,151.78438,47.607952,5
106.65267,24.529415,154.549,53.50307,5
164.00072,71.48498,151.49037,111.5105,2
160.73067,11.991394,151.48106,153.2664,2
33.102497,18.216518,150.60092,36.971382,5
11.50251,124.68866,150.92928,73.51771,2
165.17384,73.99628,151.98167,104.24314,2
102.868965,84.84454,151.74005,193.41516,2
144.5786,71.23088,151.6487,165.47145,2
51.958733,87.57138,153.71144,54.869236,5
124.06695,146.00076,152.8767,139.83717,2
85.94921,133.3634,152.4888,66.857124,5
134.15253,146.96394,153.42348,82.244934,5
185.65457,49.621853,152.5353,171.57349,2
155.77962,22.847496,151.41028,119.29046,2
78.59764,120.84806,151.48009,193.17773,2
14.625798,41.981434,151.23808,194.78534,2
18.976236,6.3997307,149.68088,156.18095,2
51.781986,131.64087,150.844,83.64616,2
47.057465,123.16781,151.82838,103.12047,5
75.86406,102.076744,151.57079,179.47862,2
145.8665,47.903755,151.84354,75.42073,5
175.57231,38.902206,152.35011,187.46603,2
59.56104,106.07698,153.09561,86.05322,5
152.70413,54.65232,151.30815,174.12413,2
98.87704,87.02129,151.58885,194.04364,2
25.333164,82.557846,151.57294,105.77262,5
80.33233,14.18155,152.56274,96.70192,2
46.48537,76.82036,152.03241,68.06671,2
99.81016,149.37704,152.60875,61.173405,2
17.332558,99.71762,150.52939,183.87431,2
106.82478,23.288193,152.82327,87.21471,2
55.623737,124.998535,151.05269,177.80789,2
172.45631,117.263374,154.0749,188.54857,2
4.494601,79.95107,150.23422,144.41304,2
67.704445,73.41762,152.00075,189.99258,2
198.2614,73.39585,151.80219,205.4541,2
133.66801,125.408134,153.21355,180.81271,2
149.4953,102.85957,155.55414,83.67085,5
146.4345,50.173805,151.50674,215.05676,2
119.20925,26.086384,152.2377,44.445103,2
156.84297,122.91744,153.92705,197.21957,2
142.22604,31.731237,151.4272,111.871895,2
101.443855,131.96425,152.675,80.87899,5
88.527855,127.26975,151.74637,205.28142,2
140.31378,88.88493,153.50125,83.11126,2
180.6785,97.48263,153.34088,191.21237,2
177.06862,40.975746,152.37941,84.728165,2
55.842445,58.374058,152.368,103.56418,5
32.248413,70.47877,151.3713,169.37506,2
124.12695,72.481575,153.46146,126.369835,5
104.369,147.90125,152.69518,196.78607,2
141.44803,111.66132,153.6397,194.94008,2
104.02124,14.071864,152.67955,146.38293,2
161.34322,57.303288,151.1507,182.60039,2
76.880066,69.24612,152.00072,228.79515,2
23.32642,1.2133069,150.74211,177.33304,2
129.6963,81.51822,152.7546,177.22333,2
19.94194,85.910286,150.75365,201.50255,2
165.97684,141.63316,156.03548,128.08885,5
196.44742,103.977776,153.57013,81.39433,2
78.26333,70.96775,152.00656,109.63246,2
53.71626,105.40562,153.23103,125.298965,5
133.1195,134.45157,153.09914,164.6616,2
122.89307,23.378965,152.02869,146.29091,2
42.534943,0.8777944,153.5056,65.7301,5
143.07584,62.651196,150.68683,124.04895,2
135.77313,47.685642,151.58934,155.92586,2
175.9963,3.3438354,151.56761,154.23503,2
7.2342033,2.4497342,148.64282,204.16154,2
108.30141,69.01154,151.56087,170.52663,2
54.873806,82.58272,152.04964,168.26747,2
128.82887,49.62727,151.75421,69.20887,2
111.37338,30.909105,154.41183,83.704994,5
8.192678,120.4736,152.24525,64.5526,5
180.5722,0.12868053,152.28883,98.38898,5
146.2597,41.460064,151.58699,164.50676,2
36.37989,100.7089,151.42471,205.03442,2
137.9651,80.28005,152.93031,69.63908,2
84.54593,61.24197,151.62938,168.55011,2
24.16421,137.91725,150.92784,201.98297,2
64.48024,120.436356,151.3449,182.94235,2
183.77914,2.0303242,151.56993,197.66225,2
41.950954,125.620705,151.01729,91.21321,2
138.71878,122.98195,153.40302,192.96826,2
46.2811,24.06334,149.98409,184.96088,2
98.50735,145.06465,152.43532,183.45828,2
64.41352,120.14873,151.37517,185.69856,2
152.88866,26.09246,151.36848,182.21735,2
59.15632,128.68172,151.1896,107.64399,2
170.27437,80.36755,152.64255,208.58322,2
8.069504,29.52833,151.1089,169.7731,2
28.727211,121.002594,150.96092,165.74458,2
147.50682,21.654436,151.3771,199.11118,2
181.02534,88.375534,153.02791,175.45612,2
150.85944,92.750305,153.79645,87.03715,2
85.97157,21.435495,152.71095,163.76279,2
40.458385,121.909325,151.02774,166.24522,2
42.766327,25.336712,150.39182,110.54292,5
60.979385,72.77686,153.78178,101.751335,5
54.859997,34.00612,149.69255,182.44922,2
33.742752,78.99594,153.12033,67.007355,5
74.2049,79.07189,153.36795,51.86052,5
159.83173,87.212524,153.40091,144.98756,2
166.21036,19.982222,151.6701,63.522953,2
125.806335,6.7941027,153.60564,95.9031,5
96.54112,88.38756,152.13232,93.3679,5
6.0936856,140.24765,151.54288,135.56267,2
64.25615,105.63869,153.5712,72.61008,5
162.84435,27.43796,151.58292,181.09007,2
63.23808,59.117878,151.79698,207.59872,2
7.925317,86.564545,150.29137,48.20595,2
36.90127,100.232666,152.59485,105.58603,5
170.67157,67.33486,151.8955,73.55942,5
13.8028345,4.1376543,149.31277,190.14919,2
180.97179,98.74616,153.36159,184.14551,2
106.5932,123.88697,153.95374,50.69948,5
177.58151,74.83196,151.89835,175.67657,2
158.59225,27.363226,152.8615,81.81775,5
101.96532,50.314526,151.20052,177.68704,2
67.93723,144.84715,152.70312,81.694016,5
45.323982,45.7181,152.77167,149.2118,5
61.55763,44.277042,150.3771,131.59283,2
143.56792,70.33818,151.52477,156.81017,2
122.54334,5.5629487,151.94566,117.44495,2
82.519646,84.57383,151.72745,178.96004,2
126.09964,96.90189,152.85323,169.11665,2
6.390345,109.38822,151.179,43.994286,5
159.48228,63.750492,150.77322,163.90329,2
185.83252,3.156341,151.69301,178.96875,2
6.969724,129.50462,152.67372,99.81186,5
188.14879,70.21593,152.34825,77.10785,5
193.39304,33.356174,152.7971,173.44206,2
94.60409,21.150995,152.90413,212.69867,2
79.41404,102.05095,152.17114,53.60057,5
46.75447,24.330624,151.18118,89.65745,5
127.11246,56.312653,150.82346,87.77513,2
39.51469,148.12909,150.52374,190.96255,2
161.5348,23.0251,151.43692,195.09366,2
13.571645,45.850246,151.18016,222.73119,2
166.51,32.51011,151.8367,143.57211,2
161.52621,1.6685237,151.44833,203.58574,2
176.97888,21.62634,152.06633,170.53198,2
169.69258,73.07136,151.65573,148.06216,2
45.35437,67.66938,151.99036,72.05641,5
120.23562,74.92717,152.11713,205.38106,2
128.73485,106.91316,153.22545,62.59241,2
37.485104,99.39216,152.92525,75.668465,5
13.427082,44.50546,151.23163,162.06966,2
111.77816,123.86016,154.14305,39.17404,5
40.851936,136.06734,151.98787,76.76899,5
4.0486298,73.84602,150.33038,152.63625,2
97.23842,0.58324945,153.81474,156.44995,5
119.459206,87.19312,152.41278,189.38483,2
108.0767,56.461964,150.65857,170.59203,2
168.85522,47.06672,152.27443,74.24582,2
52.665546,23.156036,150.78304,70.92509,2
59.745502,125.87493,151.28607,77.65141,2
100.79423,48.018917,151.48761,202.90166,2
29.636383,48.05994,151.82712,80.28696,5
61.58986,146.4346,150.72957,118.615974,2
121.54303,122.76885,152.71094,211.98373,2
43.332752,128.51334,150.86095,41.40585,2
116.46605,40.787117,152.60423,80.064804,2
153.0686,55.942295,151.20924,110.876,2
143.80844,43.07019,151.55348,191.4141,2
142.55278,6.7984085,151.51562,161.55469,2
194.00192,133.8388,155.10527,75.937515,2
156.73651,40.451263,152.08037,65.81969,5
198.88467,103.585236,154.03642,126.674904,5
173.96516,138.43356,156.19754,100.991936,5
86.93536,26.903349,153.187,94.202354,5
120.24363,5.7412934,152.05005,176.74619,2
120.92454,3.419461,153.36426,53.190144,5
1.6635289,61.387127,151.41248,83.435234,5
2.1873257,75.58318,150.30109,207.17108,2
14.799693,35.10791,151.29134,209.69376,2
24.01059,69.01733,151.09787,166.44139,2
116.2833,56.41353,150.7045,66.2112,2
59.3105,0.3157219,152.07164,178.21565,2
170.38509,3.9310398,151.536,176.00356,2
197.05174,3.3925395,151.9223,158.21051,2
37.145687,4.916272,151.34145,164.88107,2
197.49135,77.322014,152.32861,166.2311,2
54.963036,44.80478,150.80003,63.901833,2
145.5402,20.481686,151.30037,165.21468,2
173.93486,7.410172,152.26001,92.23344,5
92.51963,20.542728,152.95992,140.09549,2
56.229965,133.5886,150.89987,108.99246,2
187.87968,24.827953,154.2452,104.514565,5
78.10341,118.232216,151.46779,197.0924,2
22.42143,31.012339,152.57362,114.099014,5
44.183064,95.017265,151.7679,209.25679,2
125.042725,104.90767,152.80038,153.85858,2
106.96008,93.1006,152.32579,135.64421,5
71.78783,129.1827,151.26105,167.64182,2
127.81579,147.46765,154.54921,115.5005,5
40.6891,72.6869,151.6636,188.55934,2
45.90072,72.679596,153.5093,81.84372,5
24.937336,15.642892,149.40054,193.255,2
68.49704,101.928474,151.75542,165.00082,2
189.38733,32.78917,152.68404,188.01248,2
180.07825,135.06235,154.85426,164.4417,2
126.92937,75.88982,152.21251,172.71788,2
137.72643,118.48138,153.36447,155.11702,2
57.75481,62.59268,151.84528,129.86421,2
159.96336,12.334808,151.35838,207.03285,2
82.52682,117.18957,152.35979,98.121414,5
99.0833,94.68794,151.88663,71.45596,5
145.94743,122.70811,153.8737,55.292133,5
0.91401607,48.983967,152.3531,87.21837,5
22.069458,97.41475,150.84258,166.09491,2
93.08986,73.65906,152.05818,93.010376,2
53.8052,130.683,151.04106,101.71272,2
61.178722,8.48476,151.99219,215.29889,2
121.86583,11.547256,152.01942,193.74629,2
45.821835,100.00024,153.40721,81.46229,5
126.96911,119.968575,153.40788,98.780045,5
91.015305,47.155666,151.14816,155.49805,2
171.16354,13.086104,151.68216,187.56738,2
45.01176,90.611244,153.56276,107.014565,5
95.18328,137.32372,152.18153,173.03894,2
177.04477,70.86126,151.34499,110.844055,2
5.3360767,133.67093,151.21393,184.11496,2
71.475555,85.61262,151.87141,180.72913,2
99.08392,0.054657303,152.24141,164.59174,2
35.233276,124.60613,151.2299,45.690212,5
173.23225,143.05692,154.76764,160.9458,2
98.724335,4.882403,152.37294,112.17709,2
20.409206,27.198135,150.8541,179.11713,2
47.69458,103.55462,152.02141,75.86523,5
121.36906,146.97191,152.89561,177.14484,2
32.64318,104.50711,151.20222,179.62022,2
121.68475,121.72137,152.73108,146.69348,2
82.48587,39.993,151.56364,199.1542,2
149.114,149.44958,153.50188,178.7408,2
52.942226,55.302704,152.38396,68.73725,5
120.22225,23.018385,152.40245,57.943703,2
178.33545,8.090634,151.77411,139.84892,2
144.76105,5.567489,151.4909,98.52981,2
75.53522,81.51988,151.868,214.48416,2
147.38739,16.32543,152.19098,87.92112,5
144.35794,4.966753,151.56702,162.16948,2
156.96031,47.090183,151.70567,46.66589,2
163.2847,46.900024,151.92728,118.73068,2
59.64568,78.802475,151.9934,182.14833,2
3.3623352,71.02709,150.39268,166.94237,2
182.38356,113.04409,153.95197,201.12762,2
26.720648,106.46157,150.97787,189.92589,2
163.81665,55.8151,151.4706,75.97017,2
81.65596,142.27676,151.63469,153.51445,2
18.563702,92.91139,151.0077,129.62865,5
75.44887,69.71617,151.9889,191.83461,2
96.28527,145.10541,153.82074,113.49416,5
184.20969,73.023224,153.1915,99.974754,5
83.91314,83.561264,151.6285,189.65309,2
75.30212,146.11017,151.30533,203.66502,2
95.78719,106.42077,152.13232,77.771904,5
74.5427,101.4359,151.60997,167.01927,2
155.6077,3.7059515,151.51178,194.386,2
182.82057,141.7902,155.20798,180.40613,2
33.70994,57.411865,151.3142,165.27438,2
99.63205,1.5269685,152.63872,115.41306,5
10.188818,10.047187,150.52834,55.457317,5
56.972504,96.59546,152.0007,144.58658,2
51.08748,27.17222,150.90674,106.97765,5
152.61238,27.918627,153.09267,44.155575,5
107.84023,116.208244,152.07666,137.20981,2
142.69942,148.71194,153.29445,178.32591,2
120.83609,140.35864,152.9429,70.61807,2
176.43164,105.31125,154.97214,112.69466,5
88.78899,24.658703,154.70331,79.7818,5
6.6856627,5.8300967,148.8848,123.51327,2
158.08284,79.44688,152.84583,183.07097,2
103.06763,109.1307,153.11847,60.81703,5
133.29047,9.21657,152.64629,118.31324,5
3.547618,50.61825,150.84608,186.79265,2
173.77129,136.93025,154.73781,56.284615,2
56.005283,2.096112,151.98422,198.05727,2
33.079075,83.882576,151.37962,147.18993,2
124.689964,48.912186,153.32304,108.27321,5
84.152954,99.041214,151.42896,140.29977,2
135.77254,148.1912,154.24548,85.028435,5
188.43176,108.67735,153.75513,137.7483,2
49.907402,131.34758,150.8089,158.63318,2
19.500816,87.02841,151.05531,107.48569,5
128.73505,77.60217,152.52345,103.52677,2
125.78687,122.63066,152.90767,168.9831,2
78.572044,65.742584,152.21008,61.75031,2
111.08518,3.2285714,152.12215,184.86389,2
33.630272,106.73651,151.2319,138.8981,2
83.91105,111.87785,151.52332,158.72748,2
22.759672,22.30096,150.03381,165.63618,2
170.73268,48.113853,152.80524,79.00013,5
73.839424,122.894646,151.7068,95.76687,5
18.129417,67.78022,151.04636,111.72359,2
187.84462,111.641266,155.66586,58.319973,5
191.61877,46.23305,153.80641,129.40213,5
44.622612,31.919792,149.72426,101.66113,2
93.83653,129.3312,153.2642,100.67799,5
144.95442,71.586075,151.81927,94.44392,2
116.6186,128.8485,152.58826,176.44493,2
74.83636,62.226856,151.91586,169.57285,2
72.66451,98.55073,151.70435,164.02443,2
85.90003,127.13757,152.83807,128.2245,5
82.650215,149.43272,151.76314,159.20969,2
90.21325,19.452848,153.53636,120.308586,5
36.490192,100.38712,151.4218,147.4422,2
135.49545,36.07778,151.65477,223.88066,2
107.60591,145.81291,152.76068,194.31075,2
68.22814,109.917046,151.6365,132.02264,2
107.07693,36.122078,153.34666,99.0705,5
172.45547,91.18198,153.31989,210.74886,2
38.346367,95.73035,151.61526,52.245483,2
63.998764,137.92413,151.31502,54.95842,5
168.13889,48.103714,152.79826,114.61706,5
192.42735,130.60425,154.98413,164.14915,2
62.004566,74.85559,152.17032,75.75621,2
95.94169,116.181496,151.70224,94.52319,2
49.261486,132.77873,152.56105,66.10071,5
23.483326,4.1956086,151.75731,86.24747,5
153.24959,96.10568,153.73029,175.84409,2
183.77237,101.71242,153.43903,76.74594,2
105.64622,2.911876,152.2519,197.55246,2
82.24276,146.15822,151.71129,101.36976,2
59.500305,1.7178553,152.10242,212.40364,2
194.62611,71.43822,151.55371,208.17206,2
191.08336,125.637,154.68257,97.96865,2
133.51927,148.76503,153.01651,182.18578,2
44.565197,30.44382,151.00262,101.7199,5
16.328554,142.87938,151.25717,179.06598,2
55.42736,13.421731,151.71155,152.289,2
157.85173,130.17392,153.92691,129.43825,2
51.613274,144.52715,150.45929,150.6677,2
113.7669,142.14536,154.00002,79.54098,5
131.75014,131.07312,153.06664,98.876144,2
93.110435,122.857574,152.0425,128.31323,5
0.49057123,12.065769,150.36513,70.992355,5
11.951337,69.26741,151.781,102.18309,5
51.43355,120.35231,152.62782,80.22832,5
127.43887,80.05165,152.58772,182.09193,2
182.09793,57.684853,151.62567,151.97043,2
50.808945,99.366615,151.84892,138.53296,2
73.19658,149.25383,151.17316,67.660675,2
77.32622,109.643234,151.80573,86.285995,5
123.9811,96.16776,152.6896,210.5657,2
152.80545,21.038523,151.76932,55.36925,5
189.68709,8.417347,151.99928,200.8401,2
130.90184,135.13893,152.95695,160.5125,2
99.88573,54.05122,150.77713,181.11798,2
73.49786,134.7033,151.22787,191.44112,2
23.782326,45.716953,152.98944,84.124245,5
79.06714,31.502474,152.26009,179.59341,2
78.59415,146.76907,151.46927,159.65282,2
135.2522,104.1774,153.3598,104.443504,2
155.56001,64.65777,150.77162,162.51031,2
132.99205,55.55466,151.22536,112.12911,5
106.20909,65.27122,151.24847,126.00219,2
92.57812,127.5317,151.87134,163.52505,2
32.82269,132.5156,150.86914,175.01454,2
76.0121,11.941346,152.41951,193.82053,2
159.55582,25.027586,153.08081,93.905365,5
2.762562,25.999826,150.97269,110.65993,2
18.309921,54.437057,152.58951,108.04438,5
13.37672,123.3506,152.07878,138.98804,5
5.2635117,43.856182,151.0629,89.66347,2
32.91595,135.22844,150.86237,188.85904,2
20.7698,35.14962,151.28412,219.6968,2
122.96738,55.210957,150.93361,175.9559,2
158.47063,96.92617,155.31195,84.360306,5
41.811783,10.694755,151.59398,46.721447,5
22.67173,149.45732,151.10204,178.00925,2
78.78798,137.28088,151.5124,222.59067,2
84.85347,128.74844,151.67183,211.362,2
160.61798,103.60487,153.81102,163.62599,2
141.46552,59.90657,151.08136,99.70517,5
156.79935,97.726006,153.74571,160.44919,2
194.2261,55.28474,153.10556,136.36018,5
160.96774,110.905136,153.91942,217.05798,2
92.357025,147.85547,152.23901,190.6011,2
174.65079,46.412975,152.81026,100.278656,5
48.030693,62.587482,151.68954,69.349,2
90.42448,78.54222,151.77742,163.44176,2
190.8684,139.60104,155.3472,172.19254,2
139.80972,71.59285,151.73866,154.43907,2
48.04919,95.142166,151.90303,189.35129,2
97.01891,74.39495,151.84013,190.86716,2
193.75046,3.2808406,151.84772,152.05234,2
0.92106843,95.62377,150.31389,81.27384,2
124.84447,36.038555,152.05035,186.10205,2
159.22743,29.596272,151.47556,174.36098,2
3.7156022,75.14448,150.3592,192.70297,2
133.82683,11.456707,151.73286,104.8042,2
55.62762,23.921022,151.16417,109.05015,2
31.42881,100.33755,152.05318,81.57972,5
146.76126,80.92012,152.97035,170.3048,2
130.60803,122.60191,153.16837,72.59822,2
47.779663,69.46647,153.31331,91.61912,5
126.9877,76.88096,152.49452,51.026863,2
23.969257,29.84651,150.90579,162.37895,2
44.351677,81.3886,153.12788,64.22418,5
160.70323,105.849335,153.80472,202.15604,2
195.80774,94.98619,153.28928,151.81096,2
33.015522,124.24481,150.94179,181.0027,2
8.217251,48.48953,152.64856,80.494934,5
154.17325,99.55694,155.55287,89.82724,5
37.06837,71.40231,151.71188,116.34084,2
72.95404,26.594687,152.22911,93.67453,2
27.922386,142.49852,150.87936,206.75064,2
126.86042,123.95543,152.9118,187.78346,2
51.97235,52.915516,151.59422,118.812515,2
59.26378,89.14985,152.05052,43.398087,2
77.76358,31.25207,152.15553,176.39876,2
35.408333,32.62196,150.33646,177.43942,2
95.63391,57.238525,151.75737,101.986046,5
54.445007,121.75501,151.18402,179.75856,2
152.37802,35.0732,151.51993,77.773384,2
46.53645,56.95413,152.01616,98.53305,5
152.03253,87.31638,153.39597,191.53738,2
63.651157,60.926468,153.52452,79.12625,5
41.142937,23.929865,149.63068,160.69463,2
179.91884,29.926355,152.28793,181.03279,2
74.29038,54.444733,151.31314,207.5145,2
0.22824702,60.936485,150.55933,191.11987,2
161.37589,33.876225,153.18419,61.755913,5
172.37933,134.45653,154.58495,65.58594,2
198.9456,133.54356,155.39818,88.22542,2
52.45539,127.66241,151.26865,106.73061,2
132.01013,74.67314,152.20833,212.35088,2
49.835724,125.96532,151.62024,82.622055,5
83.410614,99.37496,152.63376,76.02964,5
39.222366,51.213417,151.34436,170.49274,2
153.93561,23.575201,151.2659,206.41754,2
97.77056,50.440166,151.13118,116.352585,2
28.930187,78.74024,152.95529,145.16273,5
118.27706,75.595505,152.09892,176.28265,2
3.5871515,125.67835,151.19588,129.32753,2
121.52907,117.36548,154.05798,136.88687,5
141.74937,34.82408,151.43867,116.32074,2
4.399548,112.68809,150.53813,198.62036,2
174.86008,24.106743,152.02008,161.51808,2
142.87155,78.96311,154.46184,67.23418,5
56.942112,17.159203,151.61794,159.16048,2
10.800141,9.923476,150.83133,97.86724,5
112.97747,16.977507,152.37875,202.73926,2
108.63733,21.654818,154.45702,108.23495,5
69.0056,0.54866624,152.2258,177.83047,2
10.960073,101.0008,150.45615,185.79904,2
178.6915,103.333595,154.34343,92.60304,5
182.06929,79.722374,152.4305,164.60828,2
197.30066,97.56321,153.43887,143.597,2
183.29594,82.72776,152.8557,72.81583,2
103.8848,103.51841,151.96033,102.50142,5
12.267995,67.96905,150.69147,198.79416,2
165.6456,124.747536,154.15567,176.73502,2
197.69623,84.3665,152.97806,177.92633,2
170.58867,27.827816,153.75215,92.78243,5
178.14725,69.95104,152.80489,110.35254,5
88.51017,64.42831,151.7678,187.07066,2
70.696945,146.80914,151.03766,151.09721,2
151.35478,67.09209,152.35564,85.45682,5
109.28247,70.959595,151.70805,113.01393,2
118.19839,44.828568,152.14975,199.27022,2
156.59729,129.2133,153.9155,148.8604,2
93.00514,85.15036,151.61902,188.82605,2
33.10033,70.19021,151.38998,198.65009,2
128.89012,143.12677,152.98016,200.89822,2
26.707369,66.93077,151.1808,174.79295,2
83.44901,74.67355,151.80594,104.32095,2
25.402725,101.97086,151.3096,72.17342,5
37.79148,53.87059,151.36584,155.07239,2
150.28757,58.4039,151.60449,117.29484,5
62.58248,143.11433,150.73291,188.7111,2
40.16533,103.031784,151.53128,173.22694,2
160.88533,21.53439,151.43102,141.96297,2
0.021428067,23.52476,150.7104,156.336,2
105.05965,22.639988,152.787,185.34091,2
22.79231,38.016014,151.29535,180.2008,2
11.093673,140.69286,151.54079,129.23755,2
38.46155,44.25984,151.16612,205.50597,2
64.41733,108.02997,152.33597,105.083496,5
120.17779,114.488464,152.59386,179.69743,2
120.304634,45.600475,153.65111,114.54594,5
21.672998,95.97145,151.14807,99.794785,5
111.36288,47.498333,151.83533,211.77202,2
160.34288,106.31037,154.84483,60.030617,5
86.46603,21.6204,152.75172,175.30505,2
134.92116,38.454594,151.6482,168.77792,2
23.368563,45.359512,151.29506,194.92267,2
37.47929,128.28342,150.88832,175.33376,2
103.09898,50.02929,151.31155,152.64313,2
67.66431,129.21004,151.13449,174.75502,2
105.20829,83.48415,151.81924,184.935,2
81.49317,59.33401,151.5943,199.56093,2
10.344298,0.92020965,150.82616,63.78046,5
27.428501,12.8899975,149.83098,183.69016,2
93.17282,120.12542,152.39606,135.83868,5
122.74746,116.54747,152.71492,183.575,2
191.131,35.70164,152.90175,73.47055,2
128.17903,45.808548,151.85466,164.03212,2
149.78194,85.46767,153.41524,199.23831,2
162.79419,3.0583708,152.16881,40.664238,5
80.9021,70.975174,151.9801,190.10042,2
17.556122,34.54532,151.23354,166.75339,2
133.38702,29.173315,151.6031,171.38924,2
12.710594,50.15714,151.19014,67.36635,2
144.89192,98.43289,153.60498,76.942085,2
169.82947,98.66843,153.57724,198.91254,2
120.077126,10.769337,152.09479,192.7758,2
180.04344,122.348465,154.29253,87.24502,2
132.68742,30.021444,151.57457,171.41222,2
76.13198,44.326866,150.57329,151.45491,2
30.139988,65.92676,151.25934,183.05093,2
179.54573,77.28725,152.23364,181.13934,2
37.644997,29.737267,149.73097,179.5841,2
149.38045,74.713295,152.42902,86.03362,5
170.80061,128.75476,154.33748,171.27573,2
122.23274,101.247894,152.6063,164.20503,2
114.33195,94.76599,152.1449,189.72464,2
30.966463,25.499697,150.27525,94.456535,5
195.85364,29.821888,152.9142,59.900154,2
57.39684,24.885859,152.73341,57.51579,5
115.56174,109.52004,152.78242,94.45648,5
191.89554,59.027966,151.6376,189.66464,2
153.63803,101.11168,153.80746,163.86937,2
68.937805,28.062258,153.0794,101.02874,5
189.70648,46.626762,152.7355,200.97285,2
16.7865,124.946266,150.97885,71.09265,2
195.52945,89.88473,153.41771,134.3097,5
2.0480335,74.318924,150.30812,164.4567,2
193.54167,4.4339676,152.42075,91.23833,5
119.58318,125.61969,152.69574,63.577053,2
81.828064,5.488349,152.41563,153.86636,2
25.046068,146.46074,151.03696,175.39206,2
176.97473,29.989838,152.2258,158.40521,2
96.91307,117.98904,151.75952,188.5395,2
27.674637,47.515656,151.23802,157.73495,2
51.456375,125.27913,151.00706,183.14632,2
106.4459,67.32539,151.45168,185.70903,2
33.32136,32.86561,150.51083,174.61443,2
157.07993,64.688705,151.08267,123.25823,5
18.713278,1.4323642,150.18091,193.23389,2
61.140697,122.408966,151.25737,158.87775,2
51.309742,79.821075,152.00229,183.21733,2
134.922,77.6944,152.58504,168.6287,2
137.56535,52.16354,152.6238,99.46153,5
37.610832,51.15813,152.09622,106.42581,5
62.6865,111.03557,152.15062,79.16021,5
9.568194,124.43726,151.63156,64.65748,5
1.4679828,2.2129383,148.37685,156.69511,2
162.78314,10.808044,151.56859,111.850464,2
157.15672,106.9603,153.8745,97.85926,2
52.442814,64.21351,152.85912,83.50953,5
134.66011,97.50331,153.83714,45.290966,5
182.88123,53.01582,152.27776,86.985146,2
159.48122,102.44098,155.26534,67.33232,5
112.48741,2.5348978,152.1501,173.88185,2
143.97661,76.03597,152.45343,203.77489,2
184.30507,104.20377,153.5387,163.80981,2
113.59949,132.22379,152.6051,196.50717,2
18.998894,107.246254,150.66748,180.382,2
23.454288,95.78451,151.04488,76.73315,2
100.4779,133.40546,152.27628,181.00189,2
137.95683,25.42888,151.45337,191.85103,2
104.8815,86.992485,151.72853,161.18404,2
145.44499,146.31062,153.35356,190.12549,2
118.399284,76.44295,152.13774,177.80994,2
7.9804215,125.9688,151.47485,106.9741,5
52.78194,59.903267,151.67773,177.6354,2
120.292625,14.061104,152.10884,211.25533,2
52.99721,15.72948,153.29431,80.937775,5
72.60741,23.323507,152.3997,92.93814,2
68.8169,17.910154,152.44885,78.70907,5
130.4584,1.0691108,153.20192,83.719246,5
58.056633,134.29031,150.84242,212.10657,2
116.98944,61.599503,150.96428,55.863804,5
177.8704,120.34683,155.56082,76.04626,5
147.38474,3.7486436,151.52364,171.20995,2
101.81239,25.126566,154.31627,104.94442,5
176.69998,46.22183,153.42105,61.9452,5
154.59676,111.28643,153.82713,180.0775,2
179.12025,99.83007,155.13336,75.16128,5
92.977905,83.42826,151.67534,110.24982,2
90.085045,23.922031,152.85974,212.5394,2
162.10896,46.759693,151.86978,174.41316,2
87.504814,70.64668,151.92711,168.50514,2
115.42213,98.23393,152.14021,200.93285,2
2.7734683,55.322433,150.72972,203.17384,2
163.92381,69.636826,152.8993,93.19348,5
72.815735,18.841644,152.30579,191.60597,2
158.68945,93.384674,154.89444,91.38554,5
3.3031013,94.983055,150.16145,185.38074,2
23.586302,97.048836,152.2963,96.434944,5
19.08306,119.75022,150.79272,197.54274,2
3.9863226,49.73436,151.0698,85.000244,2
176.85562,0.14827172,151.55304,228.15456,2
190.7039,66.19403,151.96786,68.722855,5
31.049623,105.00849,151.73451,98.71167,5
119.06459,103.48345,152.94052,91.5541,5
81.754555,103.17692,151.50662,215.06729,2
98.23481,85.60239,151.97623,38.763542,2
172.39507,100.1219,153.55713,197.89027,2
191.20189,139.1494,155.39578,154.28836,2
168.91103,125.45999,154.27637,149.6294,2
101.19581,11.387508,152.59268,188.33862,2
133.05156,121.26323,154.25342,77.39414,5
157.17348,101.028,153.78197,93.81073,2
24.73064,104.236176,150.9253,197.17773,2
106.52912,27.964485,152.76035,155.19154,2
147.38686,52.26713,152.40195,76.0001,5
78.49321,73.38003,152.02605,163.98549,2
54.227684,77.16104,152.01297,164.60901,2
34.897625,50.042526,151.38597,135.11574,2
7.8332114,102.45141,150.32213,173.32732,2
155.5372,97.92478,153.72435,70.00131,2
17.829702,133.90836,151.0932,76.869316,2
108.089035,122.16918,152.18533,159.23152,2
92.015755,59.510155,151.19048,63.39788,2
73.71267,132.42055,151.28676,170.18826,2
58.24639,78.60965,153.85825,58.520905,5
47.893223,47.556416,151.23846,72.84516,2
124.76081,64.65837,150.79414,164.72281,2
185.2792,72.74893,151.48952,226.02429,2
95.65061,129.34415,152.08775,180.09634,2
192.41228,122.36081,154.50279,166.56822,2
56.40478,30.668905,151.81763,86.04111,5
115.44926,72.0617,152.33627,76.541695,5
135.8583,50.65564,151.42677,162.56488,2
92.71391,17.469107,152.78084,170.88962,2
169.68762,104.27785,153.69891,103.503654,2
12.740641,57.582603,150.95924,158.88808,2
60.546925,78.49737,152.06958,165.19804,2
142.05374,122.70848,153.48032,169.03996,2
141.91237,14.910592,151.70052,157.01195,5
57.47331,72.467964,153.49416,117.55073,5
190.80891,18.491776,152.28899,223.46532,2
193.57298,95.238365,153.2207,58.115715,2
97.2769,69.663414,151.78934,188.51904,2
121.7251,27.754538,153.80376,68.52852,5
114.454,114.66168,152.32425,189.33548,2
70.63299,128.65694,151.29568,104.913086,2
198.10114,12.993525,152.30913,182.64757,2
8.670231,74.75606,150.48987,74.28329,2
12.89649,129.08781,151.00076,191.90282,2
16.011816,21.18113,151.4213,79.852104,5
100.24143,96.31945,151.57759,163.86009,2
37.88263,46.705044,151.31248,176.84628,2
117.75169,8.583764,152.15245,160.81436,2
18.674314,149.6746,151.2787,129.69456,2
99.802536,130.96935,152.23845,199.07446,2
34.372555,57.01686,151.33578,190.48656,2
199.23972,20.32395,152.54875,151.26645,2
13.653596,28.736065,151.19228,53.903248,2
42.13932,41.876465,151.25882,76.85595,5
99.34807,92.10813,151.5879,157.97493,2
32.292267,48.87424,151.29536,189.31003,2
190.12428,101.861145,153.45903,198.67221,2
76.1241,124.97357,151.36874,154.64957,2
120.1776,21.454706,153.71516,95.276855,5
155.20747,37.94417,151.56468,185.72641,2
118.14099,46.06969,151.97401,172.91309,2
127.020584,126.98144,152.92471,155.43921,2
38.15006,90.763084,151.61066,149.45248,2
27.651423,53.86293,151.50612,64.14541,2
79.44425,19.084791,153.81168,116.60514,5
151.60733,25.691662,151.51518,76.261925,2
176.99493,125.22593,154.41885,188.69614,2
81.810616,122.393166,151.4873,94.71732,2
119.93907,6.6786056,152.06885,160.39963,2
107.97593,18.397558,152.61891,169.3626,2
172.96033,48.910084,152.19356,187.51234,2
127.28344,3.164048,151.88268,202.37587,2
164.15187,3.338194,151.47531,154.20074,2
27.590075,34.308304,151.06595,195.51859,2
45.411816,6.8487267,151.63832,133.52959,2
76.49096,69.29099,152.88791,118.04029,5
81.60553,74.13955,151.96686,135.26013,2
107.69266,124.34737,152.22629,209.04912,2
134.8622,132.40137,153.20168,204.86218,2
118.87308,75.47451,153.58855,62.53931,5
130.04265,30.447235,151.7824,219.82422,2
130.22285,33.585873,151.76907,181.57523,2
120.541176,47.125626,151.84164,86.80288,2
136.73158,51.159035,151.39809,196.58174,2
84.09338,71.69403,152.05165,99.781494,2
165.08133,73.52197,151.87686,205.72621,2
103.48398,27.315582,154.01791,31.341825,5
22.148651,19.932066,149.73799,114.44235,2
171.63737,75.710075,153.95486,115.25263,5
128.7039,52.29991,152.13498,106.6058,5
75.83786,74.67277,152.09361,17.566883,2
3.2831538,148.49345,151.71234,196.98892,2
88.219505,121.69049,151.63756,155.887,2
8.271206,138.05807,151.9289,120.15751,5
118.0229,19.06691,153.623,122.7847,5
35.09212,104.202255,151.31493,98.26304,2
190.35056,12.394612,153.51015,103.64121,5
57.7916,51.09642,151.80414,93.88108,5
46.328537,21.820686,152.11081,86.43398,5
189.10327,87.10234,153.58298,58.967823,5
67.85603,0.13311422,152.23071,170.6468,2
119.948616,135.40991,152.80148,197.83685,2
50.918964,72.751205,153.71674,107.49562,5
146.35474,138.1059,153.438,171.68219,2
135.38066,49.97618,151.48274,148.18996,2
126.8641,132.9183,152.92696,160.51215,2
29.291319,122.435196,150.95316,200.15613,2
193.99461,140.60245,155.4625,178.30042,2
113.31271,26.121225,152.54161,98.13618,2
88.724236,23.928143,153.29044,54.58202,5
101.67273,45.071457,151.98924,188.6761,2
183.426,132.75223,156.6585,93.14542,5
177.24326,129.99908,154.59879,178.93983,2
84.42592,134.83849,151.89641,117.89056,2
86.98582,139.34268,152.53395,96.38991,5
46.661427,127.12558,150.89525,188.49922,2
127.83303,77.03413,152.39911,66.310455,2
96.57563,111.11392,152.28702,82.92116,5
85.13045,46.628708,151.30003,107.65466,5
199.0857,66.29998,151.2115,195.93802,2
0.1786164,6.5768423,150.57114,76.30736,5
92.29918,74.13039,151.87985,81.27743,2
95.61474,144.35326,152.36946,173.88913,2
155.15936,97.649414,153.70605,212.41882,2
178.81062,148.61398,155.22983,162.4611,2
114.34148,93.452286,152.07622,180.64546,2
107.07455,98.07118,151.7801,83.12125,2
37.13762,124.91581,150.9289,182.86073,2
170.44476,82.12538,152.89436,142.10216,2
187.54756,129.2702,155.86241,52.405834,5
127.91651,3.4804847,151.90096,181.3697,2
74.17624,100.82072,151.7535,103.326,2
190.75314,79.07695,152.43803,185.7105,2
84.167046,52.192734,151.91692,90.79903,5
105.09689,61.33158,150.83026,184.99672,2
68.419876,93.45594,151.90785,164.87727,2
36.584194,46.28696,152.22919,91.78952,5
75.480194,73.68022,151.95998,181.47617,2
32.334354,54.957767,152.95273,120.92783,5
41.826565,145.2711,150.48248,188.05014,2
92.96489,50.300274,150.95412,65.06366,2
18.033747,123.99254,152.29843,60.943302,5
16.559467,125.393974,150.94235,56.263382,2
106.576256,79.072044,151.85301,143.26492,2
158.49852,26.910421,151.75325,106.12265,5
84.79983,3.1242802,153.02643,98.601105,5
169.0162,129.09679,154.3291,147.55727,2
124.789185,141.69621,152.85474,190.40257,2
2.7273507,122.16005,150.85086,190.39441,2
107.97896,95.46992,151.87791,190.95268,2
131.78491,67.7723,151.26816,113.84751,2
80.069084,24.434391,153.98015,72.58431,5
189.59047,1.0280387,153.13904,92.78389,5
39.048046,22.349329,149.68959,197.20395,2
173.87267,3.8031497,151.55661,216.36684,2
64.337685,76.11182,153.18828,118.86434,5
154.64067,4.8449717,151.41554,149.99263,2
98.807846,147.54326,154.15778,111.03859,5
141.73926,22.42394,152.09865,53.380283,5
161.22287,113.61421,154.04138,106.17567,2
76.20345,125.7336,151.4139,193.04247,2
76.86399,146.98506,151.75006,89.593506,5
148.2626,121.599976,153.74522,175.68228,2
149.79228,72.74222,153.64027,114.213524,5
78.768425,37.0939,152.92831,102.47726,5
132.06656,143.5225,152.97305,110.033516,2
171.5652,113.63634,153.96738,195.61781,2
53.419327,30.890028,151.52019,142.17136,5
168.43813,149.14882,154.61417,157.77257,2
187.03244,148.6039,155.88539,67.38773,2
38.094727,29.451273,149.74431,142.40137,2
55.35934,104.92272,152.10248,73.23335,5
18.033974,50.050728,151.13911,79.757,2
174.7078,28.981447,152.08917,70.835304,2
110.003784,58.760765,150.71022,150.38832,2
158.87001,127.93261,154.0189,161.19972,2
7.7555327,96.38474,150.26344,180.5126,2
193.30048,105.52371,153.62381,175.60252,2
127.31496,132.17961,152.94391,186.39403,2
157.6894,101.324844,153.83629,183.53975,2
86.76149,144.3506,151.98517,143.52657,2
132.80888,94.388794,153.95258,42.567616,5
76.85187,51.372692,150.838,216.20549,2
182.4176,67.00419,152.80078,70.80697,5
90.72554,107.15898,151.48294,87.4611,2
57.336193,46.808914,150.87909,185.6979,2
83.076515,77.34646,151.82301,173.55685,2
14.302166,69.483505,150.70479,200.91994,2
85.37674,129.24428,151.6701,144.3605,2
102.14419,50.824997,151.13396,143.5714,2
88.441475,101.17096,151.46823,203.73486,2
127.46764,72.00628,152.18867,69.4953,5
37.26939,108.9937,152.77892,83.55147,5
110.310036,124.41381,152.34955,194.73425,2
9.141543,22.20297,152.09932,113.3735,5
162.3078,147.76965,156.0974,103.38097,5
50.639606,17.339197,151.22343,198.64038,2
59.128708,93.473656,152.07213,160.3012,2
39.047813,126.181404,151.9967,95.23914,5
45.58053,87.319824,151.90811,182.63445,2
0.42940664,88.53579,150.48901,64.99508,2
3.9707906,44.537247,151.03207,101.61457,2
75.61085,109.04989,151.5731,171.76555,2
54.53218,75.959915,152.01833,171.16855,2
170.45128,8.972429,151.92802,70.53055,5
149.62508,99.69676,153.8058,208.34251,2
58.342575,24.472515,152.5512,121.576164,5
192.85208,146.97215,155.66801,174.50575,2
170.72148,144.12532,154.7031,223.24849,2
74.29794,116.35335,151.4675,118.14666,2
155.74939,134.5939,153.85736,153.01674,2
185.37697,71.74843,151.43399,209.78032,2
137.89511,117.97993,153.42395,171.06172,2
137.57477,40.570316,151.61887,180.74931,2
156.78719,1.0765954,151.47858,216.69394,2
112.385765,111.92549,152.19273,162.05591,2
39.21256,6.59307,151.43005,179.64935,2
129.97014,98.3928,153.07954,171.9257,2
199.57883,20.538296,152.57655,110.22485,2
193.30734,50.772823,152.62015,161.52882,2
136.33922,71.32322,151.7197,195.85063,2
153.30751,93.108284,153.60124,152.72232,2
0.7384334,149.35956,151.82071,83.74513,2
134.16315,15.891612,151.57492,200.52208,2
128.3567,48.068707,151.72525,201.98715,2
5.0445666,95.294785,150.21646,179.80373,2
90.87216,18.655277,152.79466,164.65768,2
114.97384,48.10813,151.75511,160.44806,2
26.077147,126.35825,152.16719,95.24522,5
160.08057,121.915146,154.02025,199.15967,2
184.25507,146.00769,155.44104,69.43117,2
64.436516,13.475843,151.97444,161.0648,2
79.308235,87.81736,151.73509,193.05246,2
173.50383,76.62197,152.09885,174.23393,2
82.076996,68.84734,152.11789,70.17869,2
188.36629,118.31058,154.20094,196.25133,2
23.137634,40.427937,151.8508,82.98052,2
143.124,128.67574,153.4294,81.42304,2
70.94506,7.59314,152.17369,181.52454,2
177.0569,135.20595,155.64056,79.13818,5
144.97386,82.328026,153.16156,191.85577,2
134.20009,123.687584,153.22916,205.88474,2
199.87589,97.16202,154.5963,79.55933,5
120.80009,129.24106,152.7987,179.80136,2
197.56038,98.27722,153.39146,111.64741,2
153.5717,5.2992167,151.39368,26.233593,2
130.82048,1.1223048,153.10646,99.68115,5
95.290504,109.18624,151.5378,177.98457,2
125.983986,72.88218,153.4933,81.05327,5
158.77739,118.52223,153.95267,189.0953,2
192.30817,0.121630065,151.66675,210.35654,2
148.64366,100.046844,155.24419,86.230415,5
96.102745,0.2961755,153.49432,87.15375,5
137.61086,87.59512,154.80276,110.58397,5
146.03906,50.282837,151.48001,231.08548,2
69.626625,117.03186,151.97046,123.42316,5
83.55619,132.86122,151.62389,181.20679,2
102.277374,18.965689,152.77936,186.40703,2
47.141262,50.21039,151.39488,201.68422,2
67.63322,139.69849,150.99358,162.48157,2
155.82388,2.45314,151.46133,99.712456,2
58.116684,49.435402,151.16333,173.99728,2
164.39165,130.28442,154.17773,210.08435,2
102.86306,88.098465,153.05241,49.303303,5
193.27383,51.19863,153.49355,62.108734,5
80.27794,59.12045,151.60898,203.77162,2
170.70653,39.764656,153.96768,84.04804,5
5.4033775,97.34509,150.23871,221.8031,2
122.381935,27.037033,152.12613,200.08328,2
106.31329,86.59335,151.77412,192.48175,2
47.90344,146.62016,150.41159,225.52844,2
20.258717,39.30435,151.34935,193.01877,2
72.62375,25.59955,152.29771,108.0252,2
35.75739,104.839806,151.4131,66.747574,2
199.01126,6.583447,152.01122,181.32466,2
153.15607,87.99796,153.47878,157.87212,2
115.05899,1.2190369,153.11693,118.591515,5
46.07325,59.586365,151.6119,189.18275,2
82.44455,46.701366,150.96585,107.12698,2
109.99392,40.61272,152.4719,194.03125,2
36.862,2.1268206,151.38167,185.71503,2
151.98318,75.36988,153.57199,111.38801,5
80.13408,125.56802,151.53476,52.32936,2
179.87567,78.59859,152.33429,235.67834,2
122.73983,19.757263,152.12094,121.36437,2
94.19721,93.438286,151.40494,195.37294,2
126.34734,123.52836,152.9228,164.6815,2
190.49861,141.60616,155.36394,192.5911,2
138.49615,16.61076,151.45815,165.35258,2
78.17271,103.77537,151.5508,181.83229,2
167.22847,31.466696,152.25546,105.17251,5
190.38976,127.82286,154.73282,190.28842,2
17.624722,92.028244,150.54404,53.84323,2
135.0888,72.131935,152.61871,110.82032,5
35.103497,73.59261,151.49026,157.25386,2
55.90806,76.58097,152.37512,91.52788,5
102.37395,80.19466,151.96025,74.253235,2
143.49733,7.3697267,152.33675,63.215546,5
103.64253,108.29665,152.7887,98.33453,5
45.91263,136.01056,150.654,167.85484,2
38.695877,124.59648,151.12146,49.30146,2
154.13568,16.288336,151.34178,170.48817,2
14.601161,98.32166,150.50618,33.258137,2
60.795105,74.73522,151.99149,201.54059,2
9.301907,90.87232,150.27919,154.68701,2
60.123642,52.711395,151.50934,111.719246,2
134.6559,25.978144,151.50645,120.25958,2
74.279816,75.70507,151.93019,140.01744,2
62.54747,119.12487,151.38258,102.89255,2
162.48611,105.4737,155.4735,69.22448,5
185.61806,149.55005,155.54765,200.2117,2
182.67587,91.288124,153.95857,92.029305,5
1.9529374,35.320206,150.98868,201.7802,2
167.73752,123.80925,155.90228,76.374245,5
106.287895,64.08975,152.55757,71.60241,5
35.16995,0.9429597,153.1466,112.46379,5
191.93329,128.63219,154.8059,198.88448,2
169.16788,34.13625,151.93118,192.36124,2
180.04677,147.75046,155.24663,183.37094,2
142.12354,27.40135,151.38864,170.27776,2
20.105736,101.235794,150.69801,186.31955,2
30.486485,2.9089925,151.14989,178.85794,2
189.51984,54.92019,153.9123,95.03979,5
188.82634,128.60786,154.80644,207.17491,2
15.574653,47.89522,151.20566,199.59923,2
185.43524,76.44831,152.06516,166.8753,2
126.66669,52.607826,151.58633,88.138504,5
180.19118,142.76662,155.24054,82.242096,2
70.21035,109.555244,151.85492,103.179184,2
155.48921,121.240715,153.8269,188.81049,2
157.03194,1.1974682,152.87807,97.83065,5
68.40277,143.46928,150.95393,92.46241,2
161.44862,28.630136,151.74318,120.952255,2
175.44281,74.58284,151.88911,94.73077,2
148.8846,54.71001,151.26375,198.69182,2
118.547745,113.46048,152.49771,172.11008,2
132.51784,58.343006,150.71725,208.27946,2
168.76802,46.18336,152.10411,158.51773,2
84.65185,129.10457,151.65923,213.34901,2
26.826546,33.685745,151.00327,171.80396,2
21.502745,136.24449,151.02748,166.61697,2
167.24606,71.235214,151.46385,35.287174,2
21.066566,120.920715,150.87703,169.14243,2
143.51541,96.61363,155.26929,88.48498,5
81.47484,115.36714,151.51782,182.92767,2
56.291656,44.584103,150.59354,163.9434,2
94.35849,4.239754,152.45287,196.33481,2
20.067406,91.97515,150.83453,83.30977,2
82.70785,79.12987,151.76431,162.38289,2
85.90435,123.0114,152.06561,107.59267,5
43.828926,108.75546,153.3443,86.20336,5
69.904686,144.19553,151.02739,161.62416,2
175.0589,11.3573475,151.73366,144.89244,2
76.25191,126.07655,151.42317,174.90355,2
3.010446,143.42989,151.5918,149.90248,2
93.31899,47.90048,151.23967,172.01294,2
28.392414,96.31111,151.09225,194.61938,2
45.534954,31.491442,149.50343,183.7967,2
135.88127,49.030674,151.59317,172.78902,2
72.95042,67.58293,152.00716,163.32283,2
62.90883,48.098385,151.52016,115.82015,5
147.99121,52.841213,151.40509,53.393337,2
162.38857,72.66478,151.70016,143.66658,2
80.023155,127.571144,151.82925,145.52823,5
42.97212,22.281507,149.95592,191.66066,2
108.77263,75.50437,151.90273,174.15329,2
136.08864,13.321376,152.37552,102.507256,5
185.88722,92.05407,153.1413,42.933846,2
163.12343,29.48313,151.55853,166.34343,2
183.38826,0.7135304,153.28937,67.42547,5
40.51821,93.8737,151.67923,194.53699,2
27.047094,127.55163,151.30025,69.0215,5
132.26633,26.987337,151.68587,179.88074,2
41.27207,102.79267,151.5691,190.39299,2
121.72068,74.469795,152.06898,183.44994,2
198.06392,22.30844,153.39644,88.1062,5
120.82113,121.411964,153.25063,82.70003,5
66.817566,1.3507551,152.97678,103.81194,5
159.99501,14.13823,151.40073,211.40753,2
161.55385,32.439743,151.71623,126.79477,2
34.0423,128.27977,150.89685,90.57288,2
91.78435,102.66675,151.44647,183.53139,2
77.0739,1.3079755,153.14903,120.18242,5
130.03322,69.09524,151.3239,200.34874,2
81.38401,99.8568,153.34398,107.20557,5
106.13602,58.369972,150.70494,193.78415,2
129.93332,138.70657,154.75243,106.804146,5
111.86672,1.1885331,152.08533,165.3883,2
104.27524,125.30463,152.14839,194.8434,2
7.0207458,97.16148,151.39996,98.08533,5
152.23051,41.35864,151.5497,191.82059,2
116.20276,88.52437,152.7297,57.41191,5
38.74296,10.635583,151.3115,101.63977,2
153.38988,148.72192,153.70462,137.18037,2
123.123024,118.15053,154.04982,57.43723,5
8.633854,45.125893,151.1205,185.61143,2
74.14028,102.27989,151.6661,157.7571,2
122.37452,142.5362,152.87196,179.20016,2
165.73222,67.40599,151.01573,219.62387,2
75.46421,94.99787,151.68654,184.97318,2
28.40246,32.803917,150.86755,167.38719,2
179.0369,123.92307,154.38266,134.89545,2
96.475685,75.635956,153.6437,103.68206,5
164.12456,23.69093,151.5936,169.31213,2
32.16179,2.2934465,151.22049,192.48064,2
182.94876,45.674072,152.5946,188.10263,2
44.12978,70.301094,152.60521,111.85251,5
49.93867,123.32485,151.05516,185.22356,2
155.60197,45.805717,153.45714,45.629143,5
182.95723,74.9555,152.19264,51.35661,5
189.4258,9.77748,152.01634,186.84258,2
106.64962,6.68587,154.10983,76.9645,5
56.94937,78.71963,151.9908,177.92108,2
51.751717,76.22771,153.27641,69.99742,5
136.8193,33.07098,151.46092,187.73004,2
148.44202,22.661102,151.25877,187.84613,2
158.48164,127.26897,153.94835,181.08032,2
113.97098,85.27433,153.08789,73.24023,5
83.68434,116.647064,151.64825,80.67419,2
160.69159,140.44804,154.07501,201.84502,2
83.97654,108.265495,152.4847,82.18773,5
13.470715,107.573006,150.55101,166.17223,2
131.82457,78.08787,153.21811,83.95134,5
65.032906,80.01918,152.03043,138.31567,2
150.60902,97.46271,154.07811,99.828094,5
19.187431,75.15067,151.72287,124.38429,5
59.9183,74.73542,152.09348,197.28027,2
3.3810053,106.32155,151.25008,114.274666,5
134.76717,96.548065,153.24301,184.79684,2
51.59768,52.771465,151.61894,86.75998,2
19.59268,139.8535,151.22437,108.52093,2
129.4547,33.493183,151.84872,171.39178,2
195.57658,71.54303,151.53407,208.4794,2
29.29039,55.25862,152.34525,87.75135,5
88.90758,20.422615,152.81381,77.8798,2
189.86601,124.362526,154.53476,185.87671,2
125.569885,75.45021,153.55634,110.13989,5
111.103584,44.891037,152.32486,86.70901,2
19.314882,112.589645,151.17343,74.714386,5
179.1257,63.793,150.9655,209.8761,2
121.50018,148.39096,153.64204,87.43597,5
90.993996,36.414845,152.61281,150.35968,2
59.826332,129.85765,150.9912,140.86781,2
140.80019,50.801636,151.64299,66.025795,2
125.82285,58.990322,150.6307,86.46166,2
137.314,95.36159,153.38977,200.40637,2
32.170113,106.705795,151.17798,196.0509,2
94.76788,49.553368,151.03975,185.19151,2
98.24324,89.028694,151.66551,104.3275,2
74.860176,4.166495,153.54926,48.36131,5
82.46926,103.72172,151.6361,74.367584,2
36.528236,98.13665,151.49506,61.02968,2
178.3416,97.3875,153.34912,228.83046,2
151.72198,72.8255,151.83499,218.45473,2
90.59967,11.5960245,152.70288,223.45435,2
121.272064,41.499928,152.15614,25.710333,2
124.69194,28.891039,152.05774,37.274357,2
101.53641,122.32785,152.07222,104.60315,2
129.40884,67.98518,151.13092,174.0846,2
171.73967,100.66969,153.5354,199.70876,2
137.96434,77.3584,152.64409,166.41432,2
116.3372,33.748722,152.47778,223.95935,2
89.92487,102.5556,151.3708,168.97195,2
134.49245,139.35434,153.94243,124.31749,5
82.63363,68.5283,151.94371,154.85373,2
131.83064,100.19469,154.43599,96.38702,5
130.04979,47.41117,151.69868,174.67351,2
144.2512,87.622055,153.46864,210.80267,2
109.00114,3.9674764,152.20886,189.41129,2
153.70863,118.34909,153.8422,154.72017,2
134.06448,45.799217,151.66354,155.2539,2
59.8547,148.44849,150.54478,149.64891,2
95.221924,142.61594,152.35864,176.502,2
83.11418,144.6548,151.71637,191.04544,2
137.15636,58.457,151.05687,99.41528,5
140.29358,60.821606,150.68117,182.23242,2
102.89023,82.49568,151.75871,162.58817,2
6.1714854,104.20803,150.34775,119.76667,2
115.077896,39.077206,152.90688,71.64266,5
82.60697,53.201393,150.87195,177.39868,2
104.21843,2.0629077,152.2691,93.73495,2
36.83858,149.8654,150.51505,208.53278,2
104.18399,0.87968063,152.23203,182.03061,2
66.81333,29.46915,151.37029,82.13087,2
54.303513,23.340956,150.87476,174.99417,2
136.4278,29.472216,151.5417,173.353,2
31.244873,0.4190915,152.7159,128.54544,5
190.2365,46.971725,152.68654,226.99113,2
161.22075,19.518528,151.43417,173.67737,2
29.119675,23.456354,149.65955,179.93892,2
196.42653,11.27959,152.27954,136.32559,2
32.42107,32.25576,150.70744,114.119484,2
5.243249,126.46091,152.59091,58.13791,5
128.48122,93.0544,152.89915,181.12733,2
151.2528,120.13119,153.76846,164.69714,2
194.75616,55.649475,152.16716,177.60767,2
101.51614,142.36224,153.29276,86.086945,5
113.02998,33.27238,152.58871,154.88129,2
6.426812,130.75975,151.13773,187.04724,2
93.46402,108.681305,153.32837,104.670204,5
64.68782,87.40498,153.3458,69.89554,5
187.72672,46.793304,152.74323,172.9621,2
180.31456,146.46341,155.29495,193.18677,2
35.97829,93.41531,152.75189,77.638145,5
14.075554,98.03794,150.47127,79.14845,2
55.713,97.20583,151.95079,194.91743,2
13.91078,149.39648,151.5224,88.25131,2
196.47935,8.99974,152.3578,47.699688,5
4.233705,149.80637,151.80142,87.9354,2
50.61411,44.182434,150.8721,131.75197,2
10.213986,23.793737,150.90256,203.63948,2
109.54819,119.61251,152.19908,231.32216,2
109.64169,74.847755,152.09213,100.9348,2
190.62982,97.411354,153.99226,83.20593,5
129.82976,149.10321,153.0176,227.57436,2
103.83972,32.205624,152.85991,125.79866,2
52.095413,100.2956,152.75635,64.40957,5
109.58274,102.40972,153.21223,62.070442,5
163.44301,104.50674,153.82689,88.23179,2
175.30727,74.93566,151.93135,161.72418,2
96.74479,6.5194936,152.48074,170.61093,2
181.82742,147.4852,157.03929,99.135056,5
15.210046,39.70595,151.3188,141.23763,2
108.76599,113.50582,152.02106,152.5392,2
39.397232,16.492538,150.96802,103.20784,5
140.74962,146.51707,153.24141,150.19568,2
127.39808,8.183061,151.90385,206.14975,2
72.52364,97.52366,151.71202,185.9799,2
13.538638,107.23095,150.51779,85.90212,2
59.867588,102.02174,152.17432,109.55999,2
106.15128,2.667302,152.25963,208.65555,2
0.56995463,122.1921,150.87823,90.1632,2
0.95548713,63.66729,152.25522,132.37671,5
59.356632,102.55148,153.30746,89.81322,5
123.58706,107.96259,152.76949,207.32013,2
194.61212,2.052453,151.77159,86.17492,2
147.63913,45.881145,151.57263,164.49507,2
114.95063,126.781006,152.54977,155.22444,2
197.08424,4.2322736,151.97963,190.27986,2
69.972534,69.53642,152.02441,169.85403,2
70.8269,81.95156,153.58386,48.40855,5
3.6875606,0.011835819,148.83452,110.366844,5
85.51284,58.338722,151.34358,172.4943,2
16.279205,46.710117,151.21832,158.92598,2
120.905266,75.51501,153.64473,75.21117,5
181.94745,28.511494,152.87515,47.282547,5
143.2179,149.90479,153.2837,163.96547,2
105.34047,25.86776,152.86095,178.92108,2
36.263126,38.14029,150.86978,76.30405,2
100.253746,149.63217,152.56686,194.82742,2
139.32794,82.31488,153.0803,184.10684,2
10.167218,113.81688,150.61026,190.25163,2
38.571167,133.61963,150.79092,166.0699,2
39.62552,52.779472,151.36758,89.73205,2
78.45631,141.39594,152.91805,96.72932,5
170.12862,97.94559,153.50209,175.41182,2
49.86008,46.381554,151.01343,141.01834,2
187.62607,136.15259,156.2916,75.73062,5
44.978264,27.673326,151.46121,113.990105,5
15.670212,138.6239,152.96188,57.769894,5
106.249535,91.27046,152.75853,86.000015,5
116.18606,51.236443,151.35141,194.62599,2
59.008892,17.939163,151.66951,177.71495,2
95.94767,143.73807,152.3771,154.18759,2
194.35251,120.379234,155.55783,69.52205,5
180.61784,40.791588,152.79251,114.67743,2
121.95673,60.019592,150.58154,180.03716,2
9.791405,75.74488,152.21167,83.69846,5
140.95418,3.8229775,153.28487,124.01097,5
86.3418,23.788317,152.75774,231.43456,2
183.37624,70.400734,151.99669,90.53138,5
106.91968,31.786232,153.14491,120.93592,5
174.6449,59.93636,151.2604,186.49396,2
6.7415648,81.68736,150.28424,185.34044,2
40.80563,146.04349,150.54877,84.404816,2
9.139072,121.240906,151.70741,47.294224,5
176.37073,48.160088,152.33221,164.45306,2
84.06714,145.35728,151.81879,174.04199,2
84.11039,75.04031,151.84274,185.02443,2
142.97435,75.90657,152.44588,199.48927,2
14.70451,75.3298,150.63564,191.53644,2
182.70918,105.80069,155.29883,59.376034,5
174.72835,95.685135,153.2873,184.30348,2
143.5394,55.738758,151.12184,85.07477,2
0.6383123,118.14192,150.74261,166.23026,2
132.18234,122.82234,153.11473,173.1415,2
27.78689,125.7413,151.03197,86.128456,2
101.67484,70.23821,152.7908,79.789024,5
189.7505,129.88142,154.85841,192.02997,2
42.844917,89.802666,151.8346,165.75949,2
191.94484,122.850945,154.72147,69.237724,2
95.0337,117.534546,151.75078,172.83768,2
118.173225,3.4179397,152.09534,220.71645,2
125.6075,97.13087,152.84836,169.50609,2
64.400795,121.09248,151.30295,187.69083,2
54.407078,13.604693,151.8681,92.54652,2
5.2327256,147.91557,153.17574,86.427605,5
91.79707,134.2878,152.01335,165.0686,2
134.86813,15.239948,151.591,141.23201,2
50.75584,120.71318,152.93494,28.71165,5
52.81212,3.7124536,153.66748,139.24818,5
165.6357,111.075615,154.42491,98.23232,5
190.3963,61.63574,151.54057,126.52459,5
53.88676,97.929535,151.94055,215.93024,2
100.07532,19.99412,152.82784,137.04314,2
71.36733,92.204445,151.91866,66.00386,2
76.72378,70.37007,151.95245,172.9941,2
133.6756,97.514046,153.6033,122.57886,5
176.6764,142.45818,154.96565,183.76524,2
74.65931,100.9568,151.61514,189.96931,2
47.18908,95.03952,151.95085,117.69734,2
136.74516,98.04697,153.39001,72.72629,2
64.687935,11.082219,152.08855,185.99472,2
20.925493,91.83791,150.74373,183.47873,2
141.5254,145.7441,153.24141,163.41957,2
106.91696,121.061455,153.51826,99.46964,5
15.475247,46.294434,151.2093,247.71356,2
179.8633,69.30457,151.1723,180.45598,2
178.0637,34.252285,152.37187,191.81956,2
73.281525,11.558731,152.29109,204.53018,2
25.182392,85.00289,152.6599,54.185276,5
148.347,99.29887,154.8307,73.66665,5
176.55821,146.06602,155.10544,144.3611,2
2.8189292,7.722271,148.99222,172.0679,2
82.34981,144.15631,151.6886,183.7597,2
17.77243,67.48701,150.84569,144.91449,2
127.8753,75.04953,152.22932,189.69817,2
8.970559,138.19081,151.37523,212.98416,2
61.48883,75.3943,152.07225,191.25732,2
49.940918,46.43888,151.0652,189.1181,2
83.786835,0.1230405,152.36261,179.32773,2
94.58585,78.21606,152.62552,99.11748,5
75.70847,68.23963,151.99261,73.15358,2
118.20432,80.869934,152.27855,173.21968,2
157.27448,110.07602,153.86469,119.47729,2
97.45512,88.20725,152.60313,132.35521,5
49.0951,87.9291,151.9828,158.6079,2
159.9306,74.497154,152.0753,191.48944,2
181.19539,130.80435,154.75876,48.18091,2
101.07781,82.67133,151.95264,29.951702,2
78.82122,64.50218,151.9251,176.87099,2
163.33281,113.18559,153.92206,191.13852,2
195.77188,26.3936,152.60452,196.97115,2
159.13977,48.46004,153.18974,91.43728,5
109.63238,57.105427,151.2955,98.65612,5
31.666218,113.15087,151.10785,196.43983,2
69.96524,6.017176,152.20834,172.14511,2
0.46889007,143.64499,151.7018,97.74607,2
109.39483,147.018,153.2296,52.02765,5
88.30898,11.326312,152.60143,82.142166,2
82.23613,32.53622,152.43843,119.52493,2
52.35819,27.552706,151.79472,78.85071,5
144.26952,24.662527,151.31827,189.87488,2
51.62467,130.15292,150.89436,181.08408,2
24.019796,112.90108,151.08241,50.612415,2
20.039227,66.05238,151.63983,58.502953,5
179.31796,69.878204,151.19762,190.05748,2
23.103453,27.541597,150.75604,173.75514,2
29.850346,71.68353,151.26726,178.78465,2
133.36354,74.64098,152.21268,92.21068,2
164.94481,58.285347,151.20013,196.4445,2
71.416626,139.12598,151.13898,178.3596,2
102.414406,51.99842,150.98938,194.84691,2
188.31757,57.161148,151.83957,166.06346,2
194.3679,14.104862,152.2729,85.98531,2
117.34651,47.210644,151.88885,104.95463,2
68.207275,50.910877,151.02258,198.66805,2
155.68315,123.16332,153.86133,167.67358,2
68.79892,54.785,151.43329,203.85806,2
117.01168,43.4472,152.7257,93.196465,5
129.25378,72.09345,152.5041,122.32439,5
113.97982,22.24064,152.46616,171.46857,2
56.240925,42.44172,150.25175,198.33662,2
101.799034,127.68586,152.11688,166.39507,2
164.70674,99.99442,153.66327,145.65887,2
190.51266,148.9658,155.6795,179.96422,2
69.656075,147.57791,152.62363,107.87575,5
33.28115,2.0875132,151.32074,105.50654,2
122.57608,149.1159,152.86275,155.75302,2
141.29796,77.78903,152.7388,78.597115,2
150.47885,115.00184,153.79848,200.82928,2
114.23325,94.766106,152.0716,170.37851,2
127.28012,43.08878,151.87404,159.31873,2
30.397192,0.3021707,152.41992,62.14539,5
198.63571,53.457085,152.51291,140.86421,2
147.10445,122.30957,153.64427,203.65366,2
188.26479,78.211975,152.3699,174.58029,2
139.17015,3.802867,153.38794,57.526455,5
68.964645,37.85151,150.49031,169.75212,2
47.24714,10.542058,151.95901,104.67568,5
133.6181,34.09027,153.1569,108.3391,5
40.405884,100.25314,151.54546,179.6542,2
25.088985,123.14356,150.87817,212.83156,2
95.00327,13.824207,152.71922,120.287796,2
37.050915,81.81359,151.51666,147.43886,2
60.475082,52.543186,151.78912,94.646774,5
181.52492,5.8379683,151.91002,142.19875,2
152.70068,14.901093,151.32927,179.12434,2
90.31795,54.623642,150.83736,204.2037,2
160.74612,93.22359,153.60216,165.54259,2
145.59703,137.55989,153.41852,89.95379,2
126.19277,78.20095,152.44124,160.78346,2
22.62113,76.44759,150.93166,184.16377,2
71.917175,67.83719,152.13776,100.7095,2
172.78464,142.42351,154.79816,164.08957,2
138.07446,92.08856,153.32474,116.21609,2
147.79837,20.813255,151.28891,180.00859,2
183.14278,2.3428438,151.70543,51.62312,2
179.87949,148.16988,156.40099,75.978165,5
107.067055,67.958176,151.52457,92.71655,2
187.55666,122.56874,154.45935,197.18483,2
134.84494,75.989174,152.43797,195.8139,2
194.08577,144.67537,155.63135,201.774,2
1.7009461,13.363971,149.97258,134.2729,2
174.42172,122.639336,154.25925,207.08104,2
103.626915,41.995506,152.46854,151.38872,2
161.02267,126.7312,155.90678,77.16456,5
35.644165,30.071606,149.9392,208.3529,2
95.87469,38.34064,152.61662,155.29564,2
198.93718,95.96642,153.86223,126.6318,5
34.873158,77.1262,151.49666,63.65816,2
109.141785,35.637226,152.71274,179.50043,2
20.203468,143.39417,151.21434,81.49258,2
122.22539,30.277014,152.10042,160.06635,2
167.3004,118.8421,154.3221,42.27987,5
155.32332,31.554367,151.75795,82.66983,5
117.32635,126.714066,154.31969,70.156425,5
110.40162,47.236046,151.84784,173.81673,2
34.16673,11.948907,150.60071,185.06758,2
106.740875,144.99109,154.34306,43.435135,5
49.84276,42.525913,150.6107,200.83511,2
151.19089,67.250824,150.9702,228.42683,2
169.67863,128.23265,154.24976,134.82655,2
62.169323,123.696495,152.865,50.9665,5
29.354864,23.061888,149.6443,91.99185,2
99.2051,105.84933,151.57391,184.66472,2
23.411818,6.722148,150.20648,185.27023,2
94.83309,54.878822,150.77362,181.73074,2
185.34505,142.67677,155.4406,79.95334,2
177.76628,124.379364,154.39159,172.15999,2
85.690765,136.78026,151.81053,204.90532,2
90.83462,48.99001,150.95724,208.04578,2
156.56587,129.50554,153.8848,187.55263,2
15.964165,141.49023,151.28587,178.34167,2
49.06815,79.46309,151.93942,182.33977,2
108.94264,140.22572,152.65408,115.07486,2
73.76657,17.209143,152.23422,54.878212,2
46.746292,77.5432,151.98921,94.55942,2
185.42966,68.045,151.0911,211.10745,2
152.79419,50.22931,151.60728,217.67816,2
147.80545,81.244514,153.04588,215.24153,2
71.901344,35.788742,151.09552,152.6498,2
76.672516,129.55789,151.3802,212.05278,2
194.25641,17.345242,152.39954,74.5504,2
75.37479,48.14869,151.21353,92.283585,5
47.729656,142.45537,151.06444,56.567383,5
164.50513,29.696198,151.72224,87.332085,2
68.23089,56.239353,151.62967,200.53705,2
171.70027,140.95145,154.71744,159.06178,2
26.846611,25.246174,151.11375,98.20937,5
29.156368,70.512794,151.78322,86.37782,5
180.65764,26.464172,152.30016,171.36362,2
49.658863,28.106367,149.80014,187.34782,2
131.4037,1.7299349,151.89584,123.29865,2
61.918125,39.69625,151.69266,110.88526,5
14.810139,53.92493,151.12709,168.04147,2
77.20479,124.25581,151.41698,177.52812,2
141.42686,106.35146,153.62671,177.73277,2
8.022891,77.30105,150.44897,149.82593,2
56.932472,108.93509,151.70789,199.92133,2
159.18123,13.721874,151.42445,198.705,2
162.65459,136.24718,155.17436,104.99582,5
117.22361,129.96541,154.1473,88.06851,5
128.5001,58.14502,151.93834,78.992424,5
108.454254,62.60285,150.80678,68.99087,2
118.99887,6.6179748,152.10753,178.62082,2
126.66462,76.117966,153.77951,75.45832,5
61.10786,64.62934,151.96443,172.58913,2
119.72107,149.42224,152.88266,202.40211,2
27.17502,105.01962,150.98563,181.24208,2
78.14634,130.63535,151.42888,164.78377,2
125.411194,98.80566,153.01608,121.249214,2
113.754944,30.46901,152.5041,188.5824,2
175.57033,71.67505,151.40498,184.26268,2
65.08756,46.600174,150.60817,175.93768,2
175.472,23.727543,152.01839,80.945465,2
0.81384087,51.67664,150.73012,165.09232,2
195.70291,112.08058,155.4424,137.62245,5
89.752785,37.36845,152.43542,170.39574,2
181.03758,147.1361,156.13342,93.209076,5
5.3187113,111.23,150.52089,199.67612,2
148.86255,70.71023,151.56104,166.36353,2
38.445377,148.0696,152.07875,97.656044,5
5.9540877,145.20183,152.73471,87.947495,5
119.651596,129.54538,154.43999,166.94226,5
85.08327,130.54765,152.11067,73.39849,5
155.17728,74.81503,152.53606,107.55256,5
32.50601,3.5438986,151.1735,188.86142,2
199.45091,133.7654,155.17966,104.14031,2
194.85753,1.606509,151.81444,180.62608,2
182.31711,68.84767,151.09995,180.54237,2
15.807192,23.41346,150.77853,206.41473,2
65.42607,71.26606,152.02184,172.56009,2
167.24777,73.0831,151.80876,172.83942,2
185.36436,91.33434,153.82048,42.95849,5
143.60695,76.113625,152.44868,207.00739,2
31.11736,97.363174,151.21313,182.4106,2
106.54033,26.976309,153.1752,40.465492,5
30.319645,121.90151,150.97205,88.70648,2
149.80582,85.52863,153.34378,162.13635,2
75.60302,2.8418636,152.25534,208.89299,2
186.74509,149.00394,155.55101,101.582344,2
8.404155,80.160095,150.3331,177.36446,2
42.2302,146.16139,150.5619,101.92445,2
166.56705,5.0788274,151.54536,211.31622,2
158.71922,93.136986,154.29977,67.74173,5
171.58916,47.187164,152.19446,155.93706,2
48.765133,130.10858,150.83865,150.2818,2
57.077293,49.3142,151.12576,209.02934,2
148.37785,11.233975,151.3382,147.1541,2
158.61462,6.60021,151.41994,158.15265,2
22.894726,147.06735,151.12369,178.48894,2
178.00734,98.22461,153.44997,108.7455,2
36.9225,67.93562,151.47604,152.30484,2
67.232506,138.97801,150.94519,215.20894,2
59.913555,113.80768,151.68106,126.235435,2
72.241745,85.9515,151.92595,169.64696,2
148.76965,6.047722,151.499,165.8589,2
150.19318,146.83531,153.69193,119.254715,2
68.57517,13.902468,152.2434,75.53412,2
48.938618,79.23463,152.87497,73.99657,5
134.14458,3.0255427,151.69803,206.24825,2
165.92322,5.5993505,151.48885,181.21838,2
24.369415,102.99545,152.39278,79.13576,5
181.29997,29.747597,152.41245,145.17099,2
7.0259333,129.09703,151.73914,102.02177,5
80.47909,97.425865,152.23087,53.891632,5
195.11703,10.877434,152.16084,101.172745,2
120.714424,84.60366,154.18767,78.003044,5
45.02545,31.578276,149.54254,196.90752,2
136.4171,24.563925,153.2605,73.77337,5
198.2302,61.482338,152.04259,82.74944,5
126.98856,36.668045,153.76862,87.958595,5
137.2204,95.23067,153.36928,157.63612,2
194.2037,96.776825,155.1408,98.543274,5
45.21003,39.9762,152.05328,79.32306,5
99.249084,8.130279,152.57147,197.32018,2
60.32584,18.110811,151.6791,167.56247,2
99.10157,52.48521,151.31703,118.5714,5
52.299915,107.82092,151.6585,174.52446,2
158.22708,10.123432,151.43285,167.95743,2
117.72294,50.8251,151.46228,210.07214,2
42.034252,55.987362,151.48105,77.058815,2
2.1484568,76.46551,150.85864,100.46275,5
38.922775,45.683308,153.06918,102.639946,5
42.496456,149.3199,150.43013,174.82912,2
110.390495,25.762503,152.65854,214.00053,2
71.07332,135.08508,151.6946,98.67172,5
151.7121,113.86266,154.04181,71.715065,2
72.8579,97.14473,151.7209,186.77176,2
148.49432,140.86443,153.56519,78.7226,2
23.85907,97.83098,150.8515,103.221725,2
62.72758,49.38517,150.98047,217.70847,2
25.497503,142.65628,150.93668,163.97672,2
26.927763,77.61516,151.11488,72.57521,2
11.508948,57.28738,150.93167,185.75012,2
180.37538,45.28627,152.49875,151.40991,2
197.81209,140.53087,155.54237,84.47113,2
168.90762,101.24676,153.63797,114.18976,2
195.93208,42.250404,152.86627,180.77927,2
130.40154,124.23488,153.09755,194.52469,2
22.765862,83.710976,150.89069,184.10637,2
69.3272,70.24931,152.92679,97.42769,5
82.94442,121.94455,151.51492,77.319176,2
113.20291,23.308931,152.53822,163.07214,2
69.02798,103.811,151.7481,59.23275,2
120.38422,112.43761,152.59497,158.22597,2
110.66661,126.91498,152.42865,202.322,2
142.34521,69.599304,151.35715,193.07466,2
150.96555,96.77393,153.70549,185.87793,2
77.55921,145.95538,151.4414,83.064674,2
149.6032,73.52849,152.47954,62.731144,5
163.66121,27.889307,151.6153,181.14682,2
43.99182,45.26052,152.16866,107.7462,5
9.207074,88.042435,151.6432,88.96056,5
188.19995,124.19133,155.78821,99.53891,5
14.2393265,85.7384,150.53412,191.93886,2
110.53227,0.7240532,153.96588,86.34363,5
50.822685,56.9604,151.87788,95.43352,5
78.414085,51.183044,151.54587,103.76396,5
48.414856,101.0073,151.71622,192.34837,2
192.0209,23.86068,152.68716,130.89853,2
160.54373,117.86821,153.98376,151.6754,2
175.02399,51.825443,153.87141,83.881,5
80.4675,81.125046,151.79887,137.44939,2
117.15196,45.746323,153.83998,64.587166,5
41.995777,88.52355,152.39351,43.796925,5
101.69914,24.727507,152.90256,213.79373,2
68.423935,123.76403,153.03712,109.52662,5
172.55585,121.46912,154.81992,79.4806,5
2.715574,73.56556,150.35994,173.25034,2
173.18604,56.281807,151.60518,51.78909,2
116.00443,126.02772,152.5551,181.64763,2
122.32437,80.09351,152.41667,181.49013,2
183.46454,62.89824,151.05063,199.22221,2
66.00931,134.96149,150.92317,178.68625,2
124.718094,100.72572,152.93092,88.56534,2
94.822296,53.084343,150.81458,49.09583,2
172.58278,119.47469,154.1639,188.44034,2
182.6443,52.42648,152.8217,83.39683,5
163.27333,126.41587,154.12949,163.00937,2
108.402466,26.21102,152.69807,193.88612,2
56.791428,17.04737,151.58542,63.29258,2
71.62652,68.76352,152.1884,75.91245,2
186.1552,80.38754,152.58475,159.8802,2
160.88315,81.735405,153.02417,212.82668,2
30.322771,5.116391,150.95276,92.284294,2
32.878136,54.045994,151.88567,92.52786,5
44.534298,95.12916,151.83824,144.83057,2
59.73408,106.01397,153.26718,113.73925,5
21.850595,33.42094,151.20358,236.00096,2
120.06772,133.05032,154.10849,123.17743,5
152.01985,68.093956,151.17336,86.51299,2
75.26432,25.157381,153.57132,75.53845,5
38.912514,28.188799,150.67339,94.22345,5
64.798004,125.764595,151.25282,57.27519,2
182.2788,137.35422,155.06667,234.16812,2
100.8174,118.19156,151.84756,175.54604,2
173.75221,49.887493,152.22621,76.761345,2
93.3819,21.444714,152.79463,171.41394,2
104.907555,67.70483,151.48526,173.12723,2
144.43637,29.45605,151.33969,182.20122,2
164.03209,145.09729,155.5617,110.97655,5
72.20076,137.24113,151.18303,86.37739,2
164.85309,26.039413,151.63745,214.0991,2
186.89432,125.544655,154.61906,131.8911,2
63.549423,108.50905,153.39618,100.52228,5
31.896688,98.1811,151.30882,221.1083,2
76.61013,141.30196,152.42796,96.04123,5
40.63886,78.30921,152.90234,59.510292,5
40.85896,43.979843,151.1054,195.13785,2
39.287693,49.77744,151.39952,117.25466,2
122.56291,47.284283,151.82416,187.38495,2
1.8512118,51.486332,150.82756,179.19484,2
58.896122,93.15006,152.87097,108.3168,5
145.17857,1.3233522,152.23438,92.2282,5
188.78943,13.151412,152.13107,177.33961,2
24.568039,33.603783,151.16104,186.86006,2
162.18341,76.23662,152.31941,176.12643,2
186.47748,120.5339,155.99243,110.91864,5
143.64058,2.151347,151.56554,85.54316,2
187.84183,27.725702,152.54742,162.32306,2
185.99861,44.99459,153.18404,117.89628,5
171.18137,53.359516,151.92236,105.02443,2
7.1175942,74.66034,150.44243,97.97043,2
122.802124,122.409065,152.8227,175.04863,2
86.31481,102.09121,151.48836,179.14534,2
120.601166,138.01463,152.79883,213.17891,2
158.05548,72.16748,151.6712,175.72052,2
11.924007,24.431135,150.89726,181.53654,2
69.69967,132.52911,151.16791,180.29523,2
109.43787,86.857735,152.22281,89.88303,5
12.690544,90.1398,150.41202,181.97098,2
11.534012,80.18287,150.44885,158.50092,2
22.715172,97.54323,151.21614,59.995167,5
119.69497,127.46621,152.61626,181.99442,2
150.86397,73.28595,152.86377,33.987694,5
61.922573,5.33944,152.03127,152.02834,2
23.85698,126.37823,150.92273,174.12813,2
158.78206,104.84678,153.782,204.38225,2
172.68556,109.50198,154.3947,99.5107,5
149.38173,64.75242,150.85495,107.02368,2
53.62853,49.575104,151.5414,96.23179,5
80.655235,1.1756707,152.35461,210.04266,2
10.020004,119.44112,150.80467,122.25622,2
162.55855,91.35516,153.47433,159.52522,2
27.525219,46.41764,151.85188,94.80125,5
34.272423,126.630554,152.62979,122.8392,5
144.78343,118.69104,153.5854,169.45511,2
1.2317736,38.396545,150.90819,158.85106,2
48.64947,102.240776,152.77274,67.617424,5
137.06194,33.361366,152.76782,88.436615,5
113.96774,123.4127,153.73868,75.707405,5
101.29064,133.29489,152.26094,215.20454,2
179.70294,48.230896,152.44435,177.65796,2
110.939316,47.88136,152.0267,38.57098,2
169.31387,44.070625,152.1454,109.58174,2
115.62379,70.039406,153.03876,140.23485,5
87.44649,36.070435,152.39018,188.89973,2
169.79114,51.08846,151.92947,188.92827,2
8.537114,117.0771,150.70808,193.44664,2
7.761389,138.46233,151.40431,194.02861,2
191.54974,23.285927,152.55122,190.46068,2
52.241417,101.55832,152.00449,73.63153,2
178.65309,126.24101,155.50453,86.21908,5
83.42175,144.9027,151.79866,217.31358,2
76.88585,33.79843,151.90144,179.93617,2
155.7711,58.15649,151.02386,179.78397,2
67.99015,15.936325,152.0703,182.71762,2
180.56989,145.7522,155.25105,178.32951,2
58.6573,22.613201,151.37267,188.08356,2
122.02297,10.073757,153.4061,93.71451,5
2.3808532,102.466774,150.28151,202.45891,2
176.37518,50.43829,152.26459,62.761097,2
146.36627,6.321322,151.43633,163.27518,2
86.515594,111.967606,151.48503,181.76805,2
17.542389,8.991377,149.33423,173.5669,2
62.882328,66.00661,152.39828,90.68027,5
6.3520746,99.623085,150.29488,174.06099,2
168.95715,132.53099,156.10089,108.99182,5
3.8314476,12.039664,149.68845,171.36067,2
21.935602,118.515274,151.33131,106.936005,5
7.075394,130.43736,151.72311,87.44526,5
84.66941,22.802338,152.7112,195.4763,2
146.25316,53.26297,151.34154,167.45781,2
174.46657,126.62368,154.36082,176.94066,2
23.964153,35.37066,151.23077,73.189354,2
46.74679,16.583952,151.3408,82.09285,5
36.9098,71.256676,151.53299,95.547104,2
197.46867,109.033066,155.39658,88.59602,5
9.15178,13.995176,149.88377,73.99188,2
101.62154,129.16757,152.81512,124.86718,5
135.83386,25.956362,151.56068,86.079704,2
39.738884,132.29903,151.92099,141.25691,5
37.944508,1.8352954,151.53946,86.679924,2
71.753456,105.242325,152.64961,81.53444,5
164.31651,52.572563,151.9485,95.923325,2
19.430544,103.15435,151.92491,103.670555,5
92.22958,41.975224,152.0603,151.37642,2
20.944832,132.1716,151.02994,163.07251,2
131.3603,149.32861,153.09184,71.24655,2
191.13255,81.1254,152.67154,204.48735,2
130.50932,130.84512,153.00638,171.66672,2
52.832256,28.356882,150.77599,58.53284,5
101.35462,75.5608,151.81248,160.68388,2
110.77444,124.145485,152.36128,180.61075,2
47.45973,146.6996,150.36116,96.097725,2
30.38919,8.422295,150.6857,190.73012,2
159.58249,10.318463,152.20784,89.59386,5
194.48076,147.94965,157.35101,45.45489,5
117.20869,24.685629,152.40445,163.45987,2
20.81815,5.8816843,149.94801,156.5987,2
12.756614,34.54977,151.30893,166.42403,2
187.98538,72.710045,151.60098,194.91238,2
127.73497,72.73072,153.61572,62.12067,5
0.68309164,101.58895,150.25137,92.14964,2
127.12819,143.86362,153.2833,119.78325,5
110.59151,68.78348,151.67203,91.80835,2
145.40373,73.2225,152.00212,196.1374,2
140.13469,55.251186,151.05486,187.95172,2
186.29053,74.28528,151.73021,98.685,2
131.78291,102.34171,154.47507,123.60834,5
138.95729,46.229675,151.65572,178.08636,2
161.4778,7.9531116,151.43028,90.07981,2
64.050354,73.694275,152.03487,179.472,2
65.55767,123.73854,153.0953,88.970665,5
57.52329,118.970276,151.42383,130.29187,2
178.47737,116.53135,154.02701,173.76695,2
32.97298,136.3826,150.76802,179.52798,2
166.38795,47.6842,152.0888,129.59137,2
181.15881,97.70575,153.30014,152.05884,2
58.395397,131.172,150.96208,42.9747,2
159.6931,131.28192,153.99748,114.657814,2
127.01444,125.51168,152.95102,195.84334,2
93.86782,52.74481,150.8146,213.63058,2
62.142033,13.865752,152.03741,99.003555,2
33.34534,104.73451,151.37654,129.66217,2
110.37001,82.44722,152.60666,119.06573,5
12.196708,31.942457,151.32396,53.863094,2
66.08438,48.66657,152.56857,62.12807,5
155.50912,27.067114,151.39824,190.00418,2
44.411392,109.40278,151.51299,223.82004,2
185.50677,21.270605,152.2936,197.71927,2
14.719726,106.71566,150.95348,137.05045,5
33.643547,145.6409,151.07227,79.56926,5
116.17114,147.5621,152.91472,189.2993,2
32.234123,57.02623,151.37282,140.68639,2
186.92085,9.750831,153.88011,53.171116,5
35.77112,114.340836,151.13806,133.46155,2
108.262436,26.06288,152.75339,183.1088,2
51.79788,96.52209,151.92247,203.89346,2
63.93419,98.93626,151.83952,183.71342,2
109.17137,99.9256,153.55983,124.1267,5
128.86443,41.031033,151.9258,136.19113,2
163.2677,89.50626,153.38266,154.01245,2
188.91814,132.64474,154.95274,183.31229,2
192.52885,18.047646,152.38464,187.8662,2
140.2301,123.00107,153.46872,177.9231,2
120.1131,82.31813,152.34592,142.99266,2
57.755592,93.17493,152.00804,167.00833,2
177.95505,100.017365,153.44579,206.93382,2
11.635513,10.895993,149.23567,18.875763,2
100.8317,46.58693,152.04858,116.572,5
49.646236,23.369164,150.51994,115.34587,2
1.9325641,132.40758,152.49869,78.13978,5
63.12714,81.142815,152.01889,166.05788,2
99.347336,103.70561,151.53838,172.17612,2
3.21644,70.01639,150.41583,184.5172,2
91.27091,145.67072,152.3516,59.625698,2
114.325966,34.06894,153.96193,129.6547,5
85.610344,92.98364,151.93097,118.996544,5
99.06484,95.55999,151.52206,201.67117,2
195.72682,9.619244,152.1255,191.57706,2
16.898375,20.299076,150.23895,166.02539,2
151.67554,130.05756,153.73546,194.66194,2
174.76216,126.63349,156.27672,121.00924,5
82.96122,75.75283,151.8682,191.56227,2
19.19917,52.686546,151.19148,196.58948,2
53.105717,149.69843,150.37518,208.63513,2
132.37964,31.754908,151.64255,188.7277,2
45.176243,83.64762,151.87178,157.48526,2
82.17203,49.50989,150.7363,165.62198,2
160.41936,69.72009,153.069,102.56828,5
120.62174,79.015045,152.37872,180.52483,2
149.21051,50.713272,151.55289,198.01479,2
126.02943,22.524597,152.2834,96.52863,5
88.18396,22.07023,152.79674,140.68114,2
64.89366,110.202774,151.70213,107.833405,2
144.70688,98.28768,153.76947,86.71949,2
87.04613,81.13363,152.5086,93.78091,5
24.357605,91.656296,150.9325,164.67233,2
111.44275,20.590624,152.54413,183.88852,2
13.375422,47.857338,151.40308,61.575577,2
85.68084,52.853203,150.77611,217.40715,2
64.57491,128.89015,151.07721,191.6104,2
66.02318,135.98003,150.96877,158.06252,2
194.73001,44.45933,153.07417,68.66031,2
144.60336,51.643604,153.14537,91.62097,5
94.59582,6.144033,153.16315,130.53566,5
159.08661,90.26137,153.46935,217.9975,2
124.57118,128.27013,152.87595,179.61606,2
167.2129,122.88049,154.39825,89.71094,5
159.90108,64.6067,150.81058,191.61147,2
0.5763239,101.36609,150.42987,117.78689,2
36.529446,65.14329,151.46336,175.95555,2
56.514168,2.8042421,151.98648,148.26256,2
170.94542,95.97734,153.95827,70.04351,5
166.76509,25.113214,153.0564,79.09138,5
129.71213,133.51324,153.40273,76.66404,5
129.386,81.31537,152.75623,202.30797,2
124.777466,72.21888,151.84746,179.87506,2
47.5106,0.7617103,153.5586,69.35642,5
156.74234,124.00065,153.97993,165.6404,2
119.67105,147.79501,154.60818,137.0316,5
125.75188,121.853195,152.98297,59.79972,2
63.75978,109.039925,153.34135,113.82667,5
6.73891,135.24023,152.21133,55.22153,5
53.35004,15.245834,152.56673,109.16259,5
168.84822,100.91698,153.61464,200.28084,2
68.50244,8.715875,152.17557,155.25963,2
13.367179,48.16724,152.00534,100.97655,5
41.39334,77.14361,151.75163,192.87296,2
102.08726,80.31383,151.77328,72.689514,2
55.023174,128.59134,150.94638,185.06102,2
154.34833,93.05897,154.3367,103.14713,5
158.74432,26.018068,151.5072,68.992645,2
109.82888,3.7308915,153.99689,61.28597,5
8.532656,42.154892,151.98326,96.603294,5
143.62392,99.21721,153.63957,161.27344,2
180.42456,50.97026,152.32642,204.63403,2
141.84734,62.49224,150.67148,155.27466,2
74.289116,67.04143,153.54202,75.3428,5
66.76542,130.27081,151.13884,162.93748,2
71.69435,119.71001,151.35873,183.75479,2
103.17734,50.089367,151.31018,186.39374,2
114.80479,84.996155,152.15924,155.04266,2
3.053299,141.79716,153.30183,84.01055,5
50.132214,107.38464,151.6637,185.87444,2
6.7710686,109.55592,150.45662,187.76881,2
68.75167,62.900574,152.17111,76.509735,2
171.63503,25.275602,151.91331,157.58481,2
161.54999,96.48752,153.69954,158.34665,2
34.81637,47.02062,151.33429,96.88183,2
174.7537,123.652374,154.26227,145.35258,2
9.669389,42.358322,152.48993,81.62671,5
91.95441,149.15842,152.27736,188.29874,2
63.12667,109.800224,151.62376,167.5232,2
190.28967,51.575256,152.54852,179.63257,2
186.01605,47.71686,152.63452,158.80968,2
71.879776,126.073395,151.32318,178.64526,2
111.37971,96.79939,153.68936,117.55179,5
158.9457,81.680565,153.03531,179.58119,2
105.35439,74.27407,151.8846,161.41798,2
119.23546,102.46234,154.03061,79.88028,5
61.097523,21.519924,151.58852,182.85083,2
129.8818,76.54215,152.7006,141.13803,5
161.95946,106.77402,153.82498,179.35689,2
76.60447,79.33326,152.61572,58.62882,5
61.340378,121.4581,151.3033,191.41685,2
21.664238,15.374574,149.45113,183.40141,2
64.52135,149.5904,150.6944,180.70892,2
140.8629,52.456875,151.31688,182.91624,2
197.80287,79.29006,152.58159,162.56335,2
80.25807,111.95359,153.02505,85.53929,5
34.204155,74.761856,151.53874,99.22557,2
93.46886,147.10521,152.2952,145.24084,2
131.92818,102.39903,154.7075,90.76976,5
92.32384,51.62527,150.79372,202.15909,2
163.96744,19.74551,151.59581,179.0314,2
119.37936,123.25269,153.6363,86.87853,5
133.74486,33.82279,151.69516,202.39575,2
116.810005,95.01205,152.3054,145.23619,2
8.758626,75.10281,151.22078,91.680115,5
47.968838,56.880493,151.55568,173.24275,2
135.15176,45.05699,152.38719,95.47229,5
171.09181,38.153507,152.09952,97.26521,2
158.68721,98.68299,153.74127,186.02122,2
21.610628,50.33868,151.3275,33.554974,2
138.21078,85.32764,153.20435,193.19305,2
105.88371,48.86672,151.50981,204.33813,2
53.361908,57.481277,151.63626,196.70842,2
198.04726,56.104412,152.15742,96.42204,2
15.748934,121.44586,150.87553,212.24834,2
183.87656,41.862522,152.93277,94.116394,5
26.406729,148.4595,150.99031,188.40926,2
154.53535,14.4655285,151.34026,197.40489,2
1.3314793,28.25713,150.83105,217.76244,2
148.81429,67.4777,151.01915,173.05208,2
33.1945,37.643517,151.02507,76.54074,2
198.54886,28.901733,152.79796,65.23517,2
152.9402,146.35889,153.6992,90.76839,2
11.0778055,116.2697,150.7108,209.74057,2
124.63746,28.417294,152.7749,121.01928,5
12.8232155,55.73435,151.11066,117.9127,2
112.350296,6.6878443,152.21487,193.21814,2
68.77033,149.10783,150.93631,178.49718,2
138.75652,8.60656,151.52373,173.7885,2
69.39112,24.173346,151.97012,192.91206,2
99.31929,52.82526,150.82816,162.4625,2
63.029446,44.24732,150.27121,197.62373,2
34.289433,67.54402,151.48349,178.95158,2
91.053894,22.375755,152.83798,182.90393,2
72.898834,83.78917,152.17319,90.589516,2
154.27234,135.06076,154.27237,76.19651,5
58.54838,47.580933,150.93642,202.18277,2
73.51782,95.60685,151.66379,171.62244,2
144.56566,5.6674094,151.5302,110.284546,2
33.05271,85.01612,152.9971,82.87552,5
94.21179,76.40496,152.36897,105.2153,5
145.22784,48.896397,153.3525,104.38343,5
116.04705,144.42773,154.13704,85.82779,5
187.43439,95.88596,153.52986,41.030254,5
0.85736185,73.95405,150.30504,56.799538,2
53.489056,37.358387,150.51361,123.26688,5
52.517715,112.818,151.4994,191.18947,2
46.075848,73.395035,152.366,73.346054,5
18.874043,121.93635,150.86014,215.89087,2
109.75476,120.16591,153.01035,71.61528,5
22.698282,95.48332,150.82698,47.496017,2
39.427788,72.64233,151.61743,140.2875,2
181.92282,132.78801,156.67531,64.26869,5
79.58882,0.09596315,152.30019,169.20819,2
66.17559,123.72271,153.10388,91.04404,5
87.26905,127.15354,151.72835,194.71436,2
29.018848,133.8095,150.9053,148.44543,2
113.046295,116.76442,152.26782,114.2107,2
31.82399,31.62699,150.50813,212.62733,2
136.26036,40.17912,151.73224,176.06215,2
122.365456,88.90917,152.64568,77.95743,2
17.766214,14.488602,149.33867,173.6932,2
58.19443,125.81949,151.11467,222.78197,2
115.59533,122.95219,152.45113,160.4156,2
14.19132,121.08212,150.7941,203.35233,2
111.12418,122.16329,152.33736,119.01798,2
188.64183,41.901405,153.04,142.36125,5
148.70079,119.26699,153.78165,55.736935,2
50.852245,77.39022,151.96176,122.681946,2
122.446754,80.08513,152.41809,183.66933,2
165.55933,78.45467,152.5862,211.97238,2
11.134489,65.254234,150.75505,158.25859,2
157.60387,136.91788,153.93425,189.08199,2
125.32307,82.63909,152.83054,82.88819,2
143.30907,91.86636,153.55232,196.06839,2
60.3392,147.35992,151.68347,96.25931,5
82.64292,18.890747,152.64633,187.6036,2
148.0105,45.56419,153.25337,46.56884,5
190.6295,80.713135,152.67409,91.61055,2
169.11641,110.10142,153.82399,189.5562,2
62.75177,50.449146,151.1732,72.808426,2
147.71608,4.563268,151.46965,205.52261,2
193.71008,51.31292,153.77367,62.99432,5
23.128393,27.636475,152.46701,122.6942,5
195.7241,53.524834,152.52707,85.828285,2
77.71658,125.65359,151.40668,179.21423,2
56.97809,123.59982,151.14774,179.7757,2
83.963196,80.89575,152.02625,80.727684,5
171.04704,27.086115,151.9125,172.48749,2
60.57791,69.532166,151.99004,186.79375,2
179.69011,54.8797,151.95354,175.57158,2
51.80755,17.999191,151.73755,92.3107,5
119.13286,58.812157,150.72736,126.4727,2
23.061407,75.68856,150.9753,153.83844,2
62.78835,78.28046,151.99576,187.22485,2
190.16806,1.3707371,151.70988,184.25703,2
60.97772,144.0753,151.19995,103.74059,5
188.14304,68.52013,151.17061,78.00433,2
67.95386,95.36164,151.84233,191.18016,2
5.7947645,42.985542,151.04753,162.97409,2
23.880772,93.977325,152.29843,35.85302,5
27.929598,37.339756,152.06894,115.60953,5
69.9512,9.856116,152.22023,211.34459,2
105.564804,91.43207,152.30415,50.926666,5
78.9269,124.06686,152.86414,53.87674,5
127.728355,99.75085,154.61835,98.168434,5
4.478029,99.61711,151.97899,123.61739,5
34.4247,87.651215,153.17038,129.21077,5
29.186779,125.616104,150.96552,103.55315,2
19.191238,57.40628,152.55461,97.84152,5
109.11207,127.788025,152.42928,164.35115,2
119.91397,122.603935,152.60027,63.58308,2
53.70979,139.50555,150.92522,91.69867,5
163.11848,21.737354,151.55106,185.21074,2
73.511024,28.20122,153.22127,100.73273,5
141.87993,107.51912,153.59859,72.370636,2
2.3542871,52.3437,150.8276,129.75655,2
93.638115,91.93486,151.41414,124.132576,2
59.166534,118.82844,151.44687,77.232475,2
0.15673953,126.30471,152.04814,115.31627,5
130.3354,149.03777,153.06294,141.97513,2
155.65468,26.31928,151.54904,59.027344,2
98.885704,77.80902,151.73935,187.0664,2
69.16861,0.10202382,152.88274,96.409706,5
17.762018,6.2488065,150.46262,63.739437,5
93.81598,49.273083,151.09666,189.57652,2
86.406845,42.191757,152.45044,90.18933,5
187.28438,122.55678,154.47556,160.19951,2
63.156097,4.306987,152.06372,185.20981,2
162.85606,126.75686,154.08078,209.253,2
157.28845,27.454502,152.963,108.27817,5
165.41388,56.40269,151.43413,84.62535,2
197.1477,48.744038,152.7814,209.58046,2
43.964294,94.457634,152.23126,94.6407,5
2.4650416,23.578108,150.82939,126.06097,2
114.14173,15.346584,152.3552,174.11555,2
180.75749,46.6622,152.5563,173.5885,2
164.55545,67.75966,151.17513,128.6618,2
86.4337,77.586624,151.7508,170.79616,2
197.15588,53.237404,152.50357,73.803795,2
101.395706,95.730286,151.6733,131.31708,2
85.976685,24.122374,152.76228,195.43161,2
42.315777,133.74149,150.60765,163.84418,2
135.66994,98.932304,153.38397,215.8567,2
42.522552,119.92566,151.1719,211.61153,2
63.314205,76.229416,153.11703,95.0057,5
162.70697,104.22602,153.78297,126.128914,2
44.87736,58.41324,152.16061,99.84679,5
137.3565,84.195274,154.06015,66.8012,5
86.42765,23.273375,152.83186,72.970505,2
35.116734,70.40688,151.43466,207.18895,2
10.5720005,89.43372,150.3335,157.36458,2
84.63782,121.6517,151.83376,120.88959,2
136.90837,103.72504,153.39734,172.2385,2
170.02168,82.09227,152.91324,183.61725,2
75.891975,70.500374,151.96404,161.19092,2
46.61022,76.56179,151.88902,190.67569,2
61.30973,27.690617,150.9544,182.47581,2
188.57802,128.31833,154.71759,167.62117,2
165.95819,100.64595,153.90456,48.492672,2
150.91191,11.249851,151.31523,82.353546,2
107.92921,1.0731056,152.16602,192.82832,2
44.55944,81.97893,153.54648,69.65686,5
170.98918,100.53747,153.55869,196.71635,2
33.38004,31.510487,150.30988,194.53749,2
180.0762,104.059074,153.53662,153.5684,2
88.688034,22.045174,152.75275,173.75935,2
185.30203,68.66706,151.06822,197.75632,2
86.049614,106.18846,152.60005,89.57198,5
76.13372,65.71963,152.17712,110.32309,2
94.812126,46.324615,152.3534,91.54001,5
185.68921,72.01347,151.98079,122.13667,5
134.2632,39.24,152.63826,71.75525,5
199.74579,119.44927,154.4435,188.28403,2
197.13489,45.594177,154.52396,38.263287,5
84.076355,9.680353,152.52443,189.85226,2
119.64532,91.31753,152.39427,189.6797,2
24.91858,55.701637,151.26028,190.51633,2
44.170498,71.87048,151.74072,173.52196,2
59.758266,74.511826,152.00229,206.48521,2
23.794525,82.60057,151.18088,61.58915,5
142.73634,24.249374,152.21466,112.90647,5
140.94174,87.70985,153.40016,167.56927,2
12.59057,95.1904,150.424,137.5988,2
3.842704,117.31502,150.71196,178.35182,2
20.997818,74.39742,150.87117,179.85141,2
101.35201,27.689583,152.91174,192.34033,2
186.97444,36.57236,154.35599,99.40128,5
72.77759,149.1701,151.27118,66.157616,2
115.97219,29.203012,152.4723,166.76228,2
165.8946,99.278915,154.72672,82.72112,5
68.40133,45.312355,151.4177,91.80959,5
190.7595,148.72937,155.68857,157.86551,2
5.903159,99.39422,151.74661,77.51126,5
176.43137,120.78708,155.86818,57.948643,5
12.789033,5.523343,149.09389,147.1972,2
143.30959,52.670517,151.52853,87.38153,2
24.6968,21.776077,149.8348,196.77113,2
47.757065,3.6913443,151.80455,172.21826,2
91.20065,107.07096,151.44246,81.576454,2
28.490557,102.571335,151.01364,182.92255,2
124.91659,88.86001,152.75003,81.40789,2
175.72772,118.01836,154.13148,189.96646,2
136.41722,20.757666,151.62796,69.7704,2
18.88505,93.35052,150.61526,170.11488,2
101.85319,52.75601,150.94617,173.36235,2
161.02455,105.33224,153.7786,158.92514,2
175.24455,24.903624,152.04854,146.83165,2
139.69334,125.52788,153.33876,211.01698,2
155.34354,132.23012,154.74205,150.47266,5
38.164585,70.3577,152.22609,55.91781,5
24.242039,32.843323,151.26823,120.94561,2
135.82834,46.685394,151.65898,161.76675,2
40.56922,68.68275,151.63228,80.77393,2
178.62611,1.7789063,151.61234,179.01411,2
162.59293,75.93104,153.8655,119.415054,5
30.604218,128.56627,150.88338,171.5837,2
92.712036,66.177574,151.73495,199.38622,2
163.64192,19.223406,151.51118,166.91385,2
73.88161,107.87274,151.54347,181.93762,2
94.05882,42.93845,151.98976,194.64569,2
82.726814,100.28424,152.35646,139.4741,5
64.33066,145.39603,151.47296,86.92201,5
25.877388,80.10873,151.05766,195.17589,2
163.75743,25.876797,151.59705,223.26047,2
35.74166,148.31297,150.58714,207.30338,2
103.631035,83.79755,151.77771,232.44484,2
175.01994,71.364494,151.32817,183.66077,2
11.876313,45.508247,152.74055,83.750725,5
62.399143,137.49481,150.85434,169.6122,2
39.117355,98.359505,151.54114,164.87332,2
152.70418,26.209085,151.31401,151.36473,2
46.95106,53.270878,151.46317,86.42465,2
52.53889,36.14312,150.54137,110.48308,5
46.402443,99.41286,153.08005,96.5721,5
139.30667,50.089737,151.49863,75.909874,2
119.92598,74.668724,152.08011,75.81668,2
100.87982,138.69373,152.40108,170.55363,2
167.1864,8.179362,151.49498,48.780525,2
126.6163,83.20675,152.79277,34.08918,2
0.8024692,36.0449,151.51758,79.129486,5
53.390556,70.47999,152.39444,93.00799,5
122.6889,115.00449,152.82698,211.50406,2
36.08621,19.87016,149.73154,189.14958,2
180.03389,125.10555,154.4265,164.5995,2
177.67421,127.806786,154.69286,75.19212,2
175.46701,70.43287,151.2614,197.50299,2
113.00323,134.16107,152.63736,53.997852,2
35.159485,95.630936,151.57074,89.77933,2
141.20804,48.065205,151.4714,182.59209,2
163.77614,128.25201,154.13188,182.85178,2
185.93195,148.47548,156.21828,63.228832,5
124.81911,88.565094,153.12769,83.09938,5
83.64735,121.58537,151.51904,184.04362,2
122.07802,132.43312,154.15773,101.738464,5
135.3812,132.87093,153.13512,189.02545,2
60.993557,42.209366,151.03912,67.75267,5
192.43924,122.39726,154.49448,78.90773,2
179.75829,78.840096,152.38863,177.14691,2
32.902103,108.862175,152.9005,86.125916,5
108.99318,52.242626,151.15872,188.81905,2
70.028305,2.5381653,152.21204,173.64804,2
123.04039,144.57707,152.9497,192.59058,2
155.8462,27.788996,153.30145,66.12191,5
186.21294,131.74342,154.93918,41.398872,2
54.118877,65.65928,151.96063,78.29693,2
3.3314333,48.061893,150.87206,205.90555,2
62.441513,99.25333,151.89246,176.2187,2
184.50027,132.22656,155.68858,125.604614,5
172.29562,74.2595,151.91107,218.69229,2
116.62082,26.599327,152.45338,125.8937,2
7.999725,91.222664,150.26118,168.19463,2
62.70192,9.365758,153.37671,87.859566,5
6.3364058,32.429554,151.0908,81.49482,2
131.52957,31.022505,153.27934,91.203445,5
51.270172,148.01456,152.02188,65.45429,5
138.96953,115.64889,153.63185,80.00705,2
69.20463,112.89186,151.49219,157.78719,2
72.506195,57.6689,153.65665,115.27044,5
8.738514,143.64166,151.5568,119.31843,2
7.30141,142.74635,151.7935,110.37778,5
27.899618,115.07563,150.92365,142.15164,2
142.29475,90.18702,154.53761,112.275,5
38.59047,113.0909,151.27533,62.560806,2
68.27731,143.28511,151.00111,190.83627,2
169.80626,18.269321,152.81715,98.91193,5
55.29987,123.186676,151.14275,173.53204,2
147.16522,137.62169,153.41081,78.80457,2
189.04674,31.37488,152.6106,199.1431,2
78.68415,1.6134452,152.31981,193.27013,2
86.73276,11.857755,152.61795,150.02483,2
193.60963,143.63971,155.59288,196.84108,2
181.12405,125.228714,154.47859,55.8642,2
137.67163,131.04242,153.22803,211.19087,2
96.37051,130.0775,152.01051,179.91275,2
36.257725,12.366414,150.7588,199.98003,2
48.083332,26.268793,149.90604,178.96268,2
56.481205,54.403145,153.17952,114.173386,5
173.86684,31.537132,152.11192,192.55882,2
187.33803,53.30906,152.3322,148.87764,2
47.637463,144.33562,151.67464,47.521767,5
69.01241,37.76727,150.57738,196.65173,2
186.96521,96.34748,154.60881,60.97176,5
35.311207,78.91634,153.26419,72.644905,5
135.50505,17.767515,151.51442,204.87004,2
9.667021,51.384434,151.04443,181.91158,2
52.881634,5.8699284,151.81372,189.28867,2
84.89739,48.80299,150.79205,201.98341,2
45.12424,41.79209,150.69206,175.57867,2
24.039316,0.63169557,150.75665,184.3731,2
149.12265,56.348587,151.16017,108.97634,2
105.608315,82.14653,153.1251,82.80867,5
72.11983,86.0904,151.87224,156.23848,2
15.569783,138.44563,152.67099,65.55609,5
193.33672,56.40495,152.11597,146.826,2
44.856815,100.060104,151.71886,205.47415,2
70.77217,136.51724,151.12657,186.28044,2
146.76852,72.39828,151.8137,175.13281,2
1.2799702,70.10824,151.83958,54.069084,5
88.847145,98.929344,151.44984,150.4945,2
65.47164,103.31009,152.34164,70.758224,5
62.755207,123.15317,152.03156,116.20853,5
37.072807,24.497465,149.5123,163.4854,2
156.39578,20.682898,151.50494,79.7421,2
25.298094,78.883766,152.8105,78.68968,5
162.31099,47.668476,151.8973,166.01073,2
120.46797,87.17388,152.39474,201.96574,2
121.044914,131.18237,152.81927,162.02377,2
31.35805,8.417201,150.82425,102.47983,2
14.611955,0.3466602,149.72015,163.44612,2
78.62127,47.5632,150.61102,165.70723,2
127.64381,40.883755,151.93869,185.80138,2
123.40249,31.217142,152.06757,169.4659,2
32.512794,131.83112,150.84308,207.31529,2
43.84082,116.880775,151.24919,173.27698,2
3.538819,16.025557,151.65729,98.63046,5
163.7181,27.86455,151.6274,239.04189,2
89.647354,97.448494,151.98074,95.26157,5
63.186523,123.741165,151.2321,217.81712,2
104.51362,26.88078,152.84909,230.63596,2
0.019104285,63.203506,150.48985,168.14899,2
185.5818,141.24875,156.30023,79.71079,5
27.579773,144.30481,152.11885,92.91225,5
82.13765,149.01392,151.68515,181.06474,2
117.163,15.917262,152.32742,192.04684,2
100.32363,106.58297,151.90836,51.393158,2
149.56364,124.52126,153.70541,150.21707,2
118.7975,98.80147,152.68614,101.211464,5
166.11057,114.3195,153.96587,175.23126,2
13.636836,24.783398,152.69336,98.98437,5
176.13457,37.00187,152.31519,156.44115,2
64.095764,148.89737,150.68245,156.88945,2
32.831184,101.0221,151.27641,88.33619,2
148.86748,30.912039,151.309,185.7613,2
99.597496,39.864964,152.55013,189.36191,2
159.40439,26.663982,151.55173,114.37362,2
159.74997,7.886927,151.4271,165.67361,2
35.01498,100.40354,152.10783,82.486046,5
123.811295,98.11778,152.8498,86.39547,2
118.54897,6.9697757,152.10912,156.18066,2
78.08959,26.828192,152.58665,83.80866,2
77.2734,71.89947,152.14514,147.83783,2
0.5879535,110.70359,150.42557,178.35034,2
157.08156,81.15131,153.04268,176.36313,2
58.561924,15.1132345,151.78223,173.93213,2
83.06013,27.29019,153.85725,89.05709,5
112.37398,54.154762,150.89586,172.6946,2
188.7632,24.989511,153.82455,65.2112,5
150.54132,67.84463,151.08835,186.51387,2
69.12755,44.74488,150.31902,137.65073,2
55.539585,7.7831826,151.8091,175.51173,2
161.53354,147.88786,154.20035,160.73836,2
130.32628,66.38549,150.94652,177.43216,2
144.35214,70.76516,151.78496,83.34956,2
38.311092,116.18676,151.10878,54.696705,2
64.07039,33.713337,150.50551,156.83612,2
100.61556,76.638794,152.20729,131.23207,5
9.394473,1.8077335,148.96548,145.16061,2
62.74842,44.075176,150.27759,92.350815,2
37.57066,57.29546,152.48239,101.62533,5
178.9002,33.18028,152.3128,177.52675,2
179.63861,125.17545,154.45143,24.214407,2
199.4674,26.230337,152.70076,158.53844,2
187.5106,11.697666,152.07709,168.02547,2
5.9788,126.43358,152.3612,118.53499,5
185.65828,123.21635,154.46417,210.48889,2
154.65971,24.410425,152.68991,125.64982,5
139.30219,93.59346,155.27734,111.95737,5
198.9182,131.15662,155.0252,174.9597,2
163.28334,32.21185,151.6393,65.298546,2
8.666262,96.18272,150.27997,183.98154,2
8.6783,44.558098,151.18552,201.49934,2
159.50612,65.01283,150.83134,186.3807,2
184.16254,121.06135,155.69511,23.037533,5
110.10618,25.659725,152.95306,140.85187,5
87.11085,113.849236,151.49783,162.47786,2
97.92917,0.15949334,152.20544,179.58994,2
158.68416,147.78474,155.73364,109.00313,5
75.3238,0.14686844,153.06564,90.82333,5
149.20244,74.15245,152.12233,160.3264,2
72.54205,101.16834,151.6779,130.78804,2
174.44,77.403854,152.29277,82.69478,2
134.37083,10.152142,151.66049,184.3407,2
44.61457,143.19492,150.45853,111.91722,2
164.343,64.31224,151.87494,92.64955,5
192.50003,24.49384,154.03667,116.26363,5
111.295265,77.13388,152.03114,177.3907,2
152.39908,92.9179,153.9115,80.96822,5
160.13235,134.23224,154.11029,173.8141,2
177.85466,55.113384,153.19104,90.28347,5
37.70987,1.020948,151.56166,207.15858,2
47.78445,68.737495,151.79321,158.5367,2
178.70656,12.908288,151.88191,159.55975,2
119.51468,32.541954,152.30196,33.14148,2
188.085,130.24419,155.86232,48.381355,5
151.98604,105.2517,153.87798,151.35971,2
25.687323,105.68988,152.70752,38.559116,5
123.94687,83.02002,152.68616,82.55463,2
156.53833,16.943697,151.42712,78.3481,2
189.58342,137.49995,155.22353,113.73907,2
63.252003,77.42345,152.06032,151.65543,2
148.7175,126.032524,153.64636,172.8298,2
79.9607,147.91988,151.58728,165.31734,2
117.606804,143.41263,152.83661,144.80939,2
176.03807,145.62091,155.21112,105.69223,2
149.13824,4.4479923,152.0328,71.5932,5
165.69452,2.180638,151.45726,196.26921,2
123.77898,126.004135,152.83574,200.98875,2
51.404877,50.993927,151.41382,167.7521,2
138.97975,56.48929,150.96294,196.12431,2
15.025723,18.622593,150.11708,213.95926,2
19.603481,73.477394,151.33165,89.172745,5
49.00889,1.937473,151.92241,84.27262,2
83.83624,74.40159,152.00159,37.867508,2
148.27892,75.390335,152.35143,222.07098,2
118.359566,89.08776,152.35109,173.60803,2
196.07802,76.39054,152.20453,195.73878,2
192.42642,120.98001,154.4656,166.9532,2
28.216652,29.168829,150.46118,169.00266,2
60.50613,50.911793,151.28267,164.90628,2
85.268875,114.53916,151.4825,203.06093,2
52.82007,133.80684,150.92014,67.021164,2
38.718624,126.41039,150.94545,186.21204,2
156.65382,105.169174,154.61647,81.632965,5
150.1749,52.04369,151.41478,169.98923,2
44.37626,118.199875,151.21738,207.11829,2
193.61972,67.99474,151.29987,73.10267,2
199.2917,107.64135,153.78955,117.3792,2
101.132286,39.80547,152.64557,161.43365,2
128.58531,109.37814,153.02031,164.35538,2
172.56828,105.9337,155.31668,58.732178,5
135.1526,95.45114,153.33278,195.66118,2
34.105286,124.3286,150.95651,184.40352,2
26.488651,122.28145,150.90001,163.48593,2
23.260466,26.783707,150.6075,195.77852,2
167.19269,34.708267,151.90413,147.98903,2
136.72273,85.33591,153.12917,155.03448,2
99.695984,3.1566172,152.32062,163.53256,2
196.38533,100.2438,154.3525,88.34647,5
134.3463,27.22331,151.50488,155.16869,2
82.496216,54.783813,152.83318,102.0539,5
131.4067,28.603151,151.6625,178.67546,2
140.88004,95.68722,153.58243,120.368484,2
100.43944,142.91983,152.49942,183.37195,2
115.70025,25.800629,152.52527,92.51974,2
94.33875,72.19032,151.84377,180.295,2
162.82771,50.128742,151.79202,190.08455,2
59.57142,35.838005,150.14311,93.09919,5
125.80643,5.561662,151.92924,92.06141,2
67.66162,118.34395,151.45154,186.58475,2
197.67593,129.83998,156.73788,86.58229,5
2.30928,14.291402,150.14482,194.59283,2
58.904335,76.19447,153.3229,51.107525,5
132.93301,94.34995,153.19193,177.82364,2
54.892174,143.24472,150.45746,215.9831,2
195.88945,126.93342,154.7783,162.47697,2
149.86552,92.24354,153.61777,175.22144,2
138.98741,37.227818,152.67001,34.90599,5
123.49859,5.097591,151.92839,163.57455,2
0.17594892,78.26579,151.38799,94.43284,5
93.245674,94.060974,151.49904,125.284775,2
118.31986,119.75961,152.55989,159.44827,2
106.86615,135.56384,152.53903,127.17289,2
163.93442,13.496562,151.54211,141.61034,2
55.996796,3.9388974,151.94743,173.37833,2
0.11761754,64.38335,150.42682,120.90302,2
174.93636,43.343357,152.33061,150.24889,2
167.03564,22.948532,151.62837,76.20247,2
28.484587,52.629395,151.30923,190.40953,2
6.0958123,109.72778,150.49644,170.33595,2
160.88646,25.287363,152.34651,114.1855,5
21.477724,102.82544,150.74748,168.71463,2
77.10419,78.76451,151.84183,199.0742,2
136.86934,76.884514,152.6052,105.18556,2
77.10106,70.11683,151.961,180.81966,2
6.5575814,109.44686,150.92819,121.29021,5
179.187,10.788604,152.00046,80.607254,2
107.04901,35.030685,152.7475,81.837135,2
160.61572,16.993979,151.41678,64.12544,2
169.99663,111.18608,154.80247,128.66653,5
171.8036,27.848251,153.66183,99.06208,5
154.5662,55.31492,151.28702,209.98878,2
154.19498,67.36583,150.98831,174.94804,2
75.507774,64.84009,151.95409,176.23705,2
78.821754,39.854378,153.04054,91.61195,5
185.50572,53.612053,152.17586,205.73248,2
124.616104,98.40912,152.83412,55.12794,2
104.58721,92.508575,151.70042,104.43752,2
8.666611,112.62423,150.58345,159.63332,2
35.781357,30.548557,151.69606,104.2754,5
54.67271,32.11388,149.78526,75.4242,2
130.35562,139.22368,152.98833,204.043,2
103.687675,131.08205,152.26912,210.09052,2
61.80504,44.084103,150.32706,174.3387,2
115.08287,61.356148,150.67567,176.83963,2
2.5791044,123.29644,150.9176,211.54968,2
195.20663,20.003975,152.47488,168.4512,2
169.80534,51.3645,153.21095,96.96421,5
104.133354,102.10576,151.67363,213.83919,2
47.943005,123.739395,152.89738,88.79379,5
77.40923,70.849014,152.13423,90.58771,2
36.331482,149.57585,150.58266,115.794136,2
114.89818,140.49966,152.72546,203.36545,2
162.17262,134.5168,154.14449,175.25394,2
156.7718,29.648815,151.44849,24.409655,2
28.789804,30.518225,152.2258,93.59561,5
109.53762,102.31171,153.1924,92.19424,5
159.7201,82.17647,153.093,165.10742,2
113.29233,116.58248,152.29619,196.32117,2
52.08056,24.829933,150.43237,208.19618,2
89.30015,21.650473,154.47604,70.03631,5
110.88889,79.310974,151.95576,194.5079,2
96.07739,3.2772477,153.47893,95.459625,5
173.72635,104.65394,153.65749,195.97453,2
105.67253,139.72525,152.77708,125.7036,2
110.94151,38.223812,152.54149,178.35274,2
83.35935,44.384315,151.02655,202.54958,2
189.88623,128.38873,154.76895,198.97925,2
108.14251,62.507782,150.9041,165.18637,2
101.42035,18.482056,152.82118,197.22795,2
196.84047,53.155262,152.50746,89.02656,2
1.8785285,55.04972,150.7563,218.29234,2
199.81978,22.024696,152.65811,205.11122,2
40.387432,26.626917,149.45169,182.51546,2
108.68583,143.20099,152.86357,89.57854,2
188.60597,65.84237,151.00093,191.62039,2
154.1258,133.73387,153.76637,186.61743,2
71.102036,27.8903,151.95198,179.44568,2
193.98587,95.66677,153.28635,203.371,2
190.33424,123.630905,156.27536,120.546646,5
82.22787,6.1804466,152.4377,178.5667,2
0.18097077,118.824394,150.79039,75.72065,2
167.71559,27.069134,152.25296,68.38922,5
147.97847,127.93921,153.73308,127.073555,2
61.819427,53.241272,151.48007,164.87363,2
168.14096,98.59577,153.60922,54.373573,2
70.27131,71.38795,152.00316,176.13446,2
39.776726,46.00014,152.61115,77.58593,5
38.401493,46.86174,151.32516,85.723724,2
62.843285,6.5865126,153.63536,103.392715,5
97.048676,96.72415,153.31195,56.990456,5
126.688446,120.16836,152.87958,198.18242,2
106.36642,81.95187,151.85704,192.5916,2
100.35503,15.607856,154.4443,80.3837,5
167.42398,140.47646,154.40044,188.31636,2
61.717552,52.765842,151.57156,77.59118,2
26.344572,91.56198,151.25829,48.15987,2
177.78214,25.242407,152.17256,165.67722,2
127.97241,24.000624,151.87657,150.8686,2
90.01369,132.94502,151.90979,169.39435,2
92.89409,85.879135,151.60628,114.4599,2
109.48187,0.33899578,153.20084,80.71133,5
183.50626,12.448842,153.49457,120.456406,5
186.97777,130.63583,154.89256,222.848,2
49.571213,63.010487,151.76265,190.6338,2
68.80265,95.15528,151.8519,184.94019,2
119.5665,23.841183,152.52344,115.91152,5
90.17465,9.231598,153.62334,65.77604,5
173.9651,133.08806,154.60567,188.68556,2
103.146225,125.18799,152.11148,102.484436,2
136.88307,145.23622,153.14336,219.51373,2
195.0289,123.646904,156.35342,66.383354,5
180.6733,63.381195,150.97035,188.03235,2
51.417267,97.46166,152.48079,63.543713,5
133.39218,63.143307,151.3237,131.44801,5
108.64009,88.52822,152.34361,103.8907,5
171.58675,42.745113,152.21284,167.34889,2
106.91117,51.140427,151.30048,187.39688,2
106.48398,102.68084,153.62495,114.07804,5
93.8522,48.23873,152.06676,85.13481,5
193.12935,96.860825,155.10283,54.96585,5
83.05772,84.68077,153.58842,72.13865,5
159.86594,43.598408,152.07062,79.34107,5
35.341625,121.53519,150.99963,174.25201,2
39.84676,120.552734,151.08302,176.32574,2
33.720093,122.16592,150.99324,168.8401,2
8.241677,121.86897,150.88808,176.38808,2
70.4695,70.60508,152.30576,111.13435,5
178.03732,25.518723,152.12839,177.68445,2
188.97537,70.6445,151.42084,117.58935,2
23.352364,34.759933,151.24353,159.87595,2
146.97795,82.3855,153.86864,93.98524,5
5.8833065,131.85487,151.47513,102.53939,5
107.72918,141.95631,152.61368,186.1593,2
68.64598,122.81984,151.36664,193.18456,2
158.80716,25.296724,152.5224,101.10285,5
199.1757,22.097658,154.02852,106.78839,5
195.63466,140.37761,155.46425,107.14864,2
183.76102,50.421654,152.5059,159.74332,2
43.170685,71.24338,151.6899,102.29541,2
172.92148,28.647778,152.29097,90.02858,5
68.75049,98.83648,151.94365,64.79813,2
55.387787,48.239944,152.15546,103.271706,5
16.081026,54.117783,151.93977,90.85094,5
148.58368,55.141655,151.18867,172.59314,2
18.262335,30.424213,151.18283,189.4987,2
40.119297,79.81342,151.7465,205.85782,2
42.943123,101.18758,151.72568,132.4915,2
114.38041,143.02156,152.74356,109.07124,2
118.68947,78.37507,152.23232,187.44368,2
94.18332,40.270206,152.35551,191.04344,2
152.04007,50.487553,151.57028,161.72363,2
130.45467,70.997826,151.6255,170.09755,2
154.20624,24.643093,151.29259,188.33784,2
108.34988,67.566246,151.90445,84.168144,5
96.40287,140.8774,152.32693,225.00266,2
33.45154,2.7902765,151.27315,179.57146,2
176.24129,63.19651,151.60712,127.33486,5
146.14546,122.46628,153.63162,200.57549,2
35.31213,37.8597,150.93451,189.74854,2
198.18163,120.5762,156.13222,99.39286,5
59.330944,50.801304,151.41771,55.287975,2
190.18742,7.8498354,152.03029,125.951996,2
172.5941,107.991165,154.20209,107.183,5
184.05486,103.99915,153.53442,93.71901,2
121.1248,30.22709,152.18973,164.07912,2
89.99657,68.88349,151.89069,183.79391,2
129.52324,70.22158,151.54137,191.0068,2
154.71843,145.28915,154.67075,61.727966,5
40.73148,125.31888,150.93993,176.60901,2
43.235397,123.83337,150.96785,150.99646,2
16.08377,40.107765,151.2821,147.74115,2
63.521572,54.14492,151.54958,201.17767,2
153.4561,95.19997,153.78917,66.16501,2
2.2407675,14.82918,150.34212,106.05785,2
66.33732,88.97209,151.97835,104.98313,2
70.63279,38.958035,151.06905,89.18036,5
165.99733,6.060764,151.48254,193.6788,2
195.05093,96.16783,153.2968,219.83777,2
28.011381,51.523193,152.90652,130.39986,5
178.62616,74.609726,151.84415,188.03523,2
21.525068,62.458336,151.01834,168.97752,2
55.44941,103.3179,152.59402,134.78456,5
26.16171,5.702265,150.60739,149.99216,2
83.54089,15.827902,154.51216,72.50972,5
11.665712,7.275932,150.01569,57.654106,5
174.56339,28.658493,152.03812,174.83954,2
26.627062,17.38064,149.47949,160.85236,2
170.95795,116.718636,154.30487,82.046715,5
25.96355,96.72226,152.74477,129.90804,5
2.4512553,74.68738,150.36513,106.90307,2
101.94982,130.65694,152.45413,61.363167,2
105.05589,89.11661,151.76314,121.2654,2
59.88578,9.941352,151.93645,155.06424,2
194.6902,100.812195,153.46495,117.7629,2
182.87234,110.27364,153.8385,79.59959,2
154.1054,127.58536,154.10703,49.84585,2
146.78508,101.90641,153.74126,178.13805,2
100.51183,125.15296,152.02611,126.958565,2
20.47743,111.52993,150.7457,174.9057,2
128.74765,130.68279,152.94348,152.57614,2
0.38948935,147.28627,152.81076,32.85304,5
195.01787,11.086133,152.17705,101.110115,2
127.92958,147.3743,154.00792,90.59027,5
161.11388,0.09456284,151.51157,224.24196,2
144.06738,70.87005,151.54224,200.86008,2
176.56168,121.29627,154.29205,196.7693,2
182.83481,13.68235,152.10986,60.69803,2
149.31857,119.79583,153.74149,214.26115,2
172.94685,56.69406,151.5296,181.07777,2
52.63287,107.30746,151.63089,184.78279,2
184.04651,73.224304,152.66205,53.1034,5
107.66034,21.645891,154.62917,74.86677,5
189.41095,72.37796,152.85059,78.12852,5
63.370815,25.983315,151.4185,200.38371,2
142.54138,101.98834,153.62259,195.30492,2
122.854294,46.661495,151.80179,163.60808,2
5.023153,82.82938,150.20712,178.79022,2
110.692154,25.270634,152.60832,189.67441,2
129.90514,23.311443,151.73235,161.28372,2
147.09846,31.677746,151.5649,65.020355,2
48.48043,71.07202,151.9354,86.71409,2
82.8783,127.46739,151.57025,164.6881,2
97.844986,102.79336,153.39085,99.54119,5
188.0038,3.6695385,151.7588,187.17427,2
186.29042,121.73475,154.44128,59.033813,2
193.72647,124.576836,154.6476,160.66899,2
26.520899,126.06265,150.94952,147.42824,2
76.009,77.23188,151.89142,159.91399,2
191.94003,103.51911,153.60599,198.70549,2
193.57506,90.066,153.63708,98.87121,5
64.304825,104.8704,151.69315,215.2345,2
182.14137,126.577934,154.5941,210.57312,2
43.715523,112.786415,151.40186,184.0415,2
108.920235,70.65777,151.86174,74.15509,2
120.66892,70.37458,151.5642,192.58522,2
189.52446,33.614735,152.67871,167.46642,2
84.13843,42.91008,151.32437,174.86438,2
34.539204,48.146103,151.79474,116.1654,5
194.89491,57.2427,151.99582,187.30199,2
193.74683,146.219,155.68822,64.58327,2
64.71417,146.21991,150.7547,165.11302,2
21.623411,29.012142,151.10654,55.413082,2
129.17433,39.01918,152.40977,84.929375,5
119.292244,133.16391,152.73254,163.2008,2
12.605975,71.7196,150.75095,82.4558,2
169.87271,96.84206,153.51086,191.95091,2
66.97396,91.58017,152.28087,110.99458,5
36.434532,11.6431055,150.81177,172.90251,2
29.632032,141.8398,150.81664,165.07693,2
17.972319,100.86954,150.58862,80.5657,2
78.68132,146.01486,151.47467,194.64952,2
125.333916,67.35474,151.86458,92.50779,5
138.25865,57.59554,150.77266,191.6293,2
173.3011,121.337425,154.2553,181.34451,2
84.738716,15.498897,152.67033,153.276,2
59.863583,78.374146,152.03136,212.78336,2
105.762505,104.19863,151.76822,69.58509,2
178.21393,147.63596,155.21101,169.17009,2
143.9207,16.065273,152.85596,60.252056,5
109.9822,119.8145,152.21613,157.49947,2
197.7891,47.70157,152.82437,162.2152,2
73.35311,70.039955,153.4902,138.23125,5
31.948078,21.456814,149.52339,208.16678,2
155.16539,81.14998,153.06075,180.26819,2
6.8083563,6.0600767,149.23102,49.581833,5
49.659176,20.668825,150.78526,199.34636,2
88.468124,120.10994,152.50488,90.59838,5
91.233826,73.4785,152.40033,81.45035,5
95.3095,1.6577579,152.49594,102.45534,2
51.71212,73.99381,151.88878,176.15028,2
31.510237,138.73082,152.58414,63.250572,5
195.6041,2.3133998,151.85225,171.43234,2
18.09613,130.9508,151.07117,117.18007,2
61.206055,9.491691,151.925,220.0744,2
107.4619,43.163834,152.36044,203.41063,2
33.32979,98.81474,151.3066,162.42615,2
151.06903,127.4489,154.22363,96.41765,5
137.96165,49.408104,151.4666,172.70625,2
170.14539,143.69931,154.59709,195.67305,2
52.683235,95.767204,151.96875,144.79619,2
17.199192,108.96917,152.30281,121.44911,5
19.061924,26.207552,150.85031,75.44917,2
85.62248,145.7816,152.02791,117.98556,2
127.79543,104.89355,152.9959,170.81308,2
121.987724,112.07601,154.20526,104.36441,5
22.517534,124.17602,150.9535,201.9232,2
93.53317,18.570068,152.84334,180.79143,2
79.02294,49.82058,150.77658,93.838524,2
148.5511,56.303272,151.03981,178.87689,2
3.3060782,30.556767,152.71834,90.076065,5
22.988523,25.346096,150.4931,156.57674,2
186.03925,53.481464,152.24805,135.43536,2
41.37714,23.607496,149.66023,140.2588,2
179.93938,117.85469,155.82466,84.300705,5
95.94551,135.45724,152.1788,171.82213,2
183.74033,145.87585,155.36998,227.32996,2
179.63577,135.22522,154.88257,180.80382,2
108.47218,46.46195,152.6198,57.48165,5
99.96805,60.145977,150.95549,179.49559,2
104.89761,22.015608,154.28598,100.92791,5
150.59962,27.867317,153.14644,56.76056,5
168.78148,14.049795,151.56296,204.97691,2
49.73148,20.82354,150.77203,174.42572,2
162.29366,33.60102,151.63573,163.16113,2
30.620075,9.614492,150.61024,137.77106,2
143.95407,65.23041,150.76047,180.74438,2
116.84896,147.44801,152.88554,160.37816,2
84.47492,17.372988,152.64513,166.03459,2
31.296787,131.29776,150.83243,80.98959,2
168.94164,54.374054,151.70926,190.42758,2
103.907936,104.24668,151.65909,208.02406,2
179.01173,34.991737,152.34552,177.12158,2
143.40274,120.80626,153.59474,161.83621,2
193.22333,79.14823,153.619,48.750687,5
22.36259,99.04272,150.83046,206.13766,2
87.684586,97.95823,151.51196,59.517002,2
195.37532,74.811104,152.09886,99.24541,2
21.33821,70.15885,150.96013,172.09566,2
130.85106,122.98633,153.62578,108.56407,5
113.89899,21.726969,154.3458,84.476036,5
112.12811,6.5494924,152.28827,168.17938,2
90.25217,48.053905,151.03604,201.2473,2
43.941544,100.2692,152.7785,105.58931,5
30.328465,62.10932,151.2815,95.17423,2
122.76094,94.673645,152.7119,163.847,2
69.68329,102.56367,151.69872,174.90646,2
17.399944,78.19414,151.50099,74.18953,5
154.63356,23.430443,151.32054,179.65033,2
7.341363,47.06566,151.06921,210.55276,2
0.10338537,46.879627,150.85036,168.81711,2
84.83119,0.95262915,152.29648,203.37854,2
160.28328,147.57039,154.08728,179.76173,2
9.371032,93.11723,150.33064,183.24757,2
102.018,77.0902,151.84323,176.72838,2
72.172356,21.714031,152.1928,196.46469,2
55.80995,54.88164,151.57254,146.91487,2
65.11124,122.678154,151.44846,96.091774,2
88.64519,97.335556,151.43782,178.65555,2
88.79362,148.17616,153.45909,113.35658,5
121.51313,38.39073,152.21088,160.98198,2
171.81343,25.128412,153.24991,70.43019,5
161.86626,48.883884,153.65158,92.890305,5
82.159546,24.434153,152.62056,168.27063,2
196.46388,24.692236,152.60027,181.96008,2
57.338406,7.3474936,152.5336,59.666794,5
109.05148,102.81226,153.67639,100.28552,5
90.45244,85.67921,151.58792,185.03642,2
47.68431,61.84465,151.69427,52.686077,2
22.331766,78.795074,150.94597,189.5529,2
163.381,103.24299,154.88466,74.846375,5
29.892303,132.71152,150.88377,180.97273,2
2.6073737,104.688065,150.34366,232.62102,2
186.21667,40.198936,152.70398,223.26855,2
125.81857,123.55822,152.87025,192.83646,2
61.451458,53.74986,151.53647,200.78532,2
54.881966,52.47718,151.47514,224.70377,2
101.22738,29.468323,152.90575,57.220177,2
192.10294,107.9712,154.09673,96.16154,5
67.50729,57.213867,152.50667,70.72862,5
194.85445,133.439,155.6437,79.19767,5
177.55885,143.96735,155.07417,173.61882,2
135.99477,130.62642,153.2107,186.34232,2
55.868835,11.439654,151.72472,92.58545,2
104.82007,126.22458,153.12524,133.71918,5
44.01143,84.174385,152.77786,64.80884,5
83.32833,1.1696928,152.3052,172.56216,2
118.50561,8.535526,152.21162,106.17066,2
48.605675,44.59512,150.93434,151.3675,2
199.88754,106.95624,153.84354,178.40488,2
99.83438,33.257423,153.96063,84.62213,5
40.28608,0.15260269,151.64444,191.8717,2
133.60695,64.769104,150.80283,77.167145,2
8.725112,38.51043,151.18106,187.66408,2
184.43033,148.85414,155.52621,91.37231,2
67.82679,15.453248,152.13034,186.02054,2
102.17115,59.736942,150.85695,199.27046,2
26.545574,47.614502,151.42758,99.545746,2
12.702803,40.49249,151.72165,41.96349,5
193.36469,133.18361,155.09969,164.65053,2
162.77267,58.43373,151.73976,99.16943,5
34.380444,75.341415,151.47331,147.66635,2
167.77304,50.069023,151.98227,197.98053,2
188.3868,72.03754,151.81377,86.49688,5
65.26224,31.750713,151.00934,93.06948,2
60.33256,123.496155,152.70416,175.07741,5
123.87906,95.12007,152.87369,20.564785,2
34.73975,74.32809,151.48784,52.446198,2
197.8708,14.430035,152.30397,147.00476,2
90.187325,86.40147,151.56834,99.87934,2
116.06276,18.232838,152.26079,176.85234,2
128.59834,145.46669,152.95187,179.36267,2
140.3037,59.816174,150.7257,183.84143,2
48.92806,123.41099,151.11018,194.01337,2
63.10203,146.21039,150.75519,70.08762,2
13.985338,103.35362,151.39055,114.39713,5
57.996334,99.48145,153.36789,102.99747,5
156.93736,25.943266,151.36519,75.144936,2
46.83492,83.33799,151.94365,177.94312,2
3.019764,79.241165,151.32812,89.92328,5
50.005703,93.18589,152.77654,122.830605,5
32.83937,47.59521,151.32248,132.33734,2
170.08757,79.21753,152.64348,170.98775,2
188.7525,20.378914,152.40431,124.22328,2
26.010633,95.60331,150.95885,181.38852,2
176.37962,98.009674,153.37544,145.1447,2
116.13175,51.748985,153.13695,53.193813,5
198.83875,28.72056,152.73874,166.36678,2
52.137222,12.044819,152.15858,132.55399,5
90.53326,57.66934,152.86867,99.97387,5
175.87675,39.22578,153.35867,95.70675,5
3.4639418,29.068813,150.96878,103.94627,2
145.98932,115.74556,153.67213,186.96706,2
57.095844,32.27671,149.94064,180.35658,2
40.412754,109.66446,151.45363,119.49453,2
177.18713,138.63301,154.90797,137.27815,2
191.01945,98.851715,153.352,188.30803,2
30.735962,12.918293,151.82487,127.18711,5
59.092884,144.73097,152.32793,81.01646,5
122.121056,2.6864214,151.99898,112.44668,2
127.60347,5.080943,151.8387,172.5966,2
174.61368,65.76657,150.95357,96.858185,2
196.18744,36.86049,152.8252,187.32762,2
46.07671,43.479122,151.0194,197.18523,2
54.60651,67.348854,152.59831,51.698215,5
14.160458,65.85969,150.80339,160.47125,2
49.69072,49.748077,151.4304,88.89094,2
147.12074,52.00099,151.3849,171.84256,2
107.218155,104.964386,151.84325,175.34962,2
65.01722,66.40193,151.96889,152.30272,2
83.35752,85.70738,151.68106,182.65784,2
133.01399,41.20221,151.70883,204.93536,2
37.453926,56.621025,151.40468,80.4689,2
45.86379,141.79851,150.51704,144.08769,2
139.87973,123.692116,153.35506,159.78236,2
182.31024,148.24756,156.42789,104.704124,5
158.74182,9.364985,151.40633,193.26036,2
141.14912,92.873,153.76666,68.02057,5
134.39677,126.57129,153.14453,186.39981,2
118.46432,80.564384,152.25543,67.96648,2
17.90107,16.230623,150.71623,110.823044,5
110.36706,96.90883,153.63081,67.37681,5
166.0901,129.54437,154.26613,202.48927,2
41.108326,33.611576,149.97668,210.49916,2
59.458244,130.56519,150.92377,143.3326,2
137.31314,124.67969,153.50586,102.1928,2
42.388565,138.3413,151.85373,91.67384,5
6.6347136,80.43633,150.31535,45.926254,2
179.2189,124.875984,154.41325,172.82594,2
153.65785,133.04178,155.14983,102.38624,5
83.666176,126.63799,151.55666,168.06662,2
37.84427,79.89931,151.59152,62.615612,2
65.28107,49.615444,151.23903,55.64308,5
136.64876,112.41566,153.37224,222.28302,2
157.52614,34.970737,151.56963,148.8343,2
81.8172,142.6657,151.65799,181.0969,2
95.56674,34.499706,152.88884,165.1776,2
196.79253,94.2115,153.2884,194.8855,2
188.03433,54.84713,152.12611,183.49893,2
109.56875,94.277596,152.74501,83.15188,5
45.645466,107.184265,151.54259,187.18475,2
145.9532,148.51329,153.87988,74.1735,5
106.32975,82.924614,151.86049,71.526634,2
145.54321,148.53479,153.38141,151.80182,2
147.77422,5.7939286,151.46553,191.84348,2
31.838312,117.35442,152.36084,124.88045,5
3.6019754,126.59368,151.05711,207.3993,2
12.787939,91.5931,150.40593,144.3126,2
165.71458,104.25566,153.77554,184.92474,2
151.47525,79.880455,152.97034,109.288414,2
193.34259,135.47768,155.22447,139.2126,2
184.29985,147.72758,155.5048,194.22646,2
56.697075,124.411736,151.14897,194.72932,2
0.09650096,20.6956,150.75047,43.01603,2
78.053856,69.55472,151.96101,191.49553,2
151.02629,56.378235,151.15471,79.55448,2
13.055895,95.18203,150.4336,186.11919,2
109.01214,22.336674,152.66957,217.12924,2
17.105898,60.780575,150.96033,152.64644,2
31.64668,23.43915,149.55884,111.97267,2
45.578846,126.1838,150.96797,174.29305,2
193.78688,49.506393,153.17738,139.01772,5
78.94411,55.11912,152.50746,46.33662,5
126.87715,30.000914,152.45334,95.58769,5
45.310795,25.926134,149.78331,108.180756,2
120.04107,99.88131,154.15149,99.00091,5
105.986595,21.465149,154.23938,101.72707,5
184.27126,12.558459,151.9339,200.21677,2
72.41936,46.88284,150.49928,79.83362,2
17.381763,108.21942,150.6625,154.01176,2
102.84454,148.08769,154.08936,84.98574,5
83.80092,11.286396,152.56017,121.38589,2
194.88464,10.617355,152.13196,165.26497,2
33.93932,2.852754,151.65712,80.42948,5
159.76547,18.237398,151.41199,207.09222,2
32.806118,56.93323,151.53127,85.1576,2
34.637005,146.00447,150.62466,186.98944,2
115.63985,43.965855,152.2068,68.13382,2
69.58905,31.25441,152.46632,71.49287,5
128.88693,49.265297,152.52988,130.1809,5
63.643448,77.483,152.03287,207.2049,2
119.32417,133.32848,153.79572,82.745,5
70.694115,51.026516,151.03043,173.03812,2
33.867157,37.574543,150.99571,187.52602,2
79.97492,91.85626,151.653,64.55263,2
187.10191,134.81415,155.04158,176.91649,2
31.440277,63.81569,152.99825,65.146324,5
95.02901,103.99564,151.48578,184.35347,2
127.357315,99.56266,154.63942,89.00122,5
4.877755,102.667534,152.09708,77.656166,5
93.552956,3.1819167,152.37015,172.50414,2
22.22479,119.615685,150.9096,62.95105,2
49.045433,116.71957,151.44524,76.35561,2
167.3523,13.265135,151.50108,190.33037,2
168.83696,110.597435,153.88857,130.64857,2
168.98584,72.67053,153.50533,97.5535,5
101.990166,16.286343,152.7271,227.22408,2
102.19941,71.537346,151.84344,61.757877,2
119.87576,27.499521,152.23741,174.78246,2
186.07222,77.81384,152.52109,108.05893,5
181.44937,1.8905818,151.63431,193.98975,2
119.74154,23.75721,152.26837,78.819,2
168.28064,100.99174,153.57245,175.64464,2
46.694904,25.427975,149.83269,187.4613,2
142.32098,132.9767,155.22949,68.409615,5
114.517876,43.666477,152.46266,53.539906,2
76.58189,5.269673,152.28748,150.3341,2
115.825035,56.305172,150.72514,98.78617,2
141.39124,20.773487,151.4732,73.727234,2
93.90509,14.2230425,152.73534,152.65648,2
12.843238,126.79597,152.70226,103.29944,5
176.14766,69.01183,151.58446,55.86313,5
65.619514,63.84913,151.9474,172.6193,2
54.21203,7.1234202,153.23413,125.07328,5
168.66504,95.66577,153.55862,114.49939,2
29.712095,102.076645,151.66597,119.033264,5
148.19537,12.053185,151.93707,73.06877,5
74.861206,76.164696,151.94464,169.04706,2
119.11662,22.238155,152.28667,195.75053,2
43.424603,128.18318,150.89293,62.36403,2
193.5386,42.44223,154.3632,63.177032,5
148.18015,29.919687,151.53264,110.22538,2
156.67293,61.270184,150.8507,179.70006,2
198.68236,96.22987,154.35608,98.65771,5
95.82375,46.760693,151.51302,209.76756,2
163.46129,126.14889,154.89738,92.31229,5
110.22191,90.10815,152.63243,88.36612,5
179.615,112.747475,154.05066,80.73409,2
36.835323,53.782825,151.55766,109.29711,2
143.34659,34.859634,151.41327,161.58768,2
103.59288,92.31723,151.73853,97.16766,2
6.173558,72.56711,152.21495,103.89786,5
36.972878,147.76176,152.38654,99.586006,5
136.69673,123.62101,153.30981,189.49643,2
155.413,63.559002,152.4133,79.090195,5
24.41635,33.698154,152.85461,129.68921,5
194.47551,66.00268,151.13338,222.91975,2
155.2443,80.04338,152.94804,169.41208,2
192.11739,4.4723277,151.89124,169.76552,2
42.87016,49.241447,151.26355,179.4351,2
180.38354,137.94696,154.98643,165.96472,2
73.707184,149.6592,151.26453,136.18723,2
123.42496,48.28695,151.7484,180.32657,2
50.612175,30.82477,151.47295,71.27124,5
171.36636,91.1435,154.45273,35.92469,5
40.4313,32.890327,149.95116,187.17851,2
48.628426,31.487114,149.51012,154.44666,2
114.764114,49.54007,151.57532,205.87367,2
95.08123,118.95137,151.72266,202.41112,2
10.32746,44.77599,151.19171,155.46036,2
54.424065,68.00771,151.88118,147.54941,2
117.66785,67.88777,151.33809,147.81355,2
108.34712,99.2138,152.78261,58.352753,5
126.15573,110.830696,153.16182,109.76711,2
31.781078,17.824305,149.93413,48.704575,2
87.2424,146.91777,152.21379,8.504481,2
124.26159,16.886385,151.99794,165.75623,2
70.198494,138.37453,152.38715,123.216644,5
33.34228,7.5621495,151.00786,129.023,2
128.6257,13.337133,151.79735,207.43279,2
81.05161,22.614681,152.5486,181.97563,2
96.42295,22.463005,152.89981,176.91782,2
123.39578,79.05786,152.36888,164.21405,2
148.32417,109.62941,153.8019,151.66762,2
83.67397,51.861702,152.48425,80.48658,5
191.1188,72.66879,153.25967,104.58362,5
148.74289,14.9890995,151.7671,63.92645,5
150.26747,13.413978,151.3347,183.24147,2
57.460007,22.693594,151.225,169.07912,2
62.922153,5.0887876,152.06776,198.81828,2
192.8744,7.437599,152.48145,141.47491,5
186.12204,99.177765,153.34068,158.35156,2
20.01997,29.212736,151.07805,77.36626,2
164.68517,4.3097634,152.3085,84.034485,5
129.18602,24.852852,151.77602,175.85948,2
152.85516,101.3283,153.85257,93.097694,2
101.51408,104.77269,151.67899,148.26611,2
176.86436,148.12561,156.46385,61.774315,5
82.8355,4.4885387,152.84364,111.59471,5
118.281,51.813328,151.32149,166.45734,2
1.9044807,99.512856,150.20747,165.80931,2
65.0395,102.96571,153.32567,101.35601,5
146.03876,63.420094,152.03767,94.04982,5
134.19148,47.33323,151.63026,194.93048,2
176.94739,29.42915,152.19577,96.19592,2
18.905432,16.34919,150.33058,108.371254,5
143.71027,53.683453,151.39781,85.99399,2
140.24852,147.238,154.14781,123.53911,5
41.411587,108.72122,151.48299,228.57301,2
33.4376,67.521545,151.41273,148.48836,2
13.839151,16.562044,150.1573,128.41228,2
68.46155,130.34073,151.15314,202.69946,2
184.45674,98.81358,153.47047,66.60774,2
175.48083,104.677055,153.59785,193.61699,2
193.86424,50.733154,152.84044,126.23852,2
63.730225,95.09893,151.93938,155.199,2
90.45575,47.8749,151.22197,71.36471,2
161.9308,63.240868,151.69691,118.70344,5
0.65171695,61.095768,151.95047,88.00504,5
165.58882,114.68694,153.92767,173.45384,2
129.39114,27.794018,153.49487,109.62959,5
72.37447,53.53796,151.18037,151.16617,2
25.10455,73.33954,151.92908,86.369644,5
65.15188,85.60594,152.4157,56.569588,5
121.74649,51.919567,151.29587,151.7959,2
73.41206,97.26341,151.66603,145.53923,2
81.88839,145.49313,152.1467,115.05846,5
77.88143,100.62975,151.71057,67.00905,2
155.20341,86.69588,153.48557,114.88082,2
194.46042,102.31223,154.63802,84.390114,5
62.798565,75.03237,152.08313,185.66931,2
40.817085,22.025564,149.79991,168.63902,2
45.0987,106.44265,152.2207,76.998276,5
183.90958,41.909214,152.66447,169.24559,2
46.921604,31.004618,151.27438,123.44157,5
85.4727,92.3896,151.5158,176.98007,2
24.374285,47.35184,151.27225,172.73784,2
88.69977,110.00416,151.66661,122.72414,2
193.66429,10.140182,152.0621,160.46558,2
29.876768,128.63582,150.93135,77.39527,2
121.82858,124.695595,152.74066,177.6389,2
163.82707,1.1508896,151.46962,209.50708,2
169.9181,135.32622,155.65758,153.87775,5
61.875973,59.016415,151.78946,201.1792,2
109.37158,122.27645,152.18637,74.92441,2
167.8135,64.68839,150.84827,180.89346,2
142.164,88.61926,153.64413,45.842606,2
41.06449,144.74364,152.40628,90.26697,5
169.07448,68.29626,151.04868,147.8634,2
122.01081,25.579723,152.33333,85.6137,2
140.5834,64.522705,150.6919,181.2736,2
138.23125,90.312904,153.35352,182.40433,2
122.705345,41.891056,152.45163,63.164726,5
50.70775,11.839987,151.58908,180.62306,2
115.1489,126.8403,152.55988,161.6466,2
186.51692,68.00091,151.15117,97.980736,2
176.53117,81.609726,152.72772,169.19847,2
163.38246,60.710953,152.83116,84.104485,5
23.563417,50.32544,151.22104,122.22388,2
84.296776,95.10574,151.52525,204.23296,2
113.33891,70.9849,151.66371,109.08917,2
173.80855,40.32398,152.25525,186.48676,2
36.230835,122.744446,151.00723,132.89586,2
99.05609,109.379906,151.61472,175.64938,2
0.103748836,10.26206,149.5847,166.84175,2
171.82684,97.49273,154.06923,99.910225,5
70.519775,32.18625,151.3902,128.33157,2
105.131035,48.38603,152.87793,47.801506,5
199.85535,94.898125,153.44664,102.98932,2
85.05447,117.45293,151.50075,145.35468,2
80.61184,112.19147,151.49301,181.27208,2
52.832054,102.86676,151.74123,174.07545,2
192.636,40.227127,153.67407,86.51845,5
67.47565,96.735245,151.87848,203.87328,2
81.029816,45.233192,151.72583,104.33043,5
109.64987,125.56574,152.32368,217.7074,2
165.69928,85.795975,153.23315,190.78032,2
185.85674,17.98271,152.42776,97.261055,2
179.15121,77.080025,152.17111,170.73114,2
135.21556,114.93145,155.10945,79.48103,5
106.52938,122.228134,152.18486,81.59214,2
72.93082,27.27615,153.05798,41.513885,5
196.45622,24.62793,152.64342,178.25407,2
15.076456,54.23197,151.11383,204.07622,2
28.957525,9.325761,150.46889,176.73102,2
129.48828,95.00389,153.04663,84.000145,2
196.88086,74.68117,151.96124,169.51372,2
115.32921,3.453836,152.07011,175.08253,2
37.618927,61.869106,151.50331,132.76894,2
82.562004,79.35969,152.64354,53.184784,5
89.11278,92.97232,151.91302,43.4517,5
5.5602484,88.5574,150.14084,186.48036,2
118.521126,122.05916,152.60222,194.05388,2
86.84291,99.15714,151.42587,192.97412,2
141.88565,62.29623,150.65727,80.27481,2
114.30628,49.253124,152.70015,51.49661,5
186.79073,50.327114,152.70026,65.72333,2
84.01253,37.549118,152.09454,151.42053,2
157.63585,55.018635,152.85815,85.563934,5
49.27662,132.37318,150.77701,191.0872,2
112.78788,78.04808,152.52069,90.81893,5
185.01665,133.41908,155.53233,87.6834,5
0.45118195,120.97305,152.36644,104.97193,5
189.0964,93.50051,153.22424,178.7014,2
28.477102,61.28277,152.0576,40.583935,5
12.364325,122.71345,150.83612,190.90263,2
26.02865,16.73718,149.51312,178.65556,2
150.73378,148.949,153.61578,103.128105,2
20.44243,66.65431,150.9957,148.72597,2
150.77394,126.75429,153.72873,165.26987,2
157.41063,23.174698,151.3833,151.70328,2
53.80695,76.85233,152.12419,61.695866,2
152.3012,86.8567,153.84372,36.4762,5
34.01647,51.364906,151.36008,210.99681,2
173.49251,125.26217,154.4225,82.890335,2
121.816895,140.33273,152.8609,107.00374,2
157.76799,46.93915,151.85854,106.036896,2
136.01218,4.657074,151.75723,86.83553,2
14.252681,148.86626,151.46794,152.13986,2
152.96259,5.7548,151.4613,191.16985,2
179.69868,66.84425,152.81212,94.1789,5
31.490913,122.81381,151.2063,108.32824,2
152.44414,85.291405,153.3452,209.18686,2
117.2824,76.24467,152.07304,178.23682,2
98.75008,128.22812,152.05717,238.4599,2
74.33223,54.794117,151.28424,194.47137,2
177.23439,148.63731,155.44202,96.5073,2
97.14744,34.226566,152.87581,208.56052,2
15.348003,70.73662,150.88934,75.16105,2
158.5001,97.65327,153.94206,76.72883,2
7.6515183,22.88619,150.87285,200.87666,2
28.182049,126.027176,150.94955,180.10793,2
182.6517,51.139225,152.95912,84.13237,5
49.033245,117.61703,152.96764,96.229774,5
51.75564,132.26979,151.84378,84.8257,5
12.198261,144.93805,151.45584,178.93642,2
146.61176,43.308575,152.5302,25.679356,5
77.56661,66.24839,152.06212,132.91017,2
163.09245,27.44625,151.59113,179.45667,2
32.956688,3.2553449,151.20926,174.60756,2
59.274597,43.21977,151.34885,42.487213,5
134.56357,148.7129,153.04128,129.14044,2
110.51113,81.81583,151.95421,191.6695,2
100.43816,124.67029,152.0232,145.7257,2
67.52676,61.75337,152.0931,71.535835,2
50.912575,11.470197,151.64438,52.330452,2
96.39147,50.89582,151.25943,61.64147,5
73.79876,55.80098,151.43796,163.984,2
134.00845,28.363647,152.31354,135.85799,5
169.33218,41.323647,152.1093,202.26819,2
13.622623,129.41008,151.10344,197.03975,2
149.85597,131.2861,153.66028,220.61484,2
73.10838,103.79938,151.66147,112.61171,2
139.79259,1.6929436,151.85217,93.169464,2
192.8032,111.78516,153.9713,183.00806,2
15.221155,112.595955,151.00842,76.049416,5
34.138668,2.844038,151.4589,101.706314,2
24.734234,143.09013,150.98793,63.096596,2
171.16145,75.41113,153.44019,67.03735,5
63.76103,37.23388,150.03532,219.52477,2
117.69718,79.734146,152.28186,50.74849,2
183.35341,87.33749,152.98856,177.82257,2
103.70819,148.11023,152.66853,182.86052,2
84.15279,78.01501,152.08694,83.83891,5
58.74398,53.918606,151.95284,112.09296,5
50.205784,94.09012,151.99303,168.13803,2
127.72234,79.116516,152.5403,121.76369,2
140.03873,41.849884,151.62157,203.68721,2
1.3867176,0.49088055,148.28136,192.02922,2
100.888,123.423676,151.98613,175.49867,2
107.235886,89.79418,151.77844,195.82884,2
15.907259,57.205124,151.05446,176.33054,2
140.62578,95.563644,153.53868,110.01652,2
61.240395,50.034473,151.15198,186.17805,2
84.73487,25.659857,152.73344,187.565,2
178.26857,140.71048,155.10852,86.04649,2
163.62578,111.391266,155.35847,108.704666,5
22.286293,88.13345,150.77553,174.85196,2
142.9569,52.326683,151.3116,187.94826,2
173.51721,55.819683,151.6653,143.31737,2
83.50335,100.719666,151.46365,193.83046,2
23.413136,139.2368,150.99382,162.61388,2
35.779003,11.934513,150.789,201.37245,2
64.561325,66.88894,152.0191,182.71565,2
134.85997,47.75881,151.60994,185.06195,2
9.608345,59.969177,150.86693,196.6364,2
56.20204,80.73203,152.10478,44.873325,2
68.83786,105.31912,151.65974,149.92654,2
161.24557,99.45727,155.17328,78.06899,5
170.86324,88.71937,153.2787,89.30827,2
132.57199,119.69315,153.14874,177.3313,2
164.47212,62.050518,150.90453,125.3838,2
58.46426,144.91795,150.55699,174.74936,2
122.05341,21.561464,153.77254,98.9519,5
84.470436,9.755715,152.49939,213.16832,2
91.24424,100.79668,151.41806,193.90051,2
114.148224,111.39505,152.26788,216.91785,2
149.5371,72.84012,151.78793,190.31221,2
84.87515,22.053219,154.20164,93.55533,5
190.56723,132.86609,156.71498,125.8721,5
14.188795,146.92564,151.7914,64.10328,5
130.41776,23.190496,151.73538,96.49935,2
0.7663459,123.16411,151.76468,65.657265,5
81.654686,80.13054,151.75352,171.60228,2
70.00642,147.64073,152.94624,82.57436,5
2.5580804,83.66502,150.25551,82.85087,2
6.9093666,94.967606,150.23279,150.68382,2
100.38956,72.07074,151.83208,154.50385,2
154.3839,116.98743,153.93062,168.83348,2
167.3594,92.41929,153.4704,29.588268,2
38.27676,81.1248,151.61632,158.57072,2
93.37799,16.017933,154.305,96.69455,5
188.89725,48.397167,154.0193,151.2323,5
193.99313,53.301697,152.59142,89.25495,2
91.996155,10.771747,152.58925,216.01479,2
18.958717,100.345505,151.3383,103.579,5
97.609,19.067535,154.303,74.61511,5
148.61903,137.87457,153.8416,85.825264,5
142.74147,106.6945,153.80524,81.65979,2
149.78502,66.91457,152.65448,80.15804,5
72.85084,18.806555,152.20967,217.26,2
29.632889,2.9870067,151.63084,81.41944,5
63.198757,111.36889,151.59444,178.12144,2
92.847755,28.176682,152.8876,203.52069,2
60.105286,80.23847,152.01071,211.17761,2
194.84515,121.9884,154.51752,160.83536,2
154.20233,9.616252,153.06335,79.335365,5
195.44415,149.87636,155.7198,177.70427,2
130.371,10.057848,151.7685,202.79677,2
32.845753,127.19285,152.06868,128.15865,5
198.84363,42.703297,152.9831,204.35777,2
72.125175,43.55661,150.71786,95.34247,5
38.832893,28.091782,150.9214,123.28333,5
85.04902,106.7775,151.45903,188.69203,2
178.93336,145.40346,155.92305,125.522644,5
65.845535,79.428535,152.70386,105.04829,5
191.411,149.49234,155.69452,140.62312,2
66.33758,148.16447,150.8402,194.61295,2
22.587185,98.9079,151.07028,90.32379,5
26.451468,4.3913417,150.75096,201.33879,2
86.13818,85.69169,151.6132,179.19513,2
107.74643,107.31697,151.83919,186.15202,2
61.157864,50.942825,151.5023,81.592094,5
187.92038,61.19284,151.33162,179.96732,2
119.23473,15.378836,152.18773,163.21284,2
119.222015,67.95993,151.37047,93.936554,2
134.35799,52.494896,151.69203,78.66569,5
44.23957,19.870987,150.41422,215.01643,2
74.17317,59.547264,151.74968,66.61379,2
126.12589,77.84009,152.69063,121.08821,5
122.148865,74.48391,152.2054,74.3286,2
64.10487,5.0177927,152.11415,177.58295,2
199.075,115.78893,154.34587,97.61527,2
6.1506433,24.484982,150.90346,153.73448,2
180.87154,2.304694,151.68289,91.42768,2
48.785927,143.3068,150.4053,166.07103,2
45.09633,72.04586,151.78862,179.3546,2
52.92948,138.95068,150.55333,169.22838,2
106.145065,74.016754,151.79546,105.50801,2
96.26694,115.3392,152.33386,107.695335,5
34.845432,119.59995,151.04947,92.72225,2
169.57306,57.441578,151.36377,168.96758,2
125.22193,48.085705,151.72917,145.70525,2
28.634745,60.96115,151.259,150.74266,2
30.938744,28.093166,151.55812,75.77102,5
86.16725,30.465633,154.13142,71.89906,5
8.76199,43.311974,151.19833,192.34334,2
6.0117335,11.491427,149.5844,124.64803,2
162.86427,97.034355,155.20929,69.27462,5
72.64781,100.99123,151.6588,82.219574,2
182.9039,59.533367,151.53749,108.9712,2
193.50293,133.7484,155.07553,124.31338,2
29.585241,88.477066,151.73349,139.26718,5
155.49843,15.262583,151.34581,215.81006,2
5.7120867,86.979836,150.23354,189.01491,2
129.11661,36.019474,152.3395,37.337204,5
107.22748,70.84073,151.67136,90.32019,2
72.14982,103.49031,152.09596,127.3822,5
196.86356,35.436863,152.86484,186.13959,2
2.7538874,16.604305,150.39748,194.897,2
105.76162,51.971565,152.60693,86.76056,5
126.38052,55.894173,150.90056,68.37381,2
81.19949,23.177412,152.73277,97.10787,2
67.43578,132.12537,151.07242,186.62828,2
180.66418,94.94592,153.2368,197.71924,2
113.837296,25.711456,152.53271,189.00175,2
0.2563617,69.323456,150.40564,172.69914,2
115.8115,100.061485,152.26408,165.87485,2
190.48718,21.734854,152.45767,177.47989,2
136.31375,72.43397,151.89883,203.5101,2
121.94367,25.320343,152.06442,152.93747,2
160.24489,23.733566,151.41525,157.28163,2
124.199844,40.901714,152.08919,193.65175,2
77.79058,138.598,153.06079,81.30574,5
32.714233,72.643196,153.07497,79.01175,5
57.266884,94.01489,151.96236,165.47412,2
17.327482,93.49203,150.59195,186.8844,2
91.45059,105.38047,152.85376,69.95617,5
43.718094,24.221613,149.78658,217.92375,2
82.16013,83.94483,151.67467,217.41138,2
130.20876,42.216843,152.90854,80.83544,5
104.011505,83.679855,151.7418,169.82292,2
10.51794,107.30225,150.51114,126.91475,2
157.49496,14.716482,151.50856,78.63392,2
40.86517,104.09657,151.56587,152.90866,2
59.00574,142.9828,150.5804,205.3111,2
137.00325,134.68877,153.2007,103.40092,2
14.234601,9.784919,149.13663,187.21928,2
10.757596,72.56898,150.60963,183.94482,2
45.307247,92.252235,151.89719,64.91542,2
73.1272,128.12785,151.33481,187.93158,2
117.98397,49.087772,152.91089,110.370026,5
131.44824,3.1321208,151.76668,185.7317,2
154.31767,46.340553,151.66978,197.56487,2
38.47182,31.19181,150.85953,110.45101,5
158.47742,115.537094,153.92006,165.64075,2
183.26483,72.54798,151.5311,182.55127,2
101.07652,136.53079,152.31027,205.78116,2
120.78093,94.42558,152.52637,159.6958,2
181.7694,23.22561,152.22293,122.76795,2
3.7266178,82.39777,150.23085,185.20705,2
160.5058,121.06157,153.97083,187.55864,2
150.7006,76.94458,152.63597,226.52069,2
15.412379,57.592392,150.99107,219.13947,2
90.69573,123.66137,151.70097,163.23082,2
44.242,30.24563,149.4358,167.42778,2
133.46324,67.162,151.03836,185.56708,2
117.10985,75.02887,152.05183,213.17435,2
89.65379,21.308744,152.7825,157.08884,2
75.74183,96.342926,152.74837,106.29227,5
38.195225,102.30697,151.44603,177.84238,2
4.5039263,66.069466,151.04335,116.71042,2
8.98797,59.027386,150.83638,179.58469,2
163.02324,51.283913,152.88306,75.04291,5
86.09725,14.49179,152.71307,157.34871,2
32.606724,103.49946,151.19597,191.20918,2
145.25957,98.36738,153.64421,98.03586,2
122.08082,1.8753275,151.98529,175.28886,2
158.30171,46.22589,151.77473,182.4318,2
7.1052365,96.9346,150.28943,199.41324,2
61.909016,82.48706,152.62439,118.722115,5
10.980482,61.89248,150.85695,111.56642,2
95.643524,106.001686,151.53162,174.96156,2
145.84152,145.79134,153.32582,179.45192,2
19.451458,120.98635,152.4403,90.75529,5
115.33894,88.330894,152.15355,154.94884,2
94.814995,82.7987,151.62646,168.10587,2
26.534042,98.435585,150.99901,162.97105,2
189.92061,2.5175834,151.73738,145.49428,2
166.05551,73.946785,151.95155,128.81458,2
96.691414,40.055805,152.48381,175.30228,2
144.63278,0.67443764,153.29913,90.92548,5
139.60925,50.557007,151.38531,174.9961,2
94.55839,55.617523,150.80908,176.86147,2
33.183098,45.77799,151.28786,155.26416,2
96.93978,101.98481,151.85318,129.14647,5
24.023582,11.110515,149.68164,179.81015,2
175.01689,80.206894,152.75333,65.22416,2
89.18622,133.03514,151.86044,244.02803,2
65.53478,103.10609,153.13692,127.694595,5
166.53479,148.27003,155.53943,78.871086,5
8.034361,116.99177,151.15045,118.48791,5
171.21216,98.908134,153.51302,190.49231,2
134.12653,143.44896,153.0719,112.55668,2
69.35184,19.626032,152.44135,74.841644,5
74.705864,23.885227,152.6911,65.11549,5
144.30383,125.26175,153.6108,193.31172,2
18.743496,125.40544,150.96931,142.12541,2
133.83975,18.590563,151.57233,165.44232,2
171.7669,74.950905,152.02615,130.96304,2
163.43628,95.25033,153.61006,164.32257,2
105.934296,138.07758,152.56602,215.71983,2
194.29504,52.2895,153.52005,84.32508,5
20.383429,97.62117,150.65828,139.05185,2
145.44225,75.468315,153.87167,87.34038,5
124.61805,130.83826,152.80307,149.62549,2
136.09004,80.85793,153.08958,39.13546,2
178.22131,32.85583,152.32587,157.05655,2
118.380196,25.370344,152.99103,103.497314,5
174.53442,23.852564,152.26955,52.067276,5
121.746826,11.27411,152.06021,74.79232,2
80.77075,110.61127,151.5149,188.5983,2
194.13504,38.23585,152.89732,96.85516,2
134.70135,99.886154,153.32881,190.19925,2
116.61358,78.79131,154.02249,68.23882,5
82.986,116.662285,151.46506,185.34317,2
20.995943,6.7749195,151.61429,60.40152,5
94.4709,127.07014,151.92413,183.6283,2
71.18759,87.529755,151.84589,150.95222,2
18.000656,88.83158,150.74203,78.42714,2
120.3238,12.369039,152.07678,207.42633,2
29.719233,73.000984,151.2746,173.29854,2
34.037567,87.886055,153.02574,47.663715,5
148.99739,37.879593,151.48978,178.40619,2
165.3053,97.18263,154.71492,96.22218,5
178.27704,101.92939,153.54349,214.50824,2
122.968124,31.915592,152.13722,213.10837,2
13.140364,73.36119,150.59163,170.37476,2
161.80798,88.86407,153.48169,117.14967,2
72.52755,27.262205,153.14824,146.80959,5
74.463326,52.778625,151.05412,192.72984,2
50.865143,93.189835,151.91316,185.57568,2
66.17551,53.302296,151.385,163.41191,2
41.587795,106.73443,151.51677,209.25513,2
21.958424,120.17976,150.86421,211.97688,2
164.4408,51.481358,151.81401,225.27417,2
14.180873,0.4257448,151.04086,73.22963,5
146.10063,40.672863,151.53284,194.54517,2
196.69385,43.92938,152.84229,189.20963,2
199.98694,28.877943,152.724,204.62833,2
63.10337,18.216995,152.8172,89.577034,5
190.87958,141.78606,155.42516,214.4279,2
18.405682,32.45865,151.28586,178.3553,2
180.5711,18.40879,153.57707,92.64204,5
108.37108,48.51872,151.66673,183.65291,2
103.86761,108.81725,151.7608,182.31071,2
94.21979,75.417274,151.79008,151.40744,2
78.61609,27.082111,153.0783,115.43749,5
43.90016,76.484665,151.77383,163.4855,2
134.77562,19.141882,151.55734,198.6855,2
82.62364,82.434044,151.78252,230.67578,2
51.209526,74.34135,151.9827,106.02462,2
100.64635,73.95213,151.8531,176.42534,2
66.17432,51.60297,151.17168,176.8318,2
99.82287,96.34902,151.52519,211.35278,2
40.52744,49.919003,151.3678,209.66273,2
99.298904,38.135273,152.69992,173.36353,2
196.08356,24.156315,153.37985,90.802284,5
25.034006,99.72776,152.82452,72.10469,5
31.055115,60.94285,152.8465,119.32463,5
46.840317,19.408178,150.7366,182.49283,2
33.16005,86.48281,151.40723,209.0418,2
158.57217,125.648476,153.97609,89.979294,2
59.328613,92.113495,152.03064,187.64297,2
148.93611,65.92302,150.82571,239.14185,2
6.847167,79.02391,150.37527,204.51286,2
15.014628,77.39473,150.60095,169.84471,2
86.0518,101.4976,151.48714,27.110657,2
87.45858,20.48606,152.78954,219.56723,2
16.463568,62.975197,151.28102,89.75399,2
57.305943,14.9115715,151.72179,98.77018,2
25.845198,44.946217,151.61787,34.907413,5
171.78015,82.87159,152.87741,167.0188,2
137.13896,124.24144,153.31517,187.6973,2
111.43077,27.628517,152.61218,188.68675,2
59.387543,17.580864,151.76332,52.365334,2
68.58275,59.737583,151.7693,200.05981,2
181.14331,6.0663,152.30371,110.85986,5
146.68634,55.4023,151.1054,170.67656,2
165.75568,6.286822,151.49829,170.37943,2
134.47652,62.23235,150.59741,204.0185,2
0.45807564,107.005135,150.38005,217.44484,2
113.35511,0.67486054,153.92076,88.69271,5
112.53669,127.49787,152.47234,196.22165,2
102.07633,106.44297,151.69768,161.59367,2
144.54068,18.51805,151.31848,173.43912,2
123.72058,32.44099,152.19086,63.421165,2
0.05010979,52.26968,150.7062,199.60675,2
81.85878,128.77396,151.68767,70.46158,2
196.55997,125.133064,154.72116,99.47459,2
184.63231,2.906945,151.87323,62.330414,2
119.341286,104.341644,152.52603,170.65045,2
29.352219,114.198654,151.0055,214.1901,2
141.59477,60.606728,152.3949,82.681595,5
10.54764,111.10287,151.17516,108.53034,5
149.93314,131.95946,154.04817,62.877815,5
64.984314,145.4836,151.17807,62.347637,5
102.48028,112.683975,151.75818,181.71754,2
72.87574,23.308773,152.27884,48.74032,2
134.27963,146.0643,153.21072,58.405754,2
133.11562,35.507893,151.66415,140.66983,2
128.90367,46.319424,152.53525,78.69096,5
121.31812,2.2066667,152.01306,95.73503,2
0.19106668,11.148266,149.69237,149.49104,2
61.18739,54.88017,153.1729,118.38244,5
27.780909,136.49901,150.92812,197.71014,2
173.93248,149.41475,155.0323,194.0487,2
163.42941,92.07535,153.5,141.9304,2
184.21942,85.6845,152.9239,109.33661,2
14.955185,122.10625,150.8521,167.08,2
152.46205,104.40963,153.89232,156.3968,2
190.14917,93.43881,154.72585,95.714806,5
174.97945,10.26751,151.72327,175.51569,2
144.51291,118.25722,154.72731,66.57065,5
108.87817,129.08443,153.00029,41.87114,5
194.58728,129.29391,155.95738,57.584763,5
121.45091,50.042187,151.56056,196.54398,2
139.77484,22.352343,151.4267,186.23979,2
28.805288,71.601105,151.23717,63.553684,2
15.789396,60.562702,150.98358,203.53943,2
82.64535,82.38268,152.48903,99.03797,5
109.92116,116.94176,152.57507,77.428185,5
114.87237,74.18375,152.05368,65.24285,2
198.80809,1.7140396,151.89903,168.32135,2
36.24676,78.10547,151.54425,197.31784,2
64.067795,113.07646,151.57854,115.43969,2
80.84157,131.08641,151.57762,186.62352,2
28.204966,133.98657,151.04045,122.031044,2
81.26886,129.47714,151.60704,173.10567,2
157.16946,97.78071,153.77534,64.43603,2
12.717967,144.28857,152.6648,111.20048,5
53.448982,64.93855,151.8183,183.71849,2
171.8907,122.755295,154.22917,184.42877,2
69.6101,71.62043,151.99867,177.81651,2
197.29839,117.868416,154.29448,188.48944,2
108.9498,51.46102,152.71605,61.398422,5
137.86597,133.04114,153.17479,168.29256,2
150.53313,52.41929,151.43535,154.0489,2
14.220248,73.120926,152.07343,112.54488,5
26.011621,53.563732,151.25787,216.91312,2
190.99722,49.211163,152.62384,213.76353,2
173.77821,139.6825,154.75304,180.0137,2
57.100113,34.69827,149.99504,70.96812,2
195.97397,85.166336,152.9612,209.66212,2
33.528072,128.02689,150.9156,177.5955,2
165.07034,48.77512,151.88896,189.04918,2
184.32352,32.43217,152.53322,191.17531,2
81.96584,106.95834,151.4389,91.63422,2
129.46214,43.60486,152.0442,157.56726,2
184.85303,20.763458,152.25806,165.41702,2
63.87251,69.692924,152.00505,164.6661,2
128.61736,65.74829,150.87396,186.4893,2
198.38058,63.545685,151.25679,162.2614,2
47.757694,113.745476,151.51689,64.23716,2
90.86998,145.82664,152.24509,72.66972,2
71.192894,102.18268,151.75209,149.76234,2
99.14622,0.5063062,152.26044,198.89369,2
2.892823,3.6014888,150.0849,99.96828,5
98.58531,113.54948,151.70972,172.92859,2
144.09346,49.572548,151.49852,218.33911,2
84.58252,123.373375,151.53992,170.15352,2
99.664764,3.7327797,152.34558,196.81549,2
11.1121435,148.6088,151.5604,156.08073,2
144.69029,27.470514,151.28183,177.48964,2
78.52724,43.10735,150.813,160.92174,2
45.102554,77.928085,151.84753,186.77905,2
3.3906004,4.547166,148.905,59.504463,5
111.49191,50.931393,151.67918,112.17204,5
108.60469,115.10827,152.03954,158.27469,2
187.93059,1.7829158,151.7019,169.72656,2
156.41449,100.6483,153.79381,181.03088,2
117.85852,145.3644,153.84047,107.67132,5
110.71781,138.53447,154.24518,96.36472,5
119.18615,25.190128,153.31396,83.65456,5
95.04021,20.824993,152.99059,95.48119,2
25.795841,52.547176,151.2209,193.90552,2
43.739567,28.513678,149.42838,218.24463,2
175.3305,94.61531,153.59518,76.58554,5
105.95661,3.7654302,154.00069,63.31869,5
175.69693,124.58243,154.71683,133.15207,5
73.10274,69.359985,152.03313,154.53476,2
189.92886,67.068794,151.01343,184.71883,2
11.506046,134.80608,151.19038,188.78285,2
194.56467,40.052807,152.88223,160.18413,2
32.48838,126.280205,150.89276,158.02582,2
187.80737,25.763159,152.5075,171.1287,2
168.31741,123.76122,156.08302,100.96303,5
29.075335,23.148668,149.6792,188.29909,2
99.43089,136.88152,152.32108,159.13326,2
99.321655,105.94292,153.2244,68.81297,5
193.83528,4.032213,153.385,96.81959,5
17.277334,80.423004,150.63782,197.59845,2
168.64719,66.655365,152.67899,97.50522,5
53.17953,23.961487,150.66357,185.3196,2
15.542304,37.90218,151.25652,202.70479,2
153.81734,133.01775,153.78723,173.26434,2
29.959007,114.47701,152.57646,91.409836,5
193.55096,23.486221,152.56033,188.93184,2
172.69513,89.606064,153.18909,87.02173,2
40.24655,65.96339,151.61377,184.49736,2
54.30993,149.32454,150.36736,175.29173,2
164.10422,64.746254,150.82745,207.1854,2
199.96474,148.8527,155.6981,176.48784,2
126.31361,148.20581,154.18777,96.10455,5
191.22012,106.34308,153.68788,162.89291,2
161.16362,125.22896,154.01895,192.69865,2
172.32166,109.95686,153.8219,86.31351,2
46.26791,34.61055,150.06596,79.72145,5
93.852776,131.2593,152.00711,100.78601,2
123.83666,52.375355,151.27979,126.99266,2
98.803734,148.94603,152.52838,58.043835,2
11.228708,2.0959027,149.17603,205.06892,2
163.36784,140.22946,154.25992,192.96988,2
148.09111,89.58695,153.55885,120.171074,2
189.6485,19.735123,152.3729,156.76476,2
160.12215,138.44553,155.5136,56.770397,5
40.78074,35.78862,150.34044,173.67014,2
95.79788,93.681564,151.5367,190.66248,2
72.6716,146.03331,151.13763,181.96344,2
137.04865,78.83874,154.49055,66.58453,5
109.21365,139.78049,152.74905,68.20083,2
35.079628,122.544754,150.99278,93.7255,2
14.260484,64.22464,150.86823,208.3971,2
70.88412,38.190163,150.65968,69.78338,2
146.10925,117.9352,153.66232,159.9422,2
96.1933,26.383352,152.97641,76.02808,2
128.72697,147.07602,152.93486,166.30408,2
187.38145,14.921326,152.59946,34.378693,5
46.31887,24.41696,151.31015,58.308647,5
146.71506,29.079082,151.32463,166.20056,2
169.76744,142.56822,154.9124,99.58329,5
177.53741,41.1901,152.39786,192.27171,2
149.19148,16.68412,151.3869,181.39783,2
181.13585,13.558611,152.23534,95.72771,2
108.83164,140.49255,152.7071,81.41262,2
64.38775,25.923342,151.51244,77.09847,2
65.179924,26.733477,151.49527,197.15659,2
103.967995,126.92135,153.81406,118.241585,5
193.67409,138.30179,155.41684,178.25548,2
39.589436,135.72977,150.66905,192.32736,2
48.831074,118.61258,151.23573,173.76982,2
32.12592,62.950787,151.36119,208.55519,2
5.193339,44.16411,151.05237,169.1286,2
128.58742,19.174614,152.99527,117.07511,5
61.71299,63.60861,153.629,95.05469,5
90.5146,49.49206,150.88953,181.75066,2
60.06171,125.75769,151.2304,119.44023,2
174.81119,36.479652,152.27852,178.46115,2
178.68279,43.88907,152.55579,88.15161,2
164.61789,126.53939,155.73509,96.743935,5
51.221912,69.829414,151.8488,179.55692,2
10.08039,27.939457,152.82599,76.81971,5
190.60094,65.020325,151.09311,153.4735,2
195.55362,99.75928,153.46083,166.08656,2
43.54308,52.128555,152.63916,126.89364,5
94.69455,42.58998,153.82475,103.12027,5
12.10569,7.9722567,148.99612,213.58916,2
46.762856,80.83599,152.22264,86.21885,5
116.815475,89.90453,152.34377,196.97891,2
0.874903,77.09801,150.2928,115.39938,2
124.33314,5.6438584,151.96469,197.30319,2
118.43704,7.5457115,152.13834,142.39891,2
61.013794,113.27659,151.47095,167.74574,2
156.6989,122.25575,153.89667,180.19714,2
90.69727,3.7568607,154.40591,130.5314,5
40.251503,30.133121,149.6595,164.98271,2
70.97479,119.94388,151.34775,150.3792,2
117.236244,124.47358,152.59116,203.76096,2
198.55026,14.583992,152.31538,188.65944,2
33.699078,79.513214,151.41367,179.55159,2
63.409687,45.912457,150.51123,160.36075,2
142.46269,68.054634,151.07346,166.43944,2
107.41175,89.29861,151.93076,55.007633,2
133.09001,20.784601,151.58427,203.17255,2
142.31805,128.005,153.41391,200.11531,2
126.95974,40.502365,151.99927,191.73479,2
100.6408,128.77917,152.11317,165.24327,2
27.483835,88.55878,151.05136,170.8915,2
192.17679,28.395815,152.62926,153.14716,2
175.60927,51.13035,152.16508,163.20668,2
195.85948,132.72809,156.83118,90.67558,5
121.185326,149.16388,152.9377,55.55325,2
82.09874,56.71612,151.31775,166.26381,2
101.52462,105.81911,153.31047,101.59101,5
94.94385,78.9991,151.76793,184.93738,2
170.45897,94.91444,153.43321,186.90999,2
58.971832,93.46313,152.01967,169.87848,2
194.5358,106.26524,154.55264,75.739746,5
67.68498,104.599365,151.67085,191.57285,2
75.09599,146.60866,151.35342,73.40469,2
7.3845882,113.57562,150.5822,59.223537,2
65.20818,75.310684,153.1486,65.99484,5
95.41451,85.1755,152.64366,78.25567,5
54.872387,144.60005,150.50497,166.55472,2
9.324513,149.96954,152.1298,95.24883,5
167.61964,130.0479,155.82164,67.88857,5
65.50677,128.12616,151.30379,117.819885,2
113.372246,29.270731,152.54443,168.55429,2
58.10234,66.01865,151.89293,192.02977,2
9.180307,125.608185,150.93018,155.8871,2
28.050417,146.69983,150.89447,194.89632,2
16.118343,123.85313,150.93126,175.43936,2
198.19551,140.28899,155.40793,163.58377,2
54.66866,3.1235046,152.71988,40.7243,5
57.96077,24.904552,152.8742,41.38676,5
72.79176,95.26552,151.82324,111.8925,2
199.39078,53.665405,152.46313,197.77945,2
158.17387,21.95461,151.38817,199.43393,2
92.04244,133.2822,152.02498,203.99214,2
190.9018,103.59568,153.90492,138.10542,5
0.46931943,0.04663802,148.90173,99.26205,5
135.78691,97.429535,153.3805,185.78548,2
132.64171,34.686943,151.83621,105.42678,2
144.17874,132.04039,153.42241,179.23889,2
100.78659,8.677255,152.53592,217.10329,2
68.2611,72.203636,152.91304,95.085976,5
125.85391,112.200226,154.08987,70.350174,5
59.030396,10.187548,151.91011,179.52332,2
174.06241,122.32618,154.25372,168.0191,2
138.1009,14.114085,151.49196,113.06173,2
158.89124,136.56796,154.39114,60.031395,2
48.23617,107.64912,151.67627,48.287304,2
112.04944,98.277214,152.0699,69.02408,2
4.1090846,26.265797,150.90074,89.2711,2
31.950974,49.798843,151.35283,61.159435,2
84.078064,64.87087,151.81761,160.60764,2
1.8663054,146.67523,151.63568,157.13634,2
171.18384,17.51525,151.8916,85.55822,2
5.3567386,23.447662,150.89075,194.28632,2
128.65591,77.267494,152.39929,110.97095,2
186.31204,82.68307,152.70384,182.04042,2
18.14038,30.297691,151.13086,193.07571,2
172.29749,97.07031,153.48174,167.0195,2
129.90259,149.4072,152.98705,170.18942,2
74.03752,73.10581,152.00934,208.97357,2
63.45186,97.51261,151.92618,210.05632,2
93.00495,12.148637,153.53743,82.85818,5
67.991585,115.36093,151.49425,175.44434,2
28.894756,124.05534,150.9062,165.29959,2
28.72005,148.4913,151.33759,110.90314,5
77.342514,103.85979,151.64803,121.57288,2
135.67416,13.136956,151.5679,163.46739,2
110.96609,121.18435,152.29053,190.04382,2
114.72854,74.93502,151.97008,211.51492,2
148.59262,61.887115,150.76094,173.67981,2
92.88285,100.065834,152.8279,117.178535,5
86.27374,58.137054,151.27263,185.22464,2
132.15712,146.06273,153.03456,167.34349,2
95.15672,124.30681,152.66255,99.02594,5
176.82225,149.26921,155.21295,155.22398,2
139.65608,107.13801,153.58682,107.78537,2
67.45097,10.324405,152.15823,201.66399,2
27.35715,98.30701,151.09976,115.385475,2
102.33432,124.850494,152.10219,181.55974,2
183.66647,0.34476888,151.5567,183.14459,2
26.96267,88.21135,151.04861,208.25177,2
31.372778,86.02658,151.26878,131.62071,2
27.78563,12.537963,149.91602,170.86961,2
63.494427,55.270668,151.56947,181.56598,2
156.35315,98.82187,153.72675,179.64635,2
173.00421,126.889565,154.35236,226.15637,2
73.009254,85.33924,152.46164,67.265175,5
4.120507,90.75639,151.97614,90.5155,5
66.66813,69.75399,153.70468,48.556374,5
3.7937942,125.615395,150.96779,157.95752,2
49.641373,106.661316,151.71458,193.14873,2
125.62922,62.428356,150.65959,87.755585,2
123.25329,26.50305,152.02199,165.04826,2
106.964485,43.092564,153.76791,71.82116,5
108.4351,42.556736,152.3767,197.00441,2
80.027824,109.71458,151.76636,69.06549,5
29.520702,144.97076,152.38893,95.778946,5
173.64072,98.93848,153.89912,67.313866,5
24.769419,23.602598,150.04576,213.71936,2
4.149223,46.712208,150.99092,195.62622,2
29.17216,25.090557,151.3628,72.89802,5
99.89489,81.72349,153.49147,85.29399,5
147.69037,2.0627494,151.56287,170.85751,2
178.28954,149.48033,155.2886,176.36914,2
196.01231,17.423626,152.39569,152.51405,2
166.38605,15.435328,151.58061,169.12788,2
156.84496,100.64932,153.83136,173.9431,2
181.41048,135.9585,154.92807,169.63968,2
161.24934,21.780745,151.46564,172.83533,2
122.34078,51.55735,151.28734,190.84271,2
107.36995,5.58286,152.36641,44.954514,2
77.34952,44.339516,150.66794,226.62094,2
71.22393,80.79241,151.92421,192.93333,2
71.325005,76.339485,151.97902,170.72916,2
107.95503,97.53326,152.25334,92.6298,5
80.53586,52.084625,152.27844,144.05731,5
183.399,146.60345,155.28746,182.26979,2
19.799166,24.207632,150.5611,160.25656,2
66.88259,78.35747,152.04527,182.25308,2
74.11832,128.27399,151.41869,57.058426,2
124.0383,25.069738,152.00998,188.74275,2
10.902057,48.902435,152.76364,70.7097,5
155.2013,41.30793,151.64612,149.56538,2
95.73325,108.46279,151.54793,184.96854,2
151.86467,79.75208,152.92445,145.52007,2
79.311554,122.93827,151.95476,73.55466,5
9.591627,103.03345,151.88527,63.189606,5
43.463364,53.67899,151.451,146.28937,2
44.31531,84.79344,151.84172,171.14484,2
41.594357,32.29098,149.73096,208.95592,2
58.40894,78.14877,152.03177,152.9613,2
96.53747,129.62791,152.04509,207.19647,2
148.0379,4.861372,151.5929,137.67723,2
86.66234,60.032745,151.49777,179.17235,2
162.05255,143.28433,154.14357,97.87636,2
78.76725,18.736113,154.40163,129.30167,5
155.69975,51.3065,151.58061,187.82939,2
101.98886,121.65025,152.15912,67.2151,2
128.61447,53.757767,151.07137,193.9938,2
68.74222,145.78383,151.02177,98.392136,2
105.193665,117.56111,153.51453,60.173275,5
69.58337,109.48371,151.53067,135.03215,2
159.35522,71.084404,151.55354,218.01941,2
99.445755,9.544433,152.55319,192.66269,2
5.2323413,51.280205,152.06601,105.69803,5
179.5874,25.286442,152.23538,221.17952,2
138.49583,92.30766,153.38814,213.48302,2
183.03883,8.697265,151.89175,200.08867,2
172.32483,49.661377,152.1376,189.46503,2
118.90056,40.570683,152.277,218.85066,2
88.523605,19.811153,152.80193,115.28425,2
19.224112,104.027596,150.66783,167.08527,2
169.2823,125.793884,154.22824,185.28699,2
48.09471,9.943851,153.20792,93.88901,5
109.662025,105.36697,153.31711,87.71745,5
78.8076,110.535255,151.53928,231.83885,2
185.67671,86.527534,152.96301,204.65175,2
21.18679,125.78283,150.90523,177.5841,2
180.27539,52.449295,152.88017,67.00445,5
83.53848,125.91534,151.58595,143.50801,2
104.802246,19.751778,152.73636,188.15532,2
103.14156,136.53679,152.81178,92.77113,5
48.52456,75.61895,151.91707,191.19504,2
187.7538,54.6194,152.12202,171.34761,2
186.93787,38.934704,152.71243,156.36414,2
126.8947,23.275473,151.89792,144.22266,2
120.63159,106.72568,152.76807,65.08373,2
193.21063,26.363306,152.68417,175.76302,2
160.26323,69.957245,153.0,90.50416,5
101.51763,21.397614,154.07181,81.926384,5
146.4443,145.45111,154.05098,94.40141,5
77.69598,5.943639,152.3843,177.86111,2
193.37024,26.12821,152.63145,184.60974,2
170.51707,17.676859,151.71645,182.7473,2
138.04396,125.04662,153.29918,199.21777,2
74.9815,17.313475,152.45636,101.20712,2
35.478027,130.3005,151.75162,67.27093,5
5.1626434,123.75338,150.91608,169.92885,2
55.752937,127.20975,152.08159,74.7583,5
17.924103,54.38811,152.66432,64.84726,5
58.477962,122.01169,151.31558,125.14002,2
140.44205,25.701937,151.5875,84.895454,2
7.643319,6.1282783,148.77516,182.16246,2
198.5616,80.97615,152.76811,188.32896,2
191.49837,130.36446,154.90892,212.86017,2
150.37029,3.2957141,152.62402,90.90977,5
170.04398,77.91414,152.44258,206.79326,2
158.04237,28.445679,151.47821,193.85738,2
193.48833,70.274574,152.34691,55.6253,5
74.49382,53.385006,151.13914,156.1189,2
98.3924,9.300106,153.55582,56.502235,5
57.368282,127.80119,151.04007,64.364494,2
80.75289,146.75731,151.7241,24.466751,2
21.23238,54.935524,151.18704,197.94844,2
63.512238,20.198975,151.79082,121.63574,2
34.872475,25.642883,149.83505,96.582985,2
39.082584,110.90497,151.55016,57.763752,2
57.782948,43.798374,150.44293,194.84996,2
14.689194,74.2109,150.69882,54.928707,2
85.14201,107.488106,151.45909,196.92926,2
76.98297,94.10379,151.65222,173.33083,2
2.8220127,23.43883,150.80682,206.93462,2
31.480774,95.514404,151.20316,88.834465,2
150.91685,103.244995,154.92348,68.86014,5
123.50585,49.15322,153.10602,120.91961,5
192.61131,104.04078,153.60168,143.7563,2
117.246414,28.210665,152.39055,158.97102,2
88.137726,126.92652,153.2459,81.44606,5
82.36216,124.26751,152.50595,64.82152,5
130.1948,62.268177,150.60316,186.60075,2
184.49573,125.8025,154.50746,183.607,2
0.056721043,64.05471,151.88545,80.61558,5
22.521711,121.896614,150.89365,174.09517,2
3.1783645,30.674986,152.75047,59.078606,5
71.89803,145.55115,151.43912,80.916374,5
11.994653,95.04079,150.45995,72.976585,2
54.79779,2.9732323,152.25668,107.46126,5
94.535385,102.013695,151.44612,197.1129,2
164.16367,107.74605,153.93034,122.05455,2
43.5731,70.17164,152.94926,152.63184,5
34.04566,43.000286,151.17888,142.8771,2
157.56146,3.6605215,153.07724,139.95424,5
133.01016,120.83307,155.05109,76.39063,5
188.58678,103.882515,153.61192,53.92284,2
75.98446,147.04982,151.41307,192.8422,2
68.43086,75.45287,152.01352,181.66257,2
65.58576,75.52989,153.66615,76.70305,5
105.56927,52.19059,151.0349,142.92606,2
138.4987,26.6942,151.44362,186.63075,2
56.662865,35.62606,149.70842,69.79608,2
95.6036,8.607722,152.56667,191.06628,2
156.50638,134.81015,153.85928,156.81433,2
68.08007,121.498146,151.35678,138.48363,2
150.85431,1.2743102,151.5065,168.56152,2
112.76243,15.082384,152.40602,178.81448,2
173.57852,101.898155,153.84863,86.933716,5
196.3983,63.708588,151.21751,142.48738,2
198.34087,104.34737,153.68805,190.12245,2
185.78954,102.73827,153.45798,196.76324,2
39.874474,115.945145,151.24904,107.66916,2
3.6136236,113.44749,150.61424,97.486145,2
21.58807,25.140478,151.85426,66.39424,5
54.310383,121.17453,151.26508,163.07353,2
186.68188,98.65956,153.31503,123.8085,2
104.39319,24.095577,152.8403,181.79709,2
12.529877,138.16573,151.2788,186.18312,2
180.5592,25.00545,152.21335,182.36365,2
114.65771,131.10173,152.55254,168.6573,2
177.16617,23.536192,152.06033,172.9646,2
20.694098,122.58838,150.88864,166.11243,2
20.634155,32.160473,151.17786,99.65608,2
167.03404,18.76157,151.6538,179.25745,2
33.833427,130.26816,150.85345,175.52548,2
71.906,130.19484,151.24072,172.58052,2
49.799133,86.11371,151.92882,112.083786,2
95.05453,120.66971,151.73749,196.50195,2
77.880165,119.379524,151.51399,110.53377,2
56.46424,17.078287,151.59904,209.58714,2
184.01143,146.33476,155.39342,84.75097,2
27.886274,0.010018058,151.06525,143.9478,2
192.58357,42.708424,152.87982,199.50969,2
173.21254,22.668385,151.97783,68.14583,2
88.17047,77.97322,151.76155,157.21744,2
72.17078,40.45892,150.56186,211.60924,2
134.60745,24.780392,153.30331,87.49214,5
96.690056,98.24762,151.48705,142.36403,2
174.795,31.379023,152.17444,163.16652,2
116.15106,13.336326,153.17162,58.68496,5
190.0876,5.4106874,151.86244,173.83855,2
153.5862,128.84712,153.96796,94.96928,2
160.32301,94.63438,153.59906,194.43297,2
107.812416,39.52229,154.2188,144.32855,5
84.83597,75.45568,153.27107,47.266518,5
88.21724,108.63333,153.26373,88.518105,5
47.387527,22.243391,151.41618,76.59959,5
163.6616,114.01259,154.55647,68.65724,5
66.344734,99.45563,153.18323,77.46987,5
145.16092,38.820168,151.4979,195.42557,2
58.875793,78.1713,152.91374,107.64114,5
22.69305,71.58375,151.0171,108.74772,2
76.85507,21.383568,152.44284,146.87042,2
35.923897,29.04065,149.82727,146.81906,2
60.69243,90.58227,152.01724,179.37355,2
37.318455,21.255825,150.68747,79.205475,5
184.93861,80.76559,152.60622,193.6004,2
11.8674555,10.899826,149.17203,201.09308,2
17.0909,125.5372,150.93819,180.09265,2
151.46413,140.62845,153.60216,164.71545,2
149.41106,134.3588,153.60779,193.2395,2
184.05649,22.327936,153.18951,51.350307,5
155.50563,121.1079,155.11462,83.91778,5
45.861908,19.447592,150.63565,166.45224,2
38.938046,97.81853,151.5816,147.63474,2
183.36046,89.27465,153.02646,63.88941,2
126.1011,135.49915,152.90585,169.0293,2
123.4879,144.72252,152.86432,190.44742,2
26.736845,47.022003,151.34065,83.835365,2
192.60944,71.67561,151.52946,133.6457,2
30.634537,149.7354,150.77681,156.88988,2
132.21783,93.45285,153.15503,171.56369,2
148.25198,111.03765,153.77692,199.64685,2
107.70946,6.852587,152.33542,165.75856,2
155.5676,132.65001,155.4401,77.09601,5
117.45109,132.69771,152.72656,179.68788,2
184.91805,44.547146,152.70757,180.94441,2
129.92877,88.94502,152.98012,107.777,2
145.1364,46.83579,151.6673,105.83583,2
163.09306,68.780075,151.12563,82.41756,2
153.5518,52.684483,151.48921,198.52098,2
90.02984,41.786873,151.93452,214.62892,2
178.233,48.92583,153.97974,35.620983,5
29.405476,145.55556,150.82985,161.46585,2
1.8638767,64.37004,150.5193,153.24002,2
129.54506,53.97943,151.07578,186.066,2
69.260994,130.65596,151.42316,50.8273,2
187.98521,22.346056,153.09656,56.271286,5
36.53419,5.3763685,151.35509,181.49718,2
36.590694,25.402536,149.47638,171.18137,2
113.02627,127.87645,152.55014,167.62828,2
68.9464,103.34612,152.46855,60.157425,5
160.45282,24.92945,151.48853,179.97427,2
198.09296,20.45277,152.57097,177.26767,2
34.564747,146.32274,150.64339,58.891674,2
144.90854,22.246508,151.32713,204.66684,2
155.47404,90.433846,155.00633,69.197624,5
169.51677,56.472507,151.54672,90.25303,2
34.454468,42.752144,151.25043,182.46849,2
36.371513,126.69275,150.95892,168.33304,2
199.87213,40.758003,152.94951,195.74895,2
155.01399,101.69988,153.8191,215.91344,2
23.833353,124.83626,150.93457,203.05656,2
104.100586,50.037945,151.43773,90.68284,2
125.30119,71.61175,151.75374,179.58862,2
138.84343,113.980316,153.43404,199.59265,2
106.1757,127.098915,152.28517,199.41583,2
156.99239,3.9454644,153.13017,136.40207,5
157.32895,68.19184,151.07753,169.09427,2
8.283586,27.909874,151.10852,191.79587,2
121.34155,50.725468,151.43254,169.53656,2
169.07048,74.96684,152.5025,114.90622,5
4.179466,33.730976,151.06345,160.27266,2
95.698006,80.35476,151.78947,82.63002,2
153.79773,81.61701,154.84698,64.80765,5
92.88725,107.56964,151.44678,206.72986,2
20.07945,103.76234,150.67075,169.51492,2
159.86156,54.057163,152.19804,84.590935,5
105.61599,104.550385,151.71101,141.80862,2
141.03743,99.239204,153.57516,205.01176,2
147.84698,24.856176,151.28355,189.20828,2
12.215542,55.35627,151.69717,90.30523,5
73.623405,121.27162,152.51819,102.02702,5
176.13194,149.12207,155.16734,62.307453,2
110.81396,71.01946,151.84778,80.94259,2
43.240414,64.73478,151.57555,129.80414,2
57.638245,146.31557,150.53175,161.92159,2
159.68997,97.82955,153.67888,117.70487,2
172.04497,61.883926,151.04742,164.44641,2
13.670535,80.02552,150.50832,165.54356,2
98.20218,21.78061,154.60616,106.91574,5
172.83401,5.2450647,151.61046,170.09502,2
110.10096,47.37474,151.84944,205.47072,2
54.3169,120.15325,152.06445,64.037285,5
112.42709,145.94484,152.81873,190.67857,2
110.91419,101.17051,152.13426,84.74164,2
61.59804,27.403532,152.49123,107.42398,5
53.90372,72.215385,152.03061,154.14996,2
160.32207,10.021677,152.98903,89.93954,5
198.60506,119.75978,154.74037,94.752846,5
31.724678,17.119835,149.66336,168.188,2
184.14153,21.455399,153.75212,34.54487,5
44.569603,149.52776,150.41331,132.32492,2
161.28577,129.93507,154.0523,191.08186,2
6.2201447,133.44856,151.23723,182.32138,2
94.3443,92.76153,151.62193,83.36174,2
41.86824,66.18293,152.42297,71.31768,5
80.15637,83.79594,151.7959,64.871506,2
3.3346663,121.321045,151.80917,94.95591,5
18.799253,44.14066,151.26437,117.498314,2
72.20345,37.430283,150.91472,180.5518,2
29.251148,103.88199,151.0552,203.08136,2
49.511696,48.50891,151.24347,151.78596,2
99.023575,53.34158,150.83676,199.63628,2
155.93958,63.308426,150.73802,168.13693,2
93.5659,32.71188,152.87149,178.2692,2
111.1229,5.1944275,152.33627,104.80923,2
112.84962,143.6037,152.77655,71.048805,2
39.393715,32.515156,150.00401,181.93164,2
151.8122,125.91779,154.16061,84.530945,5
6.704929,102.80011,152.21936,67.07358,5
133.55322,72.353,153.05449,64.81133,5
133.34052,20.505917,151.6207,116.799614,2
69.946495,0.78191596,154.0562,80.47962,5
27.093882,103.568214,151.0204,228.49187,2
156.89311,131.72401,153.875,160.53693,2
150.70491,66.99498,152.47792,82.259926,5
59.522797,90.52947,153.81836,66.1207,5
76.603806,114.33203,152.68802,80.70266,5
98.42631,22.484161,153.358,32.3854,5
158.34396,49.83874,151.68512,79.47143,2
55.605198,57.54316,153.23814,118.55541,5
171.3042,104.347664,153.71687,88.705505,2
8.165125,146.9817,151.63109,196.5852,2
124.14176,33.415348,152.05135,188.95956,2
10.091913,4.117794,148.93872,212.1781,2
69.52958,50.234024,150.8651,178.21042,2
198.57544,35.940926,153.2982,125.18173,5
54.946598,0.57733816,151.9449,150.40826,2
137.06145,53.833252,151.44858,43.575848,5
166.3211,53.840622,151.6671,148.26616,2
110.14544,77.59066,151.92906,189.43904,2
129.05214,35.76616,151.97055,130.32462,2
116.21767,14.844944,152.30667,163.28899,2
71.71741,37.89412,150.91873,99.511795,2
57.649376,94.12613,153.33333,115.77573,5
138.43898,101.81078,153.48273,165.26407,2
68.70057,80.02096,151.95975,58.240723,2
167.78008,5.1996965,151.53815,177.67293,2
88.50987,123.080444,151.69421,128.02995,2
21.987291,22.389597,150.78072,73.4486,5
177.91887,111.07716,154.56544,78.1781,5
160.51721,78.82969,154.37997,49.49588,5
197.8855,102.300316,154.82152,112.72522,5
119.51779,38.04436,152.31062,118.46276,2
5.765734,51.141766,150.90497,179.87027,2
177.33864,21.604673,152.08794,180.70578,2
119.23618,145.95944,152.81052,144.8393,2
135.72198,88.660866,153.36212,66.15388,2
169.40591,120.46714,155.55011,122.89262,5
199.73499,41.146496,152.92744,79.5073,2
111.34625,99.74362,151.99667,198.64384,2
30.431793,116.636765,151.05998,102.67266,2
189.15105,149.80528,155.94853,124.72239,5
48.20267,53.24439,151.48389,200.3076,2
74.92084,42.238724,150.60472,157.28236,2
77.88314,9.885003,152.4141,196.473,2
69.39227,138.81618,152.88663,85.51765,5
191.95686,124.70333,154.64636,186.93633,2
69.16938,69.39241,153.54073,51.51331,5
88.38258,144.45937,152.0734,174.0811,2
25.50111,46.246372,152.35379,86.41641,5
3.2519593,102.68388,150.2996,171.92975,2
19.931257,75.1835,151.68904,87.53779,5
56.421265,76.16174,153.17747,92.75825,5
160.75726,4.3846946,152.18243,93.063934,5
166.85728,118.114426,155.47923,133.64154,5
178.65445,96.920815,153.32037,197.99551,2
188.87007,110.79168,153.83269,185.80252,2
168.9113,68.777985,151.24323,103.57905,2
39.359856,34.791588,150.2868,101.381966,2
157.12184,95.26771,153.69234,154.05106,2
50.871716,74.458885,151.9112,195.67809,2
139.89395,64.9708,150.76802,53.5139,2
115.24197,104.38658,152.24992,182.47289,2
177.08894,25.988764,152.13638,140.88336,2
94.26978,47.49631,151.53188,72.25679,2
99.56273,69.84852,151.75974,162.7729,2
148.9125,62.02055,150.74706,233.70338,2
174.051,18.714533,151.87048,182.38539,2
102.62049,37.080105,152.80511,166.20312,2
175.22789,1.5841708,151.5306,177.34555,2
144.05705,30.572754,152.98238,108.45294,5
69.35789,95.96752,151.77127,175.29468,2
184.32968,27.00259,152.87056,113.45259,5
183.43118,124.65395,154.45515,188.44525,2
154.9165,48.1207,152.37335,96.89859,5
187.40344,76.881874,152.08145,156.85735,2
55.789867,100.35249,151.88673,157.5481,2
129.56993,101.228355,153.05753,165.05054,2
173.86722,83.34187,152.91135,161.46938,2
56.083447,82.31215,152.0269,159.2708,2
90.616425,2.4402754,152.35275,178.49388,2
29.920786,95.90288,151.53885,85.310524,5
36.4706,49.5618,151.53328,113.99732,2
147.78331,95.13624,153.68509,170.67424,2
25.85959,114.63332,150.88216,188.77512,2
103.32855,87.53919,151.65465,164.02917,2
1.1848005,59.296654,150.62491,162.21843,2
155.21378,2.914638,151.41835,172.63058,2
166.60344,131.9128,154.23402,155.93187,2
31.122166,22.910625,149.5648,179.14833,2
95.22228,39.241196,152.56142,192.05846,2
141.22533,41.076088,151.55476,177.37158,2
181.87245,78.964195,152.45836,207.39684,2
76.30686,54.140102,151.16869,188.62425,2
63.929127,50.303993,151.02092,198.12743,2
96.195366,144.90523,153.9873,54.73244,5
87.8823,64.57691,151.74823,184.1126,2
158.34267,63.88831,150.76909,198.6682,2
94.184616,146.65248,152.29678,198.78726,2
145.76677,86.598404,153.42847,210.73611,2
127.19904,131.51277,152.95187,178.617,2
188.54985,89.51255,153.10667,122.84565,2
27.00818,123.47079,150.90845,165.63164,2
100.05545,94.95349,151.52426,148.22562,2
114.02169,118.038704,152.35283,181.05948,2
153.85799,43.989098,151.67096,200.75139,2
59.644726,26.456905,151.01184,186.08893,2
184.57713,78.53399,153.92667,90.07477,5
186.4081,29.67626,152.56737,163.42188,2
14.804822,44.357964,151.26495,182.04324,2
87.47727,50.831425,150.9272,94.91697,2
80.167885,129.49306,151.46202,185.4394,2
100.27735,108.48095,151.65231,153.76817,2
68.775536,62.701942,151.9734,166.70103,2
140.32918,111.76558,153.57588,186.26768,2
163.94054,97.219986,153.62564,201.09024,2
118.38576,98.55813,152.34996,133.08582,2
117.97973,38.160915,152.354,121.97515,2
175.78586,75.80156,152.05763,176.57574,2
13.653938,28.797422,151.24016,99.901184,2
76.24411,43.961555,150.62982,199.03123,2
32.873524,112.6441,151.08546,189.8309,2
72.89564,149.9771,151.17622,178.78915,2
31.282963,117.044785,151.03792,169.87167,2
151.9634,40.8416,151.62903,153.2147,2
163.79047,126.49673,154.12466,172.22318,2
105.3751,52.562523,151.38881,136.22469,5
177.00511,93.75927,153.27864,170.98032,2
132.10881,144.32013,152.9389,180.54861,2
109.72902,74.22597,151.93085,120.216194,2
147.96007,90.301636,153.56111,187.56337,2
118.297516,27.316042,152.30336,168.0487,2
99.74396,73.99773,151.82555,195.04617,2
104.76575,100.28042,152.69753,77.03819,5
47.734318,101.858986,151.97217,99.947105,2
117.39467,118.95856,152.57838,113.41841,2
102.85802,139.5049,152.49886,161.98457,2
135.56714,131.10573,153.18486,224.40652,2
160.6878,15.006088,151.4111,194.20815,2
110.130806,71.558044,151.78304,167.54395,2
195.40526,74.52075,151.93295,183.28018,2
48.49398,128.12094,150.898,125.938866,2
69.05111,21.337439,152.09889,172.35541,2
106.42487,27.349802,154.15224,89.1259,5
55.801785,115.34596,152.28932,101.717995,5
89.1581,100.37119,151.48717,221.75854,2
56.995285,53.290638,151.53865,80.617935,2
106.512054,104.59681,151.8138,176.5611,2
149.86674,21.646442,151.27872,190.99957,2
52.532402,113.94372,151.82228,83.240425,5
75.84532,10.24749,152.29984,189.40784,2
184.38358,140.5158,155.2264,172.13559,2
97.71831,119.96527,151.84998,181.95575,2
12.351009,0.41805062,150.97578,121.37483,5
74.69463,148.71951,151.26245,186.3826,2
134.3935,80.06425,152.8151,188.32304,2
12.111047,71.27667,150.77145,87.058754,2
101.26704,148.42607,152.60605,164.6833,2
92.339485,77.11908,151.89452,81.79709,2
68.95899,133.82034,151.29106,114.07209,2
39.102444,72.675835,151.64316,169.12666,2
140.11732,140.79092,153.20654,214.08899,2
19.427475,41.20395,151.26439,184.00012,2
146.27446,118.696236,153.8805,121.82441,2
147.82272,8.460182,151.45216,104.71079,2
4.6408978,23.32622,150.89047,171.12177,2
54.565628,111.753456,151.62038,171.49911,2
60.679497,126.81458,152.79811,91.95646,5
77.51407,50.419495,150.72643,193.85353,2
114.62335,50.139004,151.48463,99.95006,2
149.85234,51.50426,151.41971,169.68755,2
132.50752,56.499256,150.85153,131.71889,2
120.397415,9.823571,152.0704,186.80373,2
21.153824,56.44027,151.21596,55.367966,2
114.81985,29.861101,152.48975,146.24892,2
184.41711,22.729248,152.6338,60.77421,5
17.062181,76.88879,150.65157,184.06755,2
52.12295,117.97018,153.00558,63.967636,5
118.43287,8.566123,152.07843,114.968185,2
9.176936,55.82331,150.9538,79.6035,2
101.33759,26.074667,152.96407,108.6565,2
130.69426,6.6908913,151.74033,198.31064,2
66.27004,145.91505,150.99686,73.90326,2
7.488083,52.653084,150.93555,193.48021,2
119.72834,126.20315,153.5539,94.95109,5
112.39876,27.885885,154.30254,108.293175,5
7.915693,11.38231,149.37653,71.44626,2
115.650696,107.7264,152.38002,112.04414,2
139.51218,39.046913,152.1165,97.96375,5
94.65828,136.16425,152.20876,172.11552,2
86.977196,78.97539,151.77962,202.4584,2
99.64932,29.763033,152.9225,217.06305,2
45.856014,146.71884,150.4289,66.25721,2
184.79115,121.61068,154.66019,94.51223,5
94.525185,98.46879,151.50371,180.28589,2
7.014461,149.0363,151.82394,125.521034,2
10.860609,113.097176,150.59003,101.71155,2
197.79509,76.413864,152.76485,55.098736,5
79.967354,26.384706,152.63643,122.538994,2
67.12045,10.888298,152.13701,69.842865,2
74.34002,79.88097,151.86777,211.71725,2
160.63905,73.85733,152.07489,97.179184,2
199.51756,35.959,152.8959,209.94728,2
174.83308,51.758892,153.96379,50.97536,5
139.24573,15.28667,151.49052,174.78818,2
115.695366,148.60999,153.31448,83.17386,5
135.22023,26.608744,151.53093,163.93475,2
26.706442,21.96005,149.70341,178.65237,2
163.45235,120.153305,154.00984,180.36366,2
100.53943,107.922424,151.68184,194.18578,2
24.43219,96.25632,150.82663,183.83849,2
39.933796,48.443157,152.80956,49.326176,5
121.969154,112.387566,152.64418,186.8357,2
19.090843,71.37537,150.9004,109.88107,2
31.8181,31.947248,150.74371,23.701912,2
22.555742,46.905724,151.29654,144.85655,2
80.2569,2.6777282,152.313,164.65002,2
7.1158147,79.59274,150.59735,86.41923,2
166.25029,1.7353089,151.42798,155.92354,2
27.515507,17.363956,149.51898,181.85823,2
47.806374,93.753876,151.97554,141.91187,2
116.42338,75.72242,152.07158,176.99823,2
148.73979,83.6122,153.20479,199.73743,2
34.070625,91.44144,151.41736,166.92725,2
171.34349,3.3470922,152.72375,69.33133,5
104.261154,25.987818,152.85379,178.87668,2
168.62778,20.135506,151.7463,164.46979,2
81.148544,73.214264,153.04564,109.42468,5
128.92627,117.039185,153.07056,162.10132,2
126.95948,143.68428,152.93587,186.5086,2
5.0476413,27.935474,152.80522,88.94644,5
121.42806,97.63655,152.57042,159.75807,2
2.771414,100.98796,150.35999,107.81023,2
72.38223,26.840483,152.21484,155.71193,2
157.68933,97.75732,153.97112,57.602757,5
78.73793,109.84713,151.48393,166.34393,2
182.23389,53.188293,152.14946,127.65921,2
169.32108,138.17693,154.48656,162.08801,2
44.568745,40.79848,150.64763,193.26591,2
160.16853,22.609854,151.41148,213.52617,2
178.4756,10.167515,151.8191,166.61617,2
41.489086,26.798063,149.63766,73.71431,2
69.22088,148.69708,150.9704,201.92961,2
38.493614,106.3409,152.2119,71.88903,5
160.84889,126.75184,155.73848,93.0164,5
28.178173,2.4395123,151.07156,121.57935,2
92.73338,102.67724,151.46442,202.19312,2
94.02243,147.57693,152.30586,170.02171,2
150.50235,125.648674,153.69148,188.34703,2
194.60469,148.88895,155.76317,162.38464,2
199.85841,128.22728,154.90164,194.04317,2
47.425877,22.014997,150.37354,153.04758,2
138.38461,16.324059,152.34734,155.3463,5
14.22661,127.10556,152.35243,82.156494,5
190.14066,22.694752,152.46408,172.78294,2
35.424313,119.17543,151.04544,75.77656,2
50.231823,127.46601,150.9834,137.49374,2
135.19441,121.34293,153.26756,151.42291,2
58.693745,19.749615,151.54358,87.4351,2
73.19877,149.2874,151.17075,207.73866,2
11.7798,79.86005,150.40985,196.23462,2
142.07835,32.921444,151.86804,61.62579,5
54.76235,0.60174435,151.97896,157.15729,2
5.9373336,47.895332,151.23882,111.82214,5
107.94148,101.75489,151.97548,57.447266,2
86.15412,45.06512,151.15782,169.49292,2
44.339428,0.6272071,151.76857,186.894,2
82.808235,134.51295,151.75131,73.19296,2
169.62852,126.82538,156.08131,103.55745,5
66.126945,135.10056,150.9945,151.13777,2
198.90617,96.67719,155.08618,105.42364,5
122.98481,135.41017,152.83733,209.33037,2
146.74184,77.11947,152.67503,110.51334,2
57.58685,13.113574,151.77536,179.2051,2
102.76912,123.84678,152.12036,175.76465,2
180.23235,51.101357,152.29694,145.74911,2
83.115204,56.126354,151.13269,79.5724,2
107.498795,53.21864,150.91594,86.88595,2
56.648182,80.80366,152.22992,62.631897,2
137.96005,68.30612,151.1605,72.690315,2
97.03614,88.56863,151.89267,98.25232,5
186.0281,49.847576,152.5149,100.576645,2
68.17423,24.933176,151.85422,193.01562,2
5.3214393,49.797195,150.97437,76.96736,2
86.175865,78.45024,153.25562,97.41965,5
177.03258,2.9794695,151.51826,190.04868,2
178.95673,128.31624,154.58606,163.65752,2
95.86605,112.22758,151.569,200.71902,2
173.2233,139.34856,155.38158,110.83284,5
19.204706,73.651794,150.87007,180.46535,2
54.82236,21.593954,152.70085,59.9369,5
127.57763,47.64444,151.69894,179.62605,2
97.55637,134.2245,152.28636,131.50992,2
99.016846,25.569307,152.91513,180.88603,2
73.12582,60.787292,151.91196,157.40971,2
184.8907,17.049988,152.16429,117.15032,2
36.270473,1.4864907,151.4514,209.34633,2
77.136185,111.80178,151.48715,189.16124,2
61.18015,10.531763,151.94775,191.83463,2
3.6935894,45.692688,152.67502,133.56616,5
94.034904,76.08003,151.79851,230.95929,2
142.96484,99.80412,153.64993,170.9431,2
92.64752,135.48253,152.0315,185.18893,2
159.71597,110.42738,153.89156,201.28464,2
110.10497,94.07799,151.93442,175.9843,2
176.81157,146.74567,155.08466,188.31818,2
144.61789,131.48714,153.43489,144.97571,2
186.51361,146.11433,155.49843,107.032745,2
136.34258,95.51589,153.35461,183.03989,2
110.62746,149.08646,152.85863,67.97233,2
124.9101,30.705132,153.82,88.29716,5
196.39272,1.0530611,151.85103,167.5849,2
184.96968,85.11176,154.10895,93.2969,5
52.031372,108.1338,151.65572,147.79593,2
57.378765,7.8918486,151.84105,48.76483,2
173.46176,72.50472,153.06436,104.29024,5
193.70146,18.835857,152.42978,172.25246,2
24.567518,39.09787,151.24982,174.38095,2
53.260384,110.35133,151.63618,88.3938,2
111.53239,47.51663,151.8988,147.62044,2
49.303917,104.34861,151.69003,82.87876,2
138.83511,110.52594,153.53885,94.55217,2
26.19444,126.23768,150.82887,202.92336,2
152.9201,143.57114,153.70274,99.17172,2
125.074265,25.4407,152.43689,60.1715,5
31.05635,81.68353,153.14767,131.99394,5
110.65567,83.69806,151.97903,95.8735,2
34.70897,1.576956,151.75623,127.13823,5
107.95377,19.751574,152.86514,94.79835,2
186.09193,72.63436,153.30759,119.539444,5
110.67216,88.72253,151.95163,180.54478,2
188.06825,32.70706,152.77539,67.27437,2
73.50206,86.863846,152.0612,107.83119,2
155.96097,122.9331,153.87587,153.46564,2
160.43765,77.31045,152.55139,180.01982,2
176.1607,26.328499,152.0653,215.73909,2
19.80497,144.9172,152.8493,107.22283,5
197.8009,90.535614,154.88918,87.306335,5
119.82979,52.14749,152.54886,53.863495,5
119.1408,104.06413,152.50598,85.544014,2
68.24117,7.5133677,152.5022,78.8132,5
147.48463,66.319084,150.90738,157.01239,2
132.37091,142.38118,153.70619,106.13773,5
117.78376,124.36312,152.58833,180.85982,2
144.15878,145.18188,154.47408,101.88556,5
29.35818,45.48992,151.3346,190.89406,2
52.078426,136.95374,150.6932,127.33644,2
199.15567,8.931706,152.10289,180.18414,2
21.785072,93.083916,151.4394,100.294815,5
70.768135,6.1829166,153.00365,71.82738,5
61.61626,56.4876,151.96802,36.0675,5
17.314661,27.260479,151.07083,179.55792,2
123.78306,119.47811,152.79417,74.53653,2
117.2812,37.584652,152.7836,109.41637,2
41.001465,57.55558,151.47473,193.53322,2
151.10384,146.55054,153.6344,128.61124,2
190.96066,19.09377,152.37741,214.82384,2
47.593334,75.31311,152.97215,58.40019,5
98.32525,99.74965,153.23148,117.91062,5
33.42142,129.12434,150.92567,180.44533,2
1.7759886,90.38602,151.61864,154.09576,5
175.27748,65.34448,150.88705,95.94629,2
70.81843,128.32515,151.26732,193.49455,2
156.8704,28.005625,152.98558,69.61752,5
92.048836,119.74867,151.80934,78.48777,2
68.793335,52.973904,151.25531,179.2853,2
154.9797,85.27905,153.39354,153.40094,2
99.80048,75.90783,151.82973,172.79895,2
3.1090024,125.86014,151.2313,57.422436,2
20.064362,17.768053,149.74518,105.72642,2
83.11605,105.13878,152.40918,35.965633,5
140.61845,56.385323,150.98033,181.05174,2
2.4575832,52.45955,150.78479,183.00504,2
185.01494,127.99722,154.64236,164.32121,2
101.58315,105.42714,153.06255,67.05473,5
147.2549,22.408052,151.30716,171.07149,2
35.839672,82.01959,151.50424,200.04596,2
146.14732,70.67237,151.52248,185.04706,2
35.016808,146.78601,150.58896,180.85287,2
115.116356,56.602245,150.75652,79.98521,2
16.867851,143.53052,151.25891,189.51207,2
163.07741,18.938488,151.45741,169.31949,2
49.221634,141.69077,150.45894,192.51569,2
150.83217,44.902187,151.84048,68.72153,2
171.3273,38.062664,152.07657,201.64433,2
175.75667,55.2863,151.79898,211.8528,2
28.512224,110.29384,151.0165,77.3704,2
196.1062,111.39925,155.37753,111.50339,5
105.61989,149.81975,152.86147,98.49636,2
144.9355,72.68922,153.67856,65.43144,5
69.43849,137.4607,151.0702,182.47368,2
20.970175,119.3663,150.79784,189.26227,2
17.779932,8.557655,149.36736,121.08027,2
172.20265,25.55892,152.24702,115.28027,5
141.90257,137.84819,153.4519,102.017654,2
184.03418,48.85988,154.28716,153.11432,5
122.6443,97.81586,152.75346,82.010895,2
9.187211,126.61884,152.72395,98.92119,5
183.02376,54.125412,152.10143,218.8252,2
48.947777,24.249388,151.20126,88.040184,5
174.87843,102.32169,154.79074,63.03632,5
72.08126,120.17109,151.38951,160.09285,2
24.505846,120.74289,150.93808,191.77226,2
182.23203,10.822658,151.77182,163.19652,2
112.122375,48.74737,151.72792,189.50523,2
195.56519,2.2722137,151.82745,83.67603,2
135.91232,37.614304,151.5841,188.702,2
105.370575,140.3378,152.51663,194.00694,2
54.726437,36.169647,150.53871,54.568756,5
165.87785,31.475365,152.2152,97.46274,5
51.36661,40.95488,150.31218,202.57059,2
152.99142,121.983665,153.81213,41.72845,2
41.70944,90.176254,152.52101,136.26453,5
151.21863,7.236784,152.40558,67.380135,5
90.2227,140.3059,152.17789,66.80288,2
117.0918,34.485287,152.93,75.71807,5
99.74926,75.5808,153.7355,147.91089,5
37.894375,123.090935,151.02112,209.92107,2
1.3821684,92.70272,150.18115,159.31213,2
8.011864,40.782555,151.13922,209.34555,2
147.9615,147.16814,154.24379,113.28085,5
107.523674,6.40665,152.33754,205.6119,2
158.71445,121.85674,153.9825,204.10986,2
160.28687,2.0258598,151.47527,168.97191,2
36.781734,140.17654,150.67174,186.8333,2
182.19798,105.75672,153.59448,144.64252,2
77.3818,122.50319,151.45308,175.49802,2
139.99359,55.083847,151.03848,164.70715,2
128.7446,122.16061,153.00702,218.87833,2
9.476847,4.2833605,149.92886,100.187904,5
124.01283,28.274977,152.03294,164.48607,2
166.51671,46.68828,152.05458,191.64781,2
81.861465,145.79205,151.68597,196.46802,2
63.107605,127.54576,151.11714,181.89131,2
157.0213,120.076805,154.59303,84.96783,5
148.8531,131.95738,153.93246,86.91676,5
134.88783,145.10037,153.02061,173.0812,2
174.58632,56.026733,151.75601,55.721893,2
22.741568,48.26413,151.30661,187.43344,2
22.666159,76.918,150.9199,145.1323,2
120.75052,67.17704,151.0793,162.23586,2
135.73056,31.152075,151.51656,184.95547,2
97.331665,2.3666143,152.3569,171.73532,2
27.36448,142.3943,150.95198,159.51465,2
52.1349,59.325348,151.68893,169.13483,2
107.57739,120.660965,153.97112,104.21944,5
45.254383,64.74954,151.9694,105.41454,5
5.75272,55.36361,150.85675,167.48657,2
129.87491,67.08366,152.48125,75.06752,5
26.557795,127.73192,150.8746,178.44653,2
80.463524,49.210293,151.75691,89.89012,5
195.42029,54.42299,152.38803,208.74362,2
101.31654,77.60328,151.9256,69.18709,2
15.6273775,113.997536,150.66371,215.32816,2
72.04709,74.50561,151.97127,182.273,2
37.097927,141.74838,150.64746,184.35764,2
30.069748,133.89705,150.81174,194.53876,2
20.303087,40.202774,151.28911,169.97514,2
80.76952,97.57529,151.77785,80.86473,2
59.58258,29.98308,151.08629,176.58362,5
87.78269,65.782715,151.89952,84.13084,2
149.43947,87.300735,154.49477,123.997536,5
157.77896,39.068573,151.63687,186.58641,2
65.8794,98.61489,151.83447,224.08612,2
115.87588,6.0609717,152.0851,190.44109,2
28.656017,92.7592,151.10873,149.12689,2
143.83095,44.35466,151.56708,179.17873,2
38.253662,149.14847,150.48708,166.00777,2
150.04869,84.08369,153.26553,186.69997,2
49.934074,0.81364745,153.86159,56.711918,5
184.94904,41.67889,152.72804,115.288315,2
42.688015,27.906332,151.20354,88.84215,5
196.40889,14.885055,152.34375,177.95682,2
53.852703,17.945482,151.64578,100.28912,5
174.66548,24.993717,152.04645,183.15814,2
59.747368,51.832344,153.29015,88.04557,5
131.91074,26.98461,151.68655,164.41495,2
19.833572,109.39208,151.4276,72.30687,5
193.10567,25.407078,152.62436,213.5853,2
56.687523,108.48227,151.64346,184.98349,2
142.71161,72.466194,151.82916,187.35936,2
70.18065,105.139244,151.65865,179.95316,2
34.65552,19.484913,150.02228,87.05934,5
113.07973,51.714836,153.10959,128.43433,5
43.17191,77.200195,151.7973,124.77309,2
4.3716474,43.75594,151.04535,107.95027,2
126.02406,28.504143,151.95497,191.94461,2
141.2051,99.064095,154.11247,91.05286,5
114.22143,115.789665,152.28088,28.332392,2
142.63408,146.10602,153.22046,94.727936,2
90.131294,142.92596,152.09146,107.99252,2
51.456894,49.689003,151.60977,90.42305,5
4.290333,76.1167,150.36067,196.86932,2
115.73322,29.570776,152.48257,176.24713,2
96.83254,67.87256,151.72217,78.68901,2
189.27135,52.695694,152.58385,84.83738,2
19.92599,130.38527,150.98895,194.63887,2
37.351357,69.58822,153.16693,40.15948,5
97.95013,68.759224,151.69682,179.35039,2
104.16118,24.197346,153.63885,130.72897,5
17.434074,93.620476,150.57292,190.0828,2
133.37875,28.578733,151.87155,76.30102,5
180.8921,111.164314,153.86052,199.03911,2
15.871321,127.685165,151.04762,85.1261,2
71.180115,34.86259,151.11241,179.9579,2
184.22374,114.201805,154.00804,183.70012,2
111.7387,128.13638,152.44136,166.63525,2
7.360678,43.64299,151.38501,95.265076,5
189.35362,106.20573,153.61145,167.91693,2
74.917786,50.680233,150.82199,194.58627,2
52.001076,5.9692016,151.81578,190.10976,2
17.620531,118.64767,150.83861,180.75166,2
162.43814,58.258926,152.10274,105.83686,5
183.14186,103.061485,154.81935,110.38132,5
66.71293,20.799356,152.09494,71.5084,2
111.74987,51.93901,151.22054,203.00983,2
69.67338,21.22154,152.10626,221.02647,2
138.8658,83.898674,153.14365,155.75717,2
155.17732,148.32616,154.60338,100.11892,5
97.35663,43.826565,152.06923,118.94022,2
73.40746,92.91611,151.74901,174.35956,2
171.06905,147.92964,154.75172,220.4566,2
177.98592,145.29633,155.07349,194.50151,2
104.53854,76.40154,151.85558,139.65758,2
72.33328,26.607359,152.08514,211.34879,2
79.93017,141.88083,151.61743,174.0952,2
46.06263,13.564595,151.27473,186.05191,2
30.561697,18.642817,149.53426,171.79982,2
18.283697,58.26842,151.06172,214.3284,2
114.88263,96.009544,152.17375,169.79498,2
54.679096,63.85942,151.85532,201.24722,2
96.435326,129.93,152.05424,193.12427,2
36.357216,142.9143,150.62068,163.96542,2
58.774445,73.45515,152.00252,209.59422,2
9.7991085,84.22371,150.33072,169.38936,2
181.92215,94.71393,153.23047,73.510895,2
46.888752,21.406935,150.44437,178.14156,2
82.70036,53.857487,150.92664,203.35403,2
131.6573,59.354095,150.65192,160.72873,2
3.0165243,24.75419,150.84822,156.69337,2
2.4801652,145.52347,152.0295,91.57303,5
56.043194,119.86746,151.29887,162.80766,2
147.62666,55.14865,151.1827,202.81148,2
8.519346,98.15636,150.27359,104.3479,2
52.96044,98.879005,151.90582,139.33319,2
0.8404218,149.40738,151.73064,120.034744,2
12.685876,109.28855,150.51083,167.24806,2
148.38658,62.941086,150.92488,57.680668,2
15.236338,5.2418075,149.367,82.2994,2
113.2214,13.823778,152.34334,60.93832,2
145.04173,103.08536,153.75954,162.90192,2
38.726173,14.789985,150.833,112.498825,2
0.2851855,123.31232,150.89835,182.27296,2
52.008522,49.9708,151.31273,62.584892,2
101.848465,69.69295,151.74461,196.55388,2
35.838142,31.32694,150.17,191.58037,2
100.36096,3.344819,152.334,200.4995,2
113.90076,110.43181,152.25694,88.326195,2
108.11157,99.36481,153.18295,127.509026,5
141.51077,32.053925,151.40811,125.84119,2
6.8688874,123.756584,152.71355,30.396244,5
85.29123,23.23321,152.774,170.31,2
172.41055,32.327053,152.10059,42.605236,2
73.41105,52.69898,151.12541,180.78906,2
175.4629,20.328575,151.97206,79.493614,2
194.49876,70.06582,151.33417,188.95297,2
177.8847,25.304874,153.02296,107.19844,5
143.91537,49.450317,152.17395,114.18835,5
56.298775,32.58762,149.87222,184.30833,2
153.45857,31.409912,152.05244,89.303856,5
71.24776,17.792458,152.37794,112.181946,2
69.72712,12.205213,152.19719,166.13744,2
147.39561,72.77437,153.72353,147.67743,5
145.93358,12.25841,152.36375,88.09898,5
146.89732,14.57253,151.27098,108.39562,2
70.60297,4.8220763,152.169,158.21565,2
188.3497,49.221817,153.71167,122.19239,5
66.66483,128.93506,151.13904,191.02817,2
84.73524,25.026663,152.73787,184.12689,2
170.4075,123.33359,154.24171,168.48285,2
160.47423,47.784363,152.005,79.95459,2
188.05893,26.457607,152.47255,169.24382,2
195.41293,24.680597,154.45674,78.90602,5
34.17405,46.856876,151.28532,168.34778,2
177.47583,43.32371,152.4127,195.90338,2
120.734665,9.964979,152.01376,195.10138,2
53.827316,64.19556,151.80278,201.1239,2
127.42696,46.28874,151.82968,169.04585,2
30.095793,51.514046,151.3005,192.19133,2
50.114887,30.519953,149.63814,170.34813,2
117.44231,84.341934,153.58685,76.4808,5
176.6883,31.816269,152.20325,90.64716,2
39.36948,48.03558,151.78178,106.94853,5
38.43102,139.05013,152.0004,108.91275,5
141.48482,98.25187,153.55946,133.35004,2
95.59445,102.17655,151.45625,176.60194,2
17.802858,23.533968,150.71658,109.57145,2
184.76508,65.60661,151.0257,76.81978,2
59.59479,88.62724,152.05621,196.65276,2
46.92041,95.55597,151.79712,170.70847,2
146.39032,0.33470717,152.88776,71.447334,5
110.32061,73.05553,151.83656,166.99287,2
60.735588,92.74996,151.99152,184.73953,2
18.4905,144.57233,151.26534,168.47343,2
132.35187,8.806131,151.73422,176.36096,2
19.490126,28.933523,151.04161,172.86069,2
20.747326,133.99678,151.11821,91.427795,2
45.664608,103.39353,152.3465,99.14181,5
0.72292453,100.50612,150.30003,172.21416,2
194.71124,139.49457,155.89838,144.38258,5
197.18867,25.586157,152.63249,159.08388,2
26.018223,107.17618,150.96233,53.30559,2
38.700348,93.44211,151.60791,201.98213,2
115.95695,75.79202,152.02512,217.97485,2
9.691304,127.16383,152.27365,92.155235,5
17.773561,0.5383111,151.70148,114.57326,5
52.36236,69.50728,151.87273,161.95816,2
148.38458,129.83498,155.33812,94.33422,5
96.993645,24.998133,154.50789,95.37035,5
6.1934304,41.270794,151.1123,133.81071,2
87.289825,65.374855,151.82008,46.37574,2
133.34465,110.86238,153.28313,115.73106,2
8.990694,0.13594426,149.052,177.50504,2
156.3192,12.773695,151.39565,156.00867,2
176.15868,73.213066,152.81212,66.02031,5
12.469684,18.9537,150.33221,172.51022,2
189.55762,125.7973,154.62694,148.53238,2
1.3470144,123.63885,150.94557,180.52176,2
28.636602,110.72731,150.99417,190.15489,2
167.66472,4.5443664,151.74678,58.83806,5
190.36172,77.53512,152.31566,120.96883,2
67.31599,26.87287,151.672,168.22995,2
48.075928,99.296906,152.9731,20.28004,5
198.28215,132.065,155.65295,130.51607,5
149.1296,5.9936476,151.90887,93.478874,5
198.15562,134.04366,155.18219,181.53223,2
53.384003,72.7475,153.79948,67.4121,5
171.47758,130.57893,154.43565,192.85869,2
173.4499,102.40838,155.1249,54.009777,5
165.32858,51.9943,151.81343,161.9446,2
23.952192,110.76039,150.83517,189.99557,2
14.554267,22.555275,151.06987,115.86984,5
39.047935,143.18811,150.60054,160.11723,2
42.737125,148.5185,150.34154,182.50188,2
136.43503,92.720314,153.27496,203.71245,2
170.57362,103.40424,154.37685,115.375946,5
67.570625,122.47584,151.32259,161.24931,2
6.7023163,86.1683,150.32051,153.22238,2
62.826954,0.20103762,152.11794,179.80376,2
150.76863,35.94184,151.71632,109.20757,5
96.193504,59.518314,151.10394,80.28239,2
144.02809,11.061579,151.42023,98.83412,2
77.64296,125.15801,151.43227,71.25894,2
69.14275,65.50418,151.93657,176.70201,2
5.232342,133.83936,151.21928,180.17781,2
186.7424,142.0643,155.31816,215.9805,2
13.805915,1.6657939,149.48741,172.55612,2
13.396908,47.290318,151.19438,87.37223,2
116.57787,100.857925,152.34471,57.904705,2
34.51754,99.99139,151.33156,192.03793,2
191.21405,148.87807,155.68169,189.63435,2
54.76229,97.90825,151.93613,90.13654,2
153.27745,73.37849,152.78839,87.51156,5
94.75921,120.822105,151.8043,192.60857,2
56.329178,130.41663,150.87436,164.54665,2
146.99907,47.298054,151.58878,151.10577,2
142.27898,17.910389,151.78706,103.21043,5
30.791782,3.2707589,151.10397,176.00024,2
189.62534,101.85322,153.47981,194.36833,2
32.157356,32.948387,150.64677,161.79475,2
189.24706,13.270529,153.17212,96.83426,5
17.7965,41.26755,151.39737,58.180004,2
134.89497,149.59619,153.10966,111.930725,2
64.31972,20.731167,151.82281,147.83333,2
94.89976,103.162865,151.3798,167.36507,2
63.869953,139.71129,150.88358,147.01266,2
135.97359,76.82954,152.49858,194.44455,2
50.2608,57.725594,151.64413,201.4808,2
39.522305,102.95548,151.47183,175.74342,2
104.68962,3.55955,152.30295,194.29564,2
66.32038,31.010124,152.70732,107.6998,5
185.70523,9.800436,153.71764,110.82444,5
133.95667,96.12317,153.26471,173.85753,2
98.466774,69.28624,151.75514,170.73318,2
18.87003,103.54167,150.64513,160.82448,2
118.00063,1.9395618,151.99615,56.305138,2
135.00604,138.21974,153.04745,182.30624,2
138.12376,70.83462,151.60817,163.5008,2
6.990233,136.4708,151.30064,151.75903,2
191.91838,45.97851,152.82928,231.62761,2
105.41375,27.973705,154.316,109.482155,5
170.08556,52.96807,151.85832,206.51355,2
192.00655,15.9091015,153.92807,100.78976,5
188.3699,18.232826,152.34718,188.034,2
143.8884,148.85901,153.29312,178.21078,2
171.07033,142.48474,154.73781,201.1313,2
96.39774,14.617488,152.8106,61.955006,2
105.76684,119.73502,152.16667,55.50627,2
93.89423,85.49531,152.11784,101.863556,5
151.42682,125.60228,153.9202,48.725876,2
26.678324,111.61927,152.6588,105.497185,5
124.023315,146.55655,152.91357,180.43393,2
31.841812,64.914986,151.485,86.96015,2
57.6441,92.83686,151.95941,169.07043,2
108.090645,122.48218,152.22856,190.0558,2
150.83629,134.72359,153.6173,158.88591,2
95.591606,11.372362,152.68564,79.523445,2
196.16663,80.69555,152.64835,184.34859,2
185.73804,77.466805,152.18861,209.08463,2
14.903939,50.530716,151.35541,110.38319,2
137.26128,74.80883,152.29068,164.18033,2
130.07198,97.08486,153.03723,176.48996,2
16.742998,21.584675,151.90425,87.81184,5
81.498566,124.74248,151.55824,224.20828,2
109.744385,38.762516,152.83334,126.51177,2
24.87455,54.293472,152.40862,120.796684,5
164.7251,98.31248,153.60881,188.47046,2
54.97858,17.20706,151.46237,99.58317,2
24.779186,76.87221,151.09196,170.28656,2
165.33693,144.58546,156.07527,116.879364,5
23.592539,99.97794,152.44376,133.19713,5
196.23482,89.58534,153.13837,186.73897,2
184.34996,129.56738,156.55339,61.172638,5
1.4632536,138.85614,151.49504,187.2289,2
182.99916,126.83424,154.56866,177.4561,2
180.08968,101.44251,153.46747,68.30671,2
14.125836,41.539215,151.2598,183.23311,2
187.22803,113.44229,153.98328,77.36618,2
26.158403,98.369675,150.99324,196.99518,2
142.39066,27.33107,151.32074,153.5485,2
98.17841,50.68865,151.15666,114.728714,2
164.82072,81.42136,154.36024,111.92171,5
17.958052,66.322525,152.07806,60.20855,5
39.425423,94.70095,151.9049,94.02392,2
83.15972,27.243872,153.48051,98.44131,5
121.495255,124.4712,153.40631,121.91407,5
0.044418905,23.76296,150.89206,113.86241,2
179.00578,108.4061,155.02992,95.84308,5
100.74817,21.268953,154.01776,126.20116,5
171.79446,81.51575,152.77417,201.13104,2
53.485237,122.02101,151.22438,89.32136,2
125.25958,86.43778,152.68391,160.02222,2
72.93875,28.356924,152.797,55.037537,5
25.757465,67.732506,151.42542,60.09176,2
81.095436,123.4617,152.97621,72.395996,5
112.28946,55.5911,151.11682,91.65872,5
34.17993,29.818682,150.08588,171.1974,2
12.9082,104.90014,150.44897,190.68707,2
192.82921,127.726715,154.74062,198.76195,2
52.490017,4.1054482,151.86198,166.59119,2
37.50858,30.422907,151.19089,99.76001,5
89.74631,3.6769621,152.41483,173.65205,2
97.358154,48.404377,151.33272,192.35342,2
97.978546,76.30629,151.77159,181.07498,2
27.576962,149.7384,150.92618,169.16026,2
64.89557,99.978905,151.80952,141.03694,2
82.46412,29.905571,152.55365,192.25145,2
115.95686,1.4292637,152.71075,94.60811,5
122.42007,0.91659456,151.94093,185.79865,2
189.7324,67.70218,151.36253,81.18297,5
108.88811,86.46753,151.9738,29.754553,2
178.82304,24.429056,152.21378,174.56299,2
194.70525,125.919846,154.72818,156.71127,2
46.129215,127.99377,150.95934,105.46643,2
151.91841,0.7502754,151.5314,154.92589,2
103.177795,32.845192,152.88951,167.671,2
6.3674073,118.27901,151.72935,80.66325,5
62.04826,21.374985,152.89267,117.76626,5
20.860443,48.535114,151.29332,172.2981,2
197.3046,129.28755,155.85477,85.061935,5
81.464424,23.703066,152.69354,66.02114,2
149.82344,98.076515,153.71881,111.18312,2
22.674896,91.39727,150.81146,195.25362,2
191.43488,2.8669918,151.7737,171.22107,2
125.1257,26.56083,152.0681,62.787163,2
34.581116,57.74319,151.3187,165.39165,2
158.83034,14.877524,151.64847,84.05592,2
142.27443,60.007717,150.69505,204.91927,2
62.010574,101.5991,151.83055,162.09631,2
2.5776103,87.42446,150.19478,159.60817,2
108.14173,117.039764,152.07883,161.31569,2
161.3162,26.944084,151.52124,168.80757,2
179.4765,74.76867,151.90051,142.3739,2
50.313038,22.791945,150.75597,72.79477,2
50.598923,146.6507,150.49826,68.61074,2
89.51565,63.79332,151.70154,174.09535,2
158.99873,149.42497,154.03104,85.922966,2
145.39893,4.5689116,151.87096,48.3175,5
116.78316,47.07532,151.91805,210.72855,2
74.4435,106.59898,151.71988,63.80453,2
98.17226,32.35216,152.94289,188.6636,2
127.59855,147.67639,154.68253,132.1017,5
94.526085,145.97038,152.3391,43.41975,2
11.795154,9.616443,149.06503,140.14807,2
92.01271,126.21076,151.79747,157.2145,2
58.362446,29.244352,150.46681,196.08002,2
148.47968,23.896643,151.64534,94.89751,5
13.674174,70.277084,150.72424,177.08647,2
94.48302,102.08141,152.11719,60.506348,5
54.316998,80.79768,152.05956,179.7262,2
23.523388,114.036835,150.87268,161.27324,2
183.3461,128.91519,154.70767,196.34552,2
41.374897,106.65798,151.71391,75.92148,2
79.12818,71.05183,152.01624,197.03874,2
161.38133,80.04907,152.85881,164.13075,2
171.76512,147.70178,154.84769,175.01465,2
165.79301,55.30489,151.52258,187.02655,2
188.46706,84.98411,152.83154,196.08607,2
173.84386,127.34921,154.4044,175.98813,2
32.34342,44.133636,151.2542,161.14012,2
191.75842,145.86252,155.79291,150.63991,2
12.248456,106.8946,150.46768,216.88138,2
68.74145,36.781517,150.63362,162.66296,2
144.50577,5.989508,151.89497,117.61452,5
109.13081,93.048195,151.89319,180.48083,2
95.69353,57.31723,151.954,58.337025,5
71.78531,93.474144,153.38303,78.809525,5
106.92865,149.4934,152.8,196.93184,2
42.401657,143.84969,150.74686,82.46738,5
191.28592,7.243515,151.91887,231.25908,2
184.8431,25.207111,152.39342,157.65659,2
181.72954,41.408203,152.5623,53.408577,2
162.13779,44.030617,151.87288,94.59632,2
8.131625,55.77168,150.91815,167.00093,2
98.98455,77.04237,151.8515,51.446304,2
178.29626,26.764145,152.19174,179.93741,2
57.333496,129.62463,152.63408,70.3324,5
175.45119,50.612152,152.18172,187.36601,2
183.26509,146.19833,155.39687,146.42552,2
116.251045,133.8158,152.69775,86.66386,2
177.85356,97.82625,153.30927,165.14732,2
52.654415,37.060947,151.32623,87.63997,5
10.209118,99.00256,150.59007,118.04909,2
19.870068,99.40448,150.68727,186.17026,2
123.77112,93.66881,154.5978,135.36754,5
118.27394,145.1057,152.88792,193.47946,2
91.41228,54.555984,150.82257,184.55692,2
89.58166,19.219147,153.82677,87.11808,5
84.78387,80.1384,151.75249,198.84367,2
138.69066,47.218323,151.5617,80.30489,2
148.73296,73.504524,151.99611,180.39218,2
90.90341,0.03811522,152.96309,3.5216699,5
109.47195,92.82806,152.00128,111.56037,2
150.28436,102.078995,153.83182,189.06354,2
189.26054,129.2826,155.97903,100.480705,5
63.83713,68.12164,151.9977,96.45945,2
86.80337,90.59835,153.27707,166.14952,5
121.57807,23.2182,152.0449,167.51373,2
161.48582,131.12129,154.14056,34.750145,2
120.24273,149.306,152.88724,179.64288,2
172.7439,0.49855554,151.48668,219.6965,2
106.66267,48.03649,152.36882,76.091576,5
139.03372,46.417683,151.614,156.2144,2
57.73979,46.86122,150.80743,178.32338,2
132.79608,132.0633,153.09921,161.45416,2
140.78506,51.73834,153.26363,89.02216,5
108.113235,7.215698,152.35147,186.99973,2
87.82951,43.824345,151.53445,171.05617,2
105.74674,122.06869,152.13637,207.68135,2
30.757591,51.277542,151.29042,185.87666,2
95.68262,41.557705,152.31937,96.25416,2
115.459816,118.71307,152.48065,82.690834,2
111.03916,98.899734,152.01045,166.20424,2
71.47203,149.22481,151.06848,71.21876,2
121.548805,70.105576,152.98755,103.93351,5
23.897749,72.991806,152.7447,112.77264,5
14.956025,130.39491,151.04683,189.43445,2
176.26349,89.63304,153.17683,116.974785,2
12.125597,55.240417,151.02588,214.69267,2
153.4894,118.85012,153.89749,65.55831,2
63.4705,48.87466,152.77951,133.27551,5
120.31763,118.01451,154.23016,58.541595,5
166.58391,132.5623,154.2887,195.63652,2
98.370094,28.515606,152.94987,161.40094,2
131.73602,95.12207,153.11388,80.38052,2
186.03947,123.07795,155.09709,68.39195,5
152.49614,99.21009,153.7733,163.22101,2
126.21977,4.044465,151.85368,174.76042,2
98.61282,53.771305,150.7948,180.09856,2
6.059487,148.07607,151.61578,179.4342,2
104.475464,46.60825,151.86496,190.4558,2
38.499374,143.17996,150.5814,202.11414,2
8.290206,102.31389,151.50847,58.072002,5
50.186127,48.874207,151.23404,160.03494,2
45.05546,137.3612,150.57173,176.95631,2
158.93176,89.48307,153.49382,78.2318,2
79.73444,53.27866,150.92874,103.67246,2
179.23758,147.87459,157.08943,132.62753,5
66.82478,110.64274,151.59543,128.31207,2
47.854782,82.2399,152.9672,57.81918,5
179.15935,25.879639,152.17651,62.1265,2
66.88626,48.872105,150.77467,168.81085,2
113.72446,62.753178,150.84547,78.0097,2
175.69049,66.10601,151.51381,74.89744,5
131.34053,114.00373,153.13504,164.045,2
176.91367,22.04947,152.0687,175.82333,2
122.22609,88.56751,153.0117,130.29654,5
57.827236,53.48253,151.53227,79.1027,2
104.716156,149.22603,152.70314,198.5052,2
123.503815,148.17973,152.9649,181.56082,2
181.89177,77.01849,152.19832,80.0721,2
91.92178,38.494392,152.41394,116.60337,2
86.60341,14.948864,153.00415,97.46636,5
162.7726,22.867544,151.4948,185.64282,2
190.26607,145.97339,155.57759,177.70493,2
157.5064,12.900896,151.42854,197.25563,2
132.51671,53.38858,151.17982,158.57329,2
69.9165,64.59264,151.99342,165.49297,2
13.650247,148.70755,151.47424,184.5967,2
10.898118,126.1083,150.9743,193.19577,2
170.30093,21.554066,153.47958,117.33888,5
11.210728,7.44471,148.99423,238.51093,2
120.61322,145.83888,153.04964,62.758766,2
101.52719,97.91392,151.59537,196.21106,2
10.113933,48.28732,151.04433,148.79585,2
43.982967,131.46474,150.8054,73.19532,2
96.67683,26.716398,152.95152,167.22339,2
9.785695,124.6821,150.93948,165.48895,2
136.90038,116.038315,153.35194,92.24222,2
185.26694,129.64615,156.6219,57.654655,5
185.33812,107.05123,153.63246,151.89827,2
30.137629,96.12294,151.17496,193.06418,2
128.84082,109.84294,153.03986,163.20538,2
106.2721,118.55373,152.4293,65.874115,5
134.93527,131.43156,153.09753,192.14244,2
196.93935,24.58451,152.64009,159.49615,2
97.72837,51.3727,152.26888,83.78108,5
164.19966,146.72087,154.31589,183.43135,2
143.30267,1.8677943,151.61127,109.641266,2
120.31374,2.5950067,152.06454,210.70422,2
105.56348,140.83466,152.66266,171.38287,2
124.824814,55.579487,150.8904,161.70816,2
134.57114,54.378223,152.43787,91.831184,5
135.3715,24.568602,151.51802,214.31052,2
121.59598,131.38065,152.79799,194.39612,2
100.084595,61.79304,151.23439,50.45975,2
40.98694,76.57662,151.652,167.62614,2
124.42559,27.695774,152.0358,147.86694,2
126.11241,20.887957,152.1592,95.25589,5
148.84863,17.910225,151.67496,59.71091,5
141.56027,4.464675,152.06537,111.87033,5
6.139017,42.798706,152.881,82.864265,5
196.94865,87.1104,153.75487,111.3665,2
15.823852,21.571062,150.50441,182.99013,2
54.4648,49.168575,151.16498,192.09982,2
71.07247,75.102905,152.01265,171.64426,2
7.0074835,113.68252,150.64531,69.227844,2
4.7753644,28.880634,151.05261,149.09198,2
59.53695,72.25332,152.10101,191.63814,2
137.7459,50.14796,151.50194,204.79625,2
22.361578,94.8189,150.75897,204.07916,2
164.20262,32.648796,151.766,84.94934,2
99.49365,126.55276,152.01717,155.78192,2
198.64153,12.964513,152.31335,154.87283,2
62.03806,2.2312617,152.13538,47.015747,2
70.09457,47.845722,150.79001,118.480736,5
72.7925,47.46644,150.4884,92.93749,2
36.725235,21.03439,149.9057,96.316055,5
92.12703,76.53537,152.15544,43.41995,5
118.46687,75.653175,152.10695,177.96341,2
101.955444,139.09288,153.86542,110.702286,5
174.03398,121.940834,154.21254,189.69705,2
162.14983,76.91164,152.45032,207.586,2
157.44228,132.47318,155.4951,102.60216,5
41.759274,93.680534,153.5169,24.515007,5
46.110134,36.08376,150.596,93.347275,5
155.31694,22.08303,152.85545,89.13218,5
173.99503,129.37044,154.48317,172.4719,2
107.411514,119.27451,152.12311,134.24016,2
151.05612,123.79642,153.74579,206.39156,2
177.28094,98.45916,153.37065,154.38492,2
114.0383,13.0766735,152.32027,198.17645,2
139.2345,121.584404,153.75388,101.620186,5
39.956932,27.139864,150.17227,95.56304,5
135.3458,33.081833,152.31235,97.69978,5
198.2909,97.496864,153.42792,215.08614,2
106.717445,68.30938,151.50087,165.037,2
199.39993,120.3052,154.47368,154.51233,2
197.35582,15.670787,152.40015,207.31677,2
0.015199141,46.02074,152.20305,99.48277,5
34.807014,71.24753,151.50627,62.178307,2
6.728982,54.096924,150.94127,192.87276,2
51.76834,28.74829,149.94012,181.73096,2
71.5446,101.42769,151.70464,108.73013,2
106.92948,20.397665,152.75175,104.456665,2
7.9925313,124.40653,151.5464,98.88046,5
96.39509,123.40825,153.32724,118.21352,5
158.78735,27.363354,151.46431,197.08942,2
45.91723,120.40617,152.61316,68.50171,5
71.9771,109.20972,151.57114,199.31699,2
20.554628,131.67456,151.00826,199.15498,2
23.674627,126.99569,150.89034,160.23718,2
78.16583,19.706774,152.49959,191.22617,2
84.42949,5.1502643,152.48613,210.55331,2
35.671654,66.0556,152.10889,64.83836,5
180.98344,74.7932,151.87991,162.3474,2
102.26908,20.827122,152.79063,179.26128,2
163.9908,44.994503,151.93823,173.41795,2
5.358681,14.773435,150.15187,92.24332,2
177.11212,16.931627,151.93175,172.4822,2
11.9191,146.65004,151.48471,199.52864,2
78.97045,87.148026,151.72064,185.46603,2
10.863744,92.43315,150.29268,124.87821,2
9.305774,121.56635,150.81976,172.81058,2
44.3796,97.487785,151.72432,204.37318,2
197.72133,146.87341,155.97543,52.404232,5
56.69753,79.29078,153.01115,71.26444,5
168.89772,59.625008,151.11916,160.95691,2
95.103386,47.581314,151.39012,191.81186,2
48.1808,63.336914,151.73172,210.98416,2
104.87386,131.56691,152.33272,183.05711,2
106.86589,127.19779,153.45703,76.42271,5
160.707,110.39692,153.88542,107.39265,2
71.052155,67.63795,152.01389,192.99043,2
114.90292,51.607872,151.31491,164.57489,2
45.098476,104.25274,151.65947,204.29099,2
31.057661,47.851196,151.3224,81.23991,2
25.578676,51.66885,151.25204,156.66359,2
161.36446,107.53941,153.82,205.46075,2
181.41275,41.32849,152.56819,95.97559,2
172.3291,91.18913,154.57849,63.287346,5
30.246807,20.590385,149.50441,167.0914,2
123.574135,57.070072,151.17075,70.10089,5
120.578125,54.976723,150.88847,167.0191,2
107.11032,137.1026,152.69025,117.36964,2
171.92877,57.59604,153.08133,82.31008,5
73.68941,144.57283,151.24406,216.56798,2
189.08316,52.25716,152.46745,165.113,2
162.74199,42.090042,151.86223,135.37592,2
81.29633,21.00691,153.07611,106.81592,5
132.88408,124.5455,153.41937,145.56577,5
45.926346,122.97132,151.051,168.50298,2
21.65143,22.668617,150.34335,77.783615,2
39.223434,117.47733,152.55861,78.865135,5
89.929245,120.343956,152.81822,138.75305,5
156.72984,35.835938,151.63396,86.00534,2
186.68846,9.6831665,153.70178,76.65333,5
127.03371,47.503105,151.7379,187.53047,2
13.582534,122.091995,150.8366,199.90515,2
191.70242,106.20648,154.75577,82.70086,5
186.8569,64.940475,151.01434,169.08504,2
161.97598,100.38588,153.7639,157.3572,2
147.1793,131.74681,153.6733,113.81351,2
3.1382182,106.97184,150.3687,160.0904,2
111.70443,107.045425,152.13135,74.74713,2
132.8967,24.84238,153.39294,62.610363,5
123.35997,117.090355,152.72726,165.55592,2
167.34805,3.345611,151.5005,203.6148,2
193.40216,23.030682,152.52203,64.07962,2
74.892876,13.793828,152.42271,59.686264,2
184.84186,60.433716,151.33363,169.29471,2
165.6979,20.497253,151.62627,124.69322,2
103.88556,118.86225,152.08508,92.986885,2
45.852768,68.494995,151.70541,213.53839,2
56.74557,140.07542,150.5818,59.409126,2
105.286255,49.268253,152.48682,62.80257,5
167.7993,30.87309,151.84305,162.2072,2
174.20563,130.63867,154.7785,123.77664,5
131.50574,78.3298,152.57542,185.77223,2
138.62917,47.953865,151.57375,166.19643,2
33.569363,101.59572,151.26978,92.441635,2
16.633217,127.06138,150.94522,185.49792,2
13.195175,101.930756,150.48674,176.95929,2
178.1761,68.43917,151.08748,198.9758,2
75.009125,80.57087,152.02446,136.00525,2
136.81128,125.1144,153.29967,159.78262,2
18.11992,56.94098,151.09578,183.07262,2
97.145775,41.47909,152.41753,108.34478,2
123.505585,25.431925,152.0384,160.9171,2
199.56027,103.04478,153.71127,140.85791,2
23.38673,105.241295,151.72531,85.91288,5
7.5095496,136.48308,151.3382,174.23473,2
152.50566,19.337408,151.32323,191.75214,2
135.08615,4.604511,151.69928,199.0361,2
55.104267,145.60214,150.6563,77.22171,2
13.966207,71.37631,150.79698,80.98781,2
77.76456,104.53122,151.61432,94.476524,2
133.94029,30.569616,151.611,197.16602,2
15.990191,51.01857,151.64526,76.344376,5
181.80202,41.684917,152.56961,164.67468,2
149.66234,74.18021,152.17247,194.99593,2
88.06257,13.728748,152.68858,190.4085,2
31.980614,49.09319,151.38284,160.17706,2
178.89328,22.143513,153.37971,109.96249,5
31.055048,1.3102279,151.2038,177.49309,2
178.40514,142.15636,156.23914,70.42964,5
52.968796,31.182896,150.81752,52.07707,5
53.541504,26.1049,150.43466,105.53409,2
58.13904,30.203918,151.28877,119.85782,5
20.731752,148.45439,151.19148,202.74524,2
102.01201,149.29802,152.67908,189.02046,2
120.08601,25.9835,152.23386,156.58078,2
50.789288,95.464966,151.93929,75.10941,2
86.06017,101.897446,151.7291,113.84899,5
23.144836,96.715004,150.82185,182.32826,2
44.454,110.288345,151.52303,182.46902,2
25.892855,93.48517,150.94902,214.9593,2
194.26604,60.62297,153.09863,103.44521,5
7.865548,59.727352,150.8141,63.996178,2
90.467064,75.01054,152.30257,87.27261,5
167.32689,124.12714,155.4583,144.58942,5
179.92265,26.749619,152.32167,151.50862,2
169.90897,131.76273,154.38147,170.20279,2
165.3956,27.55199,151.6684,196.55614,2
166.91536,116.24918,153.9961,159.38245,2
119.911,102.22978,152.49303,176.69295,2
72.82695,149.56499,151.12628,131.77565,2
37.517166,22.405375,150.21704,54.10084,5
151.74017,17.823383,151.3231,200.50877,2
66.56791,97.327705,152.59428,137.53346,5
183.56473,90.81673,154.84114,71.16874,5
55.106895,37.572716,150.02058,57.582253,2
103.27662,130.63437,152.29128,237.35689,2
184.0233,21.29521,153.53586,65.69327,5
27.475552,100.01995,152.39232,105.512054,5
191.76976,73.733246,151.83823,88.23313,2
119.004814,127.997856,152.69412,184.26762,2
123.894196,48.009243,152.11153,92.44849,5
194.32907,99.52132,155.14703,89.65884,5
114.575195,52.5641,151.42654,46.772575,5
118.43391,34.42981,152.35278,196.54251,2
97.51106,129.3664,153.55557,91.383644,5
10.410291,64.11404,152.05269,88.86348,5
46.80767,146.15582,150.43709,135.46007,2
189.75475,22.480667,153.0461,80.996086,5
133.88222,71.04673,151.65678,108.979294,2
97.40258,148.65857,152.67355,70.9301,2
181.78569,54.110123,152.09372,189.19682,2
104.144516,38.371315,152.70656,175.20067,2
7.273642,107.16685,150.45338,194.60567,2
122.86541,78.49192,153.98434,33.789116,5
199.77919,80.32499,152.7313,86.642685,2
141.38469,129.39743,154.88153,61.858814,5
170.07188,52.575214,152.1843,94.14715,5
178.57228,8.681706,151.76811,176.65363,2
117.68736,122.14398,152.52164,179.54596,2
21.47656,0.58110815,150.62485,175.15475,2
142.25565,41.32039,151.57422,105.60334,2
55.502945,75.14286,152.94482,79.38789,5
158.13817,65.14079,150.85727,164.53387,2
83.46008,135.60857,151.65105,175.05031,2
171.53189,47.47687,152.23163,48.888233,2
51.863255,96.45024,153.52538,68.38983,5
3.7594702,76.19059,151.57935,65.61521,5
110.14335,52.905113,151.06209,190.11548,2
24.482471,113.39662,150.88858,72.60391,2
195.63109,74.40206,151.89075,184.0868,2
158.50037,147.313,153.99423,197.6127,2
126.8035,14.7609005,151.84229,90.41323,2
47.370453,115.48885,151.60574,93.36179,2
115.072365,32.06525,152.48883,203.35577,2
90.91023,120.088974,151.63571,159.43391,2
134.48279,106.81999,153.31409,179.89229,2
186.28798,39.122253,153.18404,56.325897,5
79.6861,59.109272,151.63976,188.82944,2
94.18127,46.457672,151.9705,67.63544,5
33.776882,79.36436,151.44823,205.24152,2
108.413734,109.931885,151.98088,163.23518,2
152.3923,74.45165,152.20125,91.89614,2
46.089794,139.38512,150.53424,210.28317,2
162.32489,126.14306,154.85063,78.76882,5
5.1604753,46.773228,151.12245,52.57304,2
69.6153,53.884773,151.76067,112.33276,5
87.460884,111.97424,151.52737,167.02489,2
181.23415,16.545788,152.38142,62.49063,5
72.801956,8.1038475,152.2092,197.1441,2
136.0916,54.5123,151.08212,192.59125,2
29.347443,11.13952,150.27654,93.45193,2
116.58189,55.18828,150.83255,166.23598,2
116.248055,74.75985,152.30785,91.344826,5
95.256645,15.77131,152.72162,199.07596,2
70.88808,115.49592,151.9322,93.42459,5
76.16682,42.105324,150.67685,205.81483,2
94.41913,74.784454,151.98604,83.23497,2
169.18889,126.216866,155.19069,81.62309,5
98.47245,42.384583,152.27954,185.23001,2
37.25124,125.2046,150.88992,170.24004,2
120.9592,47.8255,151.74974,192.3249,2
156.12932,5.358816,151.51776,67.63228,2
187.3813,14.539534,152.14555,154.48949,2
36.957893,148.41576,150.54587,194.54314,2
144.48882,38.966824,151.54631,165.54196,2
192.25554,106.02023,153.68214,180.06845,2
158.401,4.614652,151.4183,172.39958,2
88.22365,16.083239,152.713,192.0266,2
38.00309,118.95311,151.07452,216.33994,2
107.370415,107.6372,151.87483,67.18047,2
90.745316,141.8931,153.71315,98.435,5
90.69405,28.677237,152.86066,201.7821,2
101.80953,49.35447,151.31662,215.15044,2
172.52051,97.72029,153.6428,117.92441,2
41.381973,119.04868,151.10878,155.30411,2
15.493406,70.53064,150.77103,212.99075,2
0.41902208,27.378136,152.14005,131.80171,5
40.02238,92.639046,151.80319,43.551598,2
33.279896,126.455025,150.88983,189.46355,2
64.28751,145.92726,150.715,200.32645,2
49.588108,15.866376,153.08478,139.81505,5
53.13434,6.1990976,151.84103,193.55672,2
27.058895,42.927055,152.86102,115.30636,5
54.72284,44.868088,150.90643,83.05701,5
24.899467,50.707592,151.24113,197.74976,2
107.356514,148.87885,152.91756,89.67109,2
156.21014,35.70451,151.61371,57.29321,2
98.50248,101.297356,151.57465,92.88142,2
145.98,90.068794,154.13504,64.5988,5
3.1054494,148.15375,151.729,189.06967,2
83.81482,87.60963,151.57933,192.04732,2
169.64632,41.750504,152.10802,209.84009,2
101.69823,25.765041,152.92021,175.24255,2
28.22273,54.330814,152.40526,29.283194,5
195.05284,57.787514,151.8673,185.12021,2
190.39507,49.75175,152.63618,186.90454,2
60.53344,123.63359,151.18288,186.71736,2
75.64758,75.84204,151.90639,190.46185,2
106.26887,74.781494,152.01782,46.331238,2
8.040725,33.667175,152.9405,97.6068,5
20.888943,53.794636,151.16794,188.26024,2
181.39505,126.75851,154.50848,192.20593,2
113.975105,27.08732,152.54044,180.21396,2
2.7872639,26.136692,150.87138,201.96544,2
39.844757,133.57317,151.09355,87.354706,5
9.233771,146.13528,151.56908,88.92548,2
62.40574,72.72874,153.78664,129.26176,5
109.40458,62.689617,150.9954,80.7089,2
99.45379,98.21349,151.53448,129.84401,2
188.0677,80.452,152.61433,113.34203,2
23.022871,49.317013,152.05708,78.763245,5
130.2247,140.54912,152.9155,191.19537,2
164.16132,112.49248,153.9218,230.90741,2
64.972435,81.07154,152.00745,181.91565,2
40.155773,105.899994,153.14348,74.96164,5
78.52678,5.1242957,152.3749,192.88559,2
157.4429,139.08705,153.90921,174.98398,2
161.53136,6.409225,152.86566,97.70096,5
51.62222,82.550446,152.36497,96.89013,5
10.7525015,51.02754,151.08409,193.84831,2
186.11067,140.6859,155.38165,72.10187,2
57.81908,18.216755,151.5561,180.39667,2
139.4926,20.437193,151.3885,196.86407,2
6.423849,144.88089,153.21089,100.00975,5
33.883984,80.06237,151.42061,186.80081,2
117.56553,46.285187,153.03142,88.174576,5
23.877432,146.4687,151.03537,47.509033,2
75.24498,96.24473,152.5974,98.45304,5
74.275406,28.953074,152.06598,198.86441,2
198.53915,72.859924,151.743,230.14255,2
124.727104,76.45361,152.27405,226.05168,2
133.72551,147.8418,154.79214,85.557785,5
5.1664896,115.99081,150.61597,184.45683,2
105.93228,5.406532,152.32805,165.17041,2
26.834387,51.567577,152.94353,81.771065,5
52.218693,88.321526,152.00543,175.72581,2
98.29271,47.88161,151.60385,131.3658,2
93.805214,4.9231644,152.47635,95.310234,2
175.5538,147.71077,156.75919,83.852264,5
158.75296,23.879257,151.44858,160.23196,2
187.75781,17.566813,152.28864,84.03965,2
19.069206,149.09207,151.35239,106.991325,2
139.0184,148.76329,153.34164,110.83867,2
42.764862,93.61084,151.80496,176.55072,2
178.44466,43.521286,152.48584,195.68541,2
158.7615,21.556448,151.35172,183.79945,2
91.10618,0.39299732,152.31018,220.95435,2
133.289,122.861984,153.14717,186.07057,2
166.16069,29.369362,151.72008,160.08618,2
47.957855,64.70848,151.73665,168.54897,2
179.48306,57.876743,151.55121,194.39299,2
54.828426,18.342916,152.69267,83.095856,5
185.43044,103.66539,153.50221,187.58289,2
92.75459,99.98129,151.4272,174.75842,2
11.210635,43.419716,151.25255,207.14944,2
197.08824,47.9591,152.87093,154.07634,2
114.90666,135.04744,152.69102,164.58246,2
68.59896,55.121964,151.4946,211.00006,2
98.16323,43.639072,152.39441,91.54265,2
191.92581,56.929222,152.26392,52.946323,2
50.89683,90.7182,151.9226,172.55156,2
36.23817,40.535606,151.05853,164.78911,2
11.975961,82.18038,150.41353,200.42303,2
163.2926,129.66034,154.13618,160.97417,2
147.5141,74.03679,152.1776,99.73777,2
13.264511,142.61949,151.61478,107.365944,2
194.17157,78.27347,153.52028,92.63287,5
60.008747,11.9898205,151.87224,167.63737,2
162.5292,121.855316,154.05928,177.19633,2
131.16104,67.38523,151.09714,151.52374,2
167.77342,47.322826,151.97475,198.06688,2
161.63893,72.290634,151.67049,187.73775,2
134.11288,127.96702,153.08685,193.20898,2
69.78322,100.753586,151.77013,85.21149,2
89.909355,142.05867,152.10605,172.82527,2
93.64304,107.079384,151.52888,95.87092,2
26.51663,45.182583,151.34322,190.61795,2
11.128661,48.283264,152.3235,83.92689,5
179.30168,26.497921,152.25993,184.91861,2
149.02145,126.589035,155.34044,99.411064,5
10.686987,127.01928,150.9987,162.05435,2
13.178895,90.549446,152.00601,90.83217,5
0.9657205,47.922417,150.79922,173.91081,2
38.268864,24.86642,149.49574,197.512,2
89.32429,108.333374,151.46733,196.57248,2
15.044562,24.029617,151.36002,115.89525,5
98.892555,120.55647,151.8909,201.56438,2
161.6426,106.62891,153.85689,185.9526,2
131.35486,123.90674,153.09624,189.66464,2
193.45009,26.926947,153.08951,117.785324,5
36.318047,24.567245,149.43173,166.62288,2
137.62086,73.38376,152.03427,163.67308,2
33.89777,125.23138,150.88583,166.25906,2
177.1943,2.4559035,151.64557,110.52063,2
102.66677,117.81779,151.88948,176.27986,2
176.03581,38.812145,152.29153,202.48929,2
182.81468,132.49147,154.84741,191.38445,2
73.953705,143.3594,151.22336,218.79282,2
114.3832,51.76552,153.01402,119.50985,5
99.68014,31.157976,152.95222,180.19765,2
136.55948,47.270054,151.6046,104.03638,2
41.407913,129.57207,152.55542,83.230354,5
189.88759,21.440336,152.42537,198.09889,2
153.9542,109.86299,153.85393,184.929,2
143.26111,72.71944,151.93033,172.56479,2
20.280407,48.079174,151.22238,182.88213,2
179.30562,132.69879,154.72144,147.23946,2
100.00881,149.8081,152.78252,87.43975,2
178.6714,144.47913,155.15807,175.16806,2
123.196785,31.881197,152.17929,120.491585,2
17.0616,45.164936,151.25732,191.29288,2
170.59286,76.24547,152.18459,206.4357,2
11.668318,68.71782,150.64543,148.77452,2
20.275927,71.92107,150.93715,178.5956,2
56.791283,15.123295,152.27802,65.737854,5
20.57259,15.485998,151.0317,75.709145,5
34.508633,47.960262,151.68765,78.85808,5
98.426865,3.2244008,152.33261,188.0179,2
96.85197,56.015778,150.79677,178.11526,2
50.90018,18.74525,151.10585,212.85394,2
141.90388,96.506714,153.53708,180.99236,2
35.321686,94.34607,151.45837,221.11531,2
41.152832,13.10735,151.03516,183.4618,2
79.70479,101.39917,151.53796,99.010506,2
124.45976,17.407866,151.9549,74.48339,2
49.82775,21.87386,150.60754,187.45601,2
131.32318,48.503395,151.63416,182.52257,2
191.47539,117.81306,156.09842,62.39218,5
174.13005,70.8886,151.301,198.5552,2
180.685,70.69676,151.2848,180.55682,2
185.38902,5.0419073,151.81325,171.25475,2
146.27104,92.85033,153.59937,187.38123,2
59.40468,98.70678,151.95528,193.00467,2
53.46168,75.156075,152.86963,117.809265,5
17.873955,34.937706,151.42406,88.50255,2
151.5973,80.65616,153.00395,154.52298,2
75.751724,53.46832,151.10089,184.97194,2
119.29874,121.804794,152.63661,153.56377,2
0.40530676,1.1430576,148.25722,183.92636,2
135.56349,22.615986,151.76117,112.172134,5
97.8782,104.120575,151.53735,182.72296,2
48.735733,104.44852,151.68549,182.31017,2
190.4061,13.083007,153.6872,88.0032,5
14.650117,13.72693,149.40059,169.56686,2
197.04938,25.552979,152.63512,163.50092,2
120.910904,142.33382,153.69315,87.44186,5
84.30227,34.987885,152.349,192.88077,2
149.76219,12.326844,151.3796,163.65251,2
58.425068,103.81466,151.87796,117.60105,2
36.82492,25.081013,149.52425,191.63574,2
150.21423,78.70054,154.77039,45.783997,5
113.84188,68.80462,151.71452,95.99625,2
7.8616214,106.014275,150.45442,179.05052,2
92.55256,106.41806,151.41783,172.41884,2
135.59514,121.74232,153.35608,76.78319,2
0.642226,77.028366,150.26189,172.92822,2
150.4868,47.95842,151.55399,183.9879,2
86.67528,53.776646,150.8198,195.84186,2
132.45807,50.48046,151.42644,186.62682,2
178.17162,30.94272,152.268,215.27742,2
32.95076,148.49527,150.67378,140.20807,2
95.54617,76.584595,151.80247,170.17914,2
191.10342,93.727196,153.13304,154.74599,2
75.376335,3.245935,152.28157,168.2907,2
39.119656,67.99813,151.59796,87.117744,2
2.3526478,107.005844,150.4436,96.715805,2
136.99872,32.499313,151.509,173.87737,2
180.21448,129.39166,154.6638,193.15723,2
175.54585,68.39647,151.06094,23.125391,2
43.616573,146.14745,150.45653,152.79015,2
194.73808,34.680965,152.81221,184.22446,2
112.92668,24.860214,152.55367,194.0773,2
76.96754,70.203094,151.92148,164.94621,2
118.63412,89.44672,152.37991,112.08748,2
179.91292,114.08971,154.57443,141.19809,5
11.737113,35.87465,151.2479,165.8277,2
125.05409,75.89472,152.23064,178.61557,2
21.124346,73.79559,150.98463,104.69644,2
42.812225,111.59518,151.42995,185.89264,2
156.10266,9.969556,151.402,162.0871,2
80.06878,58.44664,151.97148,96.09232,5
176.79192,44.02728,152.38937,178.26274,2
7.6416173,108.82538,150.47615,181.70996,2
183.56505,51.75208,152.35432,183.50092,2
80.527855,123.22645,152.46773,66.99472,5
182.66028,43.97211,152.58463,155.56674,2
179.46666,104.40615,153.57948,194.91714,2
164.6413,123.20915,154.95618,61.83364,5
36.88837,18.596094,149.93433,131.22232,2
78.9277,4.7029443,152.53392,131.31108,2
46.696148,76.64588,151.88777,169.61162,2
2.2232583,1.5906106,148.36508,181.32695,2
196.25114,111.89991,154.02151,183.64691,2
131.86433,110.88423,153.21527,205.72278,2
150.9494,8.003611,151.44856,219.34026,2
195.84082,135.14934,155.15971,186.48091,2
68.63345,48.628014,152.42758,101.79143,5
55.021503,6.837948,151.86153,202.28174,2
65.80315,70.93387,152.00967,76.44,2
57.109818,11.166673,151.85063,91.71721,2
26.390354,94.5736,151.00423,190.93777,2
100.81727,116.46932,151.7867,135.5187,2
197.60712,99.62333,155.09897,98.92146,5
65.84017,139.77367,150.88876,155.1554,2
143.3413,111.25022,153.6645,187.00162,2
77.103584,127.81951,151.39197,150.29047,2
49.156937,13.316139,151.47794,167.07051,2
154.61388,47.863167,151.70271,143.99208,2
136.62758,19.881184,151.47958,90.77823,2
149.6616,144.50323,155.01666,124.32092,5
37.20894,25.843536,149.43938,195.11842,2
47.415436,105.36647,152.95848,103.60689,5
112.92194,102.42826,153.52025,96.46592,5
116.86025,148.31612,152.84805,185.49445,2
3.6538446,78.17769,150.29816,169.13324,2
31.94238,95.84294,151.48076,85.46418,2
66.85985,20.588535,152.18167,126.580864,5
40.103745,71.9153,151.63669,230.58405,2
195.54259,29.46345,152.73193,145.39764,2
143.80583,86.314766,153.37172,81.04608,2
181.90425,2.6094086,151.61815,188.37114,2
187.18173,4.5911026,151.71004,145.81071,2
168.94601,3.31038,151.49004,184.02864,2
178.94627,88.21463,153.04495,155.20149,2
81.77631,9.4268,152.44641,161.3518,2
46.297577,39.956356,150.45105,149.40324,2
77.09358,25.721924,152.59741,99.428345,2
54.225197,67.54277,151.90428,207.84917,2
175.05963,118.28608,154.86844,93.61731,5
3.407873,128.28041,151.08101,183.0965,2
3.4573069,144.23634,152.42728,61.603546,5
42.164757,121.53178,151.01306,150.08055,2
149.52864,28.230673,151.3233,140.27275,2
196.01906,59.251286,151.67255,70.86135,2
148.79636,123.72196,155.63997,102.47673,5
74.72994,11.688879,152.34323,185.26805,2
34.719574,47.032597,151.33226,104.26339,2
39.10336,146.56435,150.51782,159.93628,2
134.88843,66.30748,150.91441,170.58914,2
94.26256,98.83178,151.38231,197.58917,2
150.588,1.9868962,151.52705,107.31082,2
185.94829,147.18123,156.2581,82.47579,5
134.5512,121.58141,153.22691,199.40121,2
83.38028,105.06458,151.43095,193.37044,2
7.031062,6.0404396,149.29506,100.28763,5
102.84038,31.833082,152.87637,234.57112,2
138.22604,20.245508,151.44937,122.67099,2
149.77438,51.287502,152.62982,101.42682,5
12.697189,85.811935,150.4413,113.2416,2
67.67616,89.24823,151.94482,172.96352,2
26.717762,70.63229,151.29422,105.84091,2
101.65925,81.738716,153.57951,113.286705,5
159.0207,123.861244,153.95352,159.56941,2
98.13813,145.18979,153.65375,122.36788,5
35.42615,19.687336,149.73068,185.15494,2
22.070305,94.6628,150.7521,172.91606,2
176.04391,49.053093,153.80005,82.25097,5
169.19307,69.61398,151.19672,179.09593,2
9.139972,66.13635,150.61359,185.54152,2
11.456524,101.71633,150.37997,164.51385,2
119.77234,4.552935,151.98955,170.54266,2
26.805584,15.483943,149.54884,130.21445,2
188.05748,104.86317,153.58844,195.99681,2
45.605267,145.45714,150.89822,93.147194,5
1.0362004,44.341576,150.88425,148.84201,2
22.348465,76.338615,150.93439,165.47644,2
131.34921,90.21769,153.90877,105.57607,5
119.78505,60.27602,150.55542,183.80467,2
71.26375,42.3655,150.36485,179.7609,2
111.35308,126.14685,152.4657,155.6742,2
190.27127,143.03632,155.52556,66.10167,2
80.37597,76.771095,152.17003,79.18591,5
140.10112,137.479,153.23169,73.37705,2
131.36928,99.335236,153.1374,171.74275,2
39.654995,53.270382,151.40414,190.06161,2
16.661337,127.11583,151.0242,172.98338,2
7.050213,107.5787,150.55464,70.767815,2
111.59384,104.18541,152.01912,100.7425,2
179.67795,107.43836,153.66808,170.04451,2
101.45489,22.95936,152.84631,192.8682,2
100.21453,99.14988,151.5925,188.81677,2
43.06684,49.321983,151.34705,223.81273,2
130.37714,116.319824,153.10706,87.28738,2
75.51354,102.86388,153.3384,113.639824,5
152.66478,129.7462,153.72055,170.78986,2
135.9247,91.678665,153.51064,122.58175,2
10.678046,42.028336,151.68274,84.16118,5
35.461773,22.123766,149.49176,202.96468,2
180.91324,108.4671,153.74586,170.84032,2
82.70484,52.40894,151.44116,61.77044,5
192.90752,92.287964,153.14856,172.56876,2
86.61862,76.7663,151.7708,180.66223,2
169.14638,87.10062,153.21605,128.95306,2
52.533657,101.365906,151.87782,158.14537,2
21.660933,120.82795,152.61974,87.49027,5
47.104935,69.90224,153.46016,81.52307,5
176.76625,118.620476,154.40645,86.02962,5
5.1163063,12.259737,150.79547,78.23308,5
102.931206,19.029764,152.78456,192.5576,2
103.17871,52.62689,151.2489,128.11256,5
108.42046,30.084753,152.7602,186.77808,2
16.875687,50.09044,151.22578,175.90512,2
158.21223,129.39938,155.18436,90.91387,5
106.31894,140.11914,152.64511,96.116,2
198.45723,65.0002,151.22438,145.8997,2
38.804413,126.15933,150.9496,167.31609,2
28.74815,55.99615,151.39297,77.231094,2
63.459866,68.98412,151.98654,186.85487,2
173.47899,1.8810925,151.47977,174.18936,2
53.33759,147.89948,152.05815,109.40063,5
2.3284903,4.8536677,148.6935,91.379974,2
181.7597,21.76599,153.9528,68.22226,5
11.940513,73.985664,150.56418,190.74959,2
47.556126,4.5214787,152.18613,97.67508,5
138.6532,106.49345,154.0188,71.05517,5
26.741663,48.252914,152.26869,129.60779,5
197.10776,121.85708,154.53035,112.42243,2
44.799587,19.287615,150.57367,182.78754,2
150.45004,128.77141,153.68582,182.13461,2
24.904575,65.32472,151.1386,60.853527,2
195.10785,25.840914,152.76039,58.865078,2
26.981668,22.222204,150.78844,57.910084,5
127.636856,75.841156,152.28014,191.86102,2
127.74291,144.1526,153.68655,91.05514,5
76.21284,55.9285,151.40822,92.77093,2
40.15401,26.821646,149.5364,211.87175,2
150.15619,102.240524,153.83438,150.09245,2
153.3577,139.49043,154.26822,90.48868,5
37.90985,66.089714,151.53346,166.30832,2
31.87613,51.85065,153.02167,106.05024,5
47.781914,101.757034,151.80644,116.889465,2
108.042046,9.195358,152.40868,186.10814,2
132.64363,123.124,153.16245,175.6282,2
113.45485,148.71289,152.86432,183.96349,2
191.53654,35.846302,152.80748,167.01266,2
116.047806,11.787224,152.25444,166.70299,2
142.78058,111.65232,153.63695,183.94586,2
94.04206,5.944476,152.5116,202.97101,2
120.87925,15.120543,152.10309,169.8255,2
185.8508,32.79162,152.76006,100.12319,2
24.56654,95.37685,150.8599,184.8563,2
129.81654,18.680994,151.79237,185.9776,2
167.93764,86.2764,153.16518,175.66595,2
7.8286343,96.10302,150.28648,205.3056,2
84.62472,31.29712,153.48875,76.380646,5
131.35255,53.466938,151.15704,189.16647,2
171.36745,0.12020163,151.50594,205.2005,2
131.48665,114.56066,154.63539,112.175705,5
11.145573,43.02657,151.20346,183.53601,2
183.24783,49.727585,152.46405,206.61186,2
159.86055,33.381462,152.74686,84.005806,5
167.54788,77.105965,152.34464,178.65321,2
183.01073,128.26904,154.63998,198.92503,2
105.8103,19.615211,152.99345,110.93378,2
100.905716,47.282562,151.68428,103.33987,2
82.35752,80.88114,151.74161,177.5374,2
88.94498,25.887169,152.81831,121.456276,2
65.05406,125.99417,151.12863,203.47417,2
152.21898,114.984505,155.32968,106.47224,5
92.18653,45.80989,151.4009,193.73827,2
129.47066,47.39441,151.65085,101.66693,2
66.628235,4.853155,152.24751,111.81741,2
58.10474,81.47217,152.0898,161.77762,2
65.85355,60.37278,153.11005,142.17146,5
82.65134,27.540796,152.59163,233.84508,2
179.20209,131.31406,154.68501,68.72284,2
187.03004,48.231388,153.62291,106.75888,5
103.61838,44.006035,152.20152,176.7787,2
85.814865,0.8448078,152.316,147.30962,2
20.769001,126.06486,150.90971,180.75092,2
123.50078,25.05223,152.03996,226.38669,2
123.3164,124.433784,153.3782,101.49894,5
197.42038,77.64749,152.55127,128.92995,2
173.63942,128.48029,154.43501,214.50418,2
77.42581,51.645576,150.87247,175.22981,2
161.10777,48.160294,151.83603,186.13841,2
184.12025,123.93928,156.2984,91.59434,5
0.6117866,90.875534,150.13283,173.18065,2
59.932453,66.54248,153.61787,62.365173,5
154.57962,91.55398,153.9776,134.52713,5
77.75825,63.304085,151.96979,219.12337,2
164.50285,72.90514,151.79715,141.02353,2
174.42628,66.20435,151.72377,76.81739,5
178.94447,136.8143,154.8906,176.75598,2
122.39491,84.39943,152.49771,155.87776,2
56.078075,33.207535,149.76009,169.59772,2
162.06693,95.59277,153.62213,79.96208,2
36.048946,25.55448,149.74516,119.023674,2
10.772494,92.08964,150.3096,212.19125,2
56.09624,99.16735,151.90604,169.95973,2
40.76813,66.0631,152.2866,61.52826,5
164.16223,48.924343,151.91031,165.51024,2
117.13399,118.29474,152.50638,213.21637,2
20.28811,48.910347,151.23451,171.88074,2
103.71172,119.84964,152.1249,98.314835,2
169.23631,4.829193,151.59166,76.72881,2
174.36142,59.50918,151.34146,103.510765,2
26.194965,128.79109,150.92216,109.60283,2
102.78941,148.578,152.98375,96.31035,5
106.29665,129.68059,152.26495,168.5375,2
126.18784,112.324066,153.7833,78.170265,5
73.71261,109.71957,151.5546,178.7832,2
72.43474,7.159497,153.42996,45.669704,5
118.127975,61.506695,151.23181,113.37463,5
72.70066,102.876945,151.62491,181.36151,2
28.409254,10.40863,150.22983,201.69897,2
4.909105,147.5214,151.60347,152.49026,2
123.08714,49.93291,151.55453,217.1806,2
181.28076,132.34804,154.82196,168.3753,2
93.42862,87.23028,151.61584,184.62325,2
84.46997,7.0666504,152.44398,168.33405,2
19.643112,24.65605,150.60854,162.00867,2
54.02027,62.614,151.73831,178.56136,2
72.195786,146.51239,151.06279,203.86465,2
67.391685,149.1354,150.81071,175.36305,2
84.14015,71.606155,152.06776,104.12493,2
119.70986,23.410748,152.23383,58.975555,2
81.776436,148.94847,151.68571,207.45247,2
3.8622901,139.75856,151.44508,181.98393,2
57.04811,104.71215,151.76991,96.86811,2
44.26804,1.539943,151.66132,192.97374,2
21.121689,47.52706,151.22589,191.03914,2
161.08026,147.03821,154.19089,149.57756,2
63.814568,120.15192,151.89864,127.72219,5
131.08693,144.01701,153.41774,96.74915,5
156.48213,52.209007,152.68524,84.67067,5
62.841682,47.393387,150.71304,194.63063,2
53.941887,108.02324,152.17612,76.28319,2
10.451792,84.449196,151.97168,112.87334,5
21.48984,122.760216,150.89203,213.3764,2
98.45634,93.53518,153.25357,68.038414,5
189.95186,116.29142,154.15462,172.97742,2
107.51459,111.49256,151.95229,181.17606,2
44.278404,133.44492,150.72566,143.31609,2
158.96062,112.28521,153.9242,187.61879,2
14.416832,98.67177,150.54665,128.6178,2
184.51888,0.29788256,151.6221,188.65845,2
90.88205,80.30292,151.74727,80.65478,2
65.41228,130.6295,151.29886,102.37094,2
122.28601,105.609344,152.69398,180.08458,2
2.5893264,127.79173,151.07591,158.06155,2
188.33185,47.952988,153.12494,145.67616,5
51.158173,78.904594,152.00566,149.63771,2
175.5405,57.74497,151.54376,205.70955,2
130.15479,21.855097,151.7169,184.29385,2
38.315304,72.45434,151.56224,148.14062,2
2.4378152,133.86156,151.3142,193.37758,2
35.27095,138.17667,150.69229,165.37274,2
150.93542,33.437737,151.36607,169.86227,2
10.9377775,148.65028,151.51082,198.95103,2
81.64431,54.093075,150.97939,168.22188,2
12.556226,97.680435,150.38147,141.71777,2
73.584564,0.62830573,154.10403,113.42194,5
87.81887,78.00292,151.7589,181.18729,2
95.03851,121.392784,151.73851,171.20055,2
161.9384,26.533049,151.59619,184.7216,2
114.5692,43.25444,152.27028,229.73323,2
158.97612,111.1322,153.95369,198.15822,2
152.99934,105.730415,153.85382,197.20667,2
123.87151,130.02188,152.90086,201.79749,2
41.148552,20.033178,150.05418,158.2172,2
171.43364,126.63754,154.29257,188.851,2
158.2155,25.809568,151.43938,212.04616,2
42.148838,95.08758,151.70523,178.46684,2
71.526054,50.335415,150.86446,174.70242,2
127.09082,123.7799,154.78456,132.60461,5
10.583926,122.77133,150.91653,177.41542,2
21.14279,69.42405,150.991,223.19733,2
92.211205,96.05733,151.42157,160.94643,2
132.06941,113.73358,153.20314,167.22229,2
61.330082,116.30811,151.47249,185.65858,2
90.57194,75.17255,151.80289,170.24171,2
98.019585,76.67128,151.956,105.11767,2
7.100828,27.780521,152.83202,56.96037,5
92.45579,24.39663,152.88046,197.39648,2
67.22247,2.729192,152.3555,79.01941,2
8.1483345,82.34574,150.32579,216.66415,2
24.130213,106.954056,150.87634,234.15646,2
53.70286,76.39683,151.95343,191.74419,2
159.94713,35.214848,151.60074,145.2777,2
188.7021,121.78453,154.51079,80.18469,2
114.301956,147.67133,152.83524,190.92761,2
179.13762,102.24521,153.47379,151.74069,2
176.5621,58.631065,151.65489,65.68273,2
188.79749,78.95733,152.42119,196.31534,2
124.065956,8.46049,151.88881,102.88619,2
30.752039,146.42131,150.80823,97.645195,2
192.78096,135.04526,155.13974,185.25684,2
24.986881,24.353033,150.14944,163.32613,2
173.26859,95.92329,153.45222,141.82222,2
126.219246,39.743168,151.97499,173.60316,2
193.4321,43.704987,153.0264,98.436905,2
194.49326,99.718735,155.2946,70.664444,5
115.91243,45.77141,153.84903,125.27205,5
40.379963,3.7408853,151.50075,155.05038,2
166.4546,42.11878,151.96123,171.74516,2
15.272405,145.04318,151.37213,178.72621,2
56.45386,71.07803,151.96552,166.49348,2
101.507835,117.556786,151.91951,224.51434,2
26.66264,124.238945,150.91054,194.12465,2
173.23152,73.05391,151.65076,163.83333,2
188.49257,83.964005,153.16954,108.027306,5
150.50795,144.30626,153.52191,179.20099,2
103.92078,115.40474,151.86795,192.37416,2
72.29008,84.851326,151.86307,190.07413,2
161.63127,46.062607,153.3675,80.18785,5
199.12231,20.756348,152.47922,107.79443,2
171.1863,101.99123,154.04109,121.039764,5
118.38686,103.002,152.43127,132.90591,2
182.20447,111.177574,154.61688,135.00058,5
173.43604,89.44038,153.20299,138.99017,2
149.47371,105.57136,153.82135,201.84616,2
141.03546,78.513435,152.76979,206.45152,2
136.9334,56.769745,150.90236,192.61467,2
30.129223,76.95129,151.28882,184.507,2
36.429432,122.11919,151.02907,134.7943,2
107.38034,70.02426,153.24461,97.561874,5
31.25482,95.160545,151.21884,72.29439,2
143.98016,22.201122,151.28195,183.24945,2
183.43549,64.39335,150.97203,176.94858,2
10.177814,56.641766,150.90329,90.368095,2
62.78317,118.16148,152.46709,113.95897,5
51.257362,0.56713986,153.57576,45.65819,5
164.37082,37.495834,152.24866,59.845634,5
114.74141,147.07278,152.8651,207.66714,2
51.148006,25.391726,151.10332,94.4997,5
142.51495,130.56793,153.3914,198.27708,2
163.54416,54.2504,151.56845,194.58383,2
24.298862,50.984318,151.53778,83.24778,2
108.75127,89.58053,151.89655,96.929146,2
181.5735,47.925323,152.48627,180.35495,2
99.63977,35.049973,152.85573,188.68135,2
117.432205,99.45378,153.71472,109.75331,5
191.90807,23.125275,152.49707,147.05542,2
128.85649,108.85868,154.70468,70.88212,5
73.89768,75.94399,151.93845,202.94041,2
134.9125,145.36365,153.97168,73.40933,5
190.11302,148.33162,156.46571,123.50412,5
24.207731,71.71938,151.06888,194.9537,2
76.111374,101.74636,151.61658,217.33192,2
176.41988,27.772886,152.10092,166.99109,2
1.3903677,3.8843737,148.50293,158.8394,2
97.51673,25.599417,153.28436,98.184166,5
166.9737,22.035547,151.63329,180.69107,2
129.252,97.40285,152.98804,184.998,2
141.9502,146.73087,153.22461,167.01695,2
76.00806,49.291653,150.66025,156.0034,2
102.99883,118.087494,153.46767,107.227295,5
33.555573,141.48717,150.71165,178.41821,2
188.96938,1.4280106,152.10648,122.69906,5
188.30927,95.41885,153.22728,179.6583,2
150.83275,24.930044,153.00856,86.559555,5
5.8568883,75.642525,152.14386,40.55672,5
165.48491,125.13205,154.17853,185.63892,2
85.873436,130.04271,151.69064,174.0962,2
131.838,100.57599,153.11879,207.85602,2
137.23828,71.845894,151.77802,172.92966,2
98.113174,79.4138,151.75322,185.5951,2
137.74098,106.96293,153.44943,184.01225,2
22.198505,58.169544,151.17516,182.81253,2
112.19991,50.679962,151.42644,189.07806,2
196.67401,20.067532,152.48322,69.58331,2
124.97721,62.40786,150.59872,196.43153,2
30.679306,56.87885,151.73993,87.2643,5
152.93355,68.17961,151.07356,77.442955,2
97.94244,116.51183,151.74014,141.74753,2
14.774903,122.52695,150.8378,186.09608,2
142.97249,74.71352,152.47345,106.16359,5
19.809258,115.90707,150.78407,183.86394,2
91.98857,45.48839,151.45619,183.80016,2
88.82498,89.970116,151.98631,87.51223,5
124.23854,105.74026,152.78366,202.69286,2
86.426025,92.53897,151.51369,176.02327,2
56.188385,5.5704074,151.91063,157.63281,2
103.56054,26.861956,152.91954,187.86446,2
60.011005,133.3882,150.89172,170.61281,2
125.63823,30.05592,152.54146,110.312614,5
115.02894,80.34474,152.13657,187.46991,2
152.32378,24.8075,153.02934,61.534084,5
150.66843,34.978893,151.64235,93.69373,2
108.389244,2.6615744,152.1729,159.88535,2
60.902164,73.73778,152.0175,163.93651,2
26.51137,129.29414,152.07854,103.96829,5
11.793695,14.031579,149.66304,100.444336,2
101.651665,123.82129,152.04944,156.15324,2
1.7718968,23.514387,150.76024,121.704704,2
5.339308,72.0452,150.46652,183.77205,2
194.7473,122.89638,154.56775,209.96973,2
149.47928,77.01552,152.64522,200.16403,2
191.47833,73.89521,151.78271,180.75595,2
171.24472,54.56839,153.55289,78.66216,5
104.63754,85.15054,151.77582,175.35414,2
187.27557,33.491413,152.57597,152.67694,2
20.279242,51.866905,151.21075,173.47414,2
40.28167,30.380978,149.63364,168.70734,2
71.53104,96.0135,152.18848,72.59598,5
129.67969,41.06954,151.86766,157.8994,2
40.664196,92.04711,151.70004,152.91666,2
198.67813,32.747692,152.86658,212.32411,2
96.77459,122.4812,151.92766,125.56052,2
84.20836,123.67587,151.56322,190.46124,2
113.92441,23.855392,152.49532,156.4025,2
31.986546,104.99553,151.13374,183.97266,2
21.598408,110.44151,150.7544,93.65236,2
140.59085,86.00469,153.27948,70.64923,2
87.39786,2.4776547,152.31409,195.10524,2
92.73802,147.9135,153.97037,101.757126,5
172.58553,46.78935,152.26936,76.59857,2
81.45029,98.74952,151.53922,169.56204,2
45.25862,43.060043,152.2677,77.70568,5
86.748604,21.559076,152.79272,204.51755,2
70.48192,146.30386,151.08711,123.34419,2
161.61322,101.40914,153.85036,82.5602,2
76.54425,104.29105,151.59001,181.66623,2
163.81395,148.37997,154.92781,116.995705,5
27.885666,46.584858,151.58945,79.035576,5
143.3948,43.414253,152.22641,95.177765,5
196.39839,55.84741,152.17601,225.26813,2
83.71253,125.37787,151.59012,83.77275,2
87.663506,8.429153,152.55652,68.00413,2
15.528949,74.95655,150.63649,231.91626,2
131.20436,118.05098,154.53293,138.18463,5
174.56535,20.604568,151.96776,93.54773,2
107.67456,1.543625,152.17581,173.38536,2
122.685616,63.25784,151.72491,116.42587,5
29.891045,3.1451766,151.07358,174.71326,2
39.870117,25.625029,149.54033,186.59604,2
42.36605,42.75601,152.93466,64.33643,5
31.838076,51.0536,151.28217,167.78482,2
14.22744,51.20561,151.10492,202.52007,2
10.372743,148.88461,151.63022,59.691982,2
8.196466,76.71543,150.3443,203.87845,2
186.85071,82.22782,152.66965,186.65442,2
198.18686,148.96373,155.72473,198.11981,2
77.669754,126.2101,152.23535,80.15953,5
128.2993,20.212805,151.8676,121.72171,2
96.27254,55.693073,150.87924,121.5183,2
75.972725,86.74596,151.95197,86.31235,2
31.192997,22.367216,149.5287,186.35245,2
178.69147,50.18051,152.32025,122.48535,2
154.74911,130.33548,154.55055,32.324997,5
73.80157,52.14585,152.35143,63.364296,5
107.95858,44.046654,152.24239,173.10315,2
57.486877,84.379,152.00887,187.02168,2
83.51245,142.26332,152.7282,78.845276,5
114.21847,24.715816,154.27654,81.47,5
97.74414,64.57195,151.44942,188.8001,2
186.78477,51.35993,152.46492,150.26666,2
101.063866,99.75971,153.37793,129.02126,5
147.07118,25.697144,151.42863,115.902435,2
27.640491,39.791332,153.03798,75.16754,5
26.435484,70.80544,151.11491,238.14009,2
134.93484,145.21921,153.03584,197.3408,2
140.032,115.06798,153.51398,193.90408,2
152.20088,114.3016,154.96552,122.65272,5
122.5697,126.742165,154.51192,165.39024,5
174.24963,44.73609,152.59949,99.15791,5
45.1028,31.267042,150.61247,109.62363,5
84.30823,71.22129,151.97491,172.76646,2
142.0269,63.655663,150.65857,152.14917,2
91.25187,39.86922,152.3002,190.83002,2
118.9015,5.174381,151.99913,145.96138,2
146.69107,37.503563,151.90712,106.91975,5
119.77584,25.413755,152.24654,211.18967,2
37.907104,25.004238,149.52998,171.68016,2
8.276799,51.526733,150.95544,193.94035,2
15.639205,145.8458,151.34633,155.6325,2
70.018974,75.35444,153.09926,114.751945,5
24.522356,19.6408,149.99843,79.25078,5
76.09346,135.2124,151.32239,187.20242,2
155.84749,127.016525,153.89394,174.91728,2
188.61476,94.70292,153.35352,96.53969,2
77.31947,28.153097,153.48828,66.98645,5
67.31616,128.88223,151.5201,42.37326,5
180.0187,93.5883,154.88138,71.01411,5
36.06102,53.203247,151.35242,176.73062,2
4.785726,111.59246,152.22917,82.15788,5
98.93699,23.90872,152.89569,207.6286,2
53.8261,15.482367,151.55951,176.04718,2
171.32669,123.33371,155.4467,87.153076,5
181.25935,13.382579,152.5658,47.00594,5
43.14435,9.513777,153.03413,149.5429,5
150.8638,24.702047,151.26862,153.21872,2
108.5908,94.709236,151.88667,170.58542,2
18.29414,40.239662,151.32152,195.2428,2
155.11333,22.417204,151.2811,168.66539,2
89.91968,105.13897,152.22067,96.00056,5
57.717922,0.38148528,152.06905,235.63129,2
141.34827,120.95735,153.4724,177.43425,2
114.150024,146.80016,152.8988,227.72093,2
181.04103,64.62686,150.8799,203.31364,2
181.62935,94.69968,153.23537,87.46503,2
5.5197277,11.762832,149.60788,91.05932,2
106.37776,102.71497,151.80092,211.08133,2
156.97061,44.362293,151.74716,183.47398,2
113.077736,139.23553,152.74678,188.14735,2
87.99941,24.04455,152.86655,186.29808,2
166.39946,148.01361,154.46234,159.37434,2
40.533363,56.18331,151.44394,150.62201,2
174.13882,47.917633,152.25371,168.51447,2
178.63316,124.61896,154.35074,118.83427,2
174.3856,75.96517,152.11276,176.65141,2
196.02875,42.489147,152.93117,176.4298,2
174.01434,55.637123,151.71968,171.7904,2
160.71931,72.92123,151.78917,196.43367,2
39.280296,68.4887,151.64824,121.24841,2
146.18883,77.14558,152.62796,177.07355,2
172.0329,121.843544,154.16832,186.76074,2
76.451225,37.99691,151.28506,107.085434,2
17.04081,11.090395,149.22864,205.47833,2
153.83517,82.03615,154.53528,58.71787,5
146.95827,69.78849,153.16438,115.20773,5
136.8958,100.93595,153.4581,212.99603,2
119.825836,111.29473,153.72559,90.71768,5
119.88636,98.30405,152.38048,221.37096,2
137.5031,2.3999052,151.73643,155.84082,2
195.94363,80.11324,152.64943,199.38124,2
28.176493,84.03086,151.85512,78.44451,5
8.535024,69.50278,152.05713,80.74082,5
136.00346,144.1792,153.01797,167.05562,2
159.24126,49.897987,151.70638,172.07332,2
189.01805,37.760628,152.93523,106.72819,2
142.45238,140.75894,153.28856,196.78389,2
77.08284,141.23474,152.43044,65.07057,5
78.18262,98.882774,151.56859,185.70319,2
12.668816,30.231838,151.13782,189.30392,2
198.94554,62.828144,151.51514,66.27014,2
66.69363,80.17222,152.01033,150.38376,2
48.315308,35.424953,149.68678,106.977234,2
169.97731,10.219233,151.59763,200.23718,2
51.846424,79.24024,153.03368,99.18382,5
1.8353896,147.49336,151.72627,168.39047,2
28.629398,1.4670225,151.46472,90.44436,5
98.96899,110.30009,151.636,163.13663,2
148.86157,149.12424,153.50954,51.584,2
145.8749,1.6215347,151.59683,149.52327,2
52.382633,76.94415,152.06816,175.69185,2
154.38797,104.68245,153.83891,174.0677,2
7.9067116,139.9837,151.44008,166.54286,2
189.99553,99.87152,155.02763,89.82226,5
188.14816,28.415052,152.54533,195.22292,2
55.560627,14.584572,151.70808,102.89486,2
125.485954,70.21324,152.66751,127.27401,5
174.16725,57.87946,153.2454,124.41493,5
44.58834,12.583867,152.92896,55.051655,5
73.12074,131.4588,151.2705,42.681007,2
173.48073,59.0756,151.27928,94.98668,2
29.504406,57.598885,153.03812,69.9743,5
151.14055,123.16083,153.70952,172.50385,2
140.20155,148.38318,154.05656,92.620255,5
133.58571,120.79822,153.20801,180.05754,2
27.876875,37.661568,151.22986,174.3899,2
43.51987,18.683424,150.50418,200.07648,2
182.68599,92.351036,153.21358,95.61512,2
35.060787,59.141018,151.39928,173.82684,2
153.64871,72.67801,153.67166,87.01933,5
84.90097,122.324715,151.53444,192.0794,2
113.01769,93.15457,152.8523,77.682465,5
18.633625,28.278526,151.07146,172.15894,2
171.476,84.21843,153.87988,80.94093,5
122.56841,6.4847355,153.62408,46.475044,5
108.437805,22.947075,152.67963,45.655376,2
109.40396,96.03976,151.83687,171.53888,2
12.965545,10.305235,149.13661,161.85066,2
183.15239,66.537094,150.97882,201.33395,2
189.46677,129.8565,156.5854,65.53234,5
37.508503,103.266754,151.40329,181.41248,2
156.70103,53.82567,151.42505,152.71826,2
6.716743,130.98933,151.18622,163.04866,2
90.75625,6.910386,152.52992,192.30997,2
49.39614,49.58967,151.31046,189.02847,2
29.483538,74.4873,151.26929,92.267075,2
5.147137,98.974815,150.2542,163.756,2
55.436283,13.613914,151.7034,183.1616,2
93.46231,103.59477,151.56418,113.03517,2
173.0808,49.22999,152.13126,189.16394,2
143.60188,31.991808,151.51877,39.485027,2
25.773163,125.45559,150.93677,63.070087,2
128.74843,145.83548,152.97269,53.206726,2
34.522606,119.89069,151.03897,184.84163,2
53.204445,147.00288,150.81247,103.07327,5
42.02161,75.740715,151.7757,193.89914,2
18.010262,71.98024,151.14487,82.025505,5
99.811874,92.33067,151.5299,194.14825,2
108.5751,47.342335,151.8468,197.48143,2
22.864103,65.06414,151.10744,171.22543,2
44.529507,104.392815,151.64981,184.22438,2
26.60622,96.78065,152.78459,112.37987,5
197.08101,126.78071,156.5792,113.295364,5
19.213728,109.62539,150.7283,146.29767,2
17.897865,17.413576,149.69078,40.946358,2
114.54436,3.9626749,152.14853,118.94459,2
39.558975,149.26643,150.4542,173.03728,2
157.16382,19.35508,151.3433,198.4982,2
99.870384,62.143505,151.12413,40.02497,2
197.15506,28.768929,152.70369,154.43352,2
150.63683,72.83481,153.73048,73.859436,5
78.06036,35.64214,151.742,204.77705,2
112.73951,62.9889,150.83197,184.98276,2
25.480625,98.95988,151.33968,80.85108,5
72.34917,71.64071,151.99037,68.68628,2
131.7642,12.380986,151.61792,169.15259,2
174.02419,14.157886,151.80206,174.89792,2
40.522278,145.66081,150.63713,100.69672,2
60.58622,74.552216,152.02563,183.60394,2
158.05331,119.29109,154.04776,77.17068,2
186.8966,91.80021,153.16261,127.33298,2
134.6498,49.86135,151.48878,167.55193,2
63.546333,94.671715,152.10498,70.080696,2
152.41205,40.20046,151.56346,163.09373,2
50.19279,61.507313,152.18124,81.79685,5
35.4471,5.045053,151.26141,179.30936,2
84.91684,114.467995,152.96971,75.92725,5
40.340622,109.46477,151.89583,73.12425,5
136.75325,138.43216,153.14514,166.91293,2
65.696365,91.49039,151.88464,147.13785,2
138.17735,3.0390015,152.11708,54.123047,5
27.849255,99.79777,152.94312,92.090744,5
186.56398,57.39371,151.74564,182.62665,2
138.41458,9.124635,152.18846,110.31429,5
2.3963845,101.70062,150.29724,15.874157,2
121.88901,78.1876,152.31265,198.63533,2
39.98498,33.287296,150.01073,201.81839,2
23.330297,23.37088,150.13214,85.78078,2
27.829763,14.726024,149.71233,179.24738,2
160.27153,75.77023,152.25667,151.35973,2
147.04056,123.015366,153.66936,187.05013,2
181.77373,48.600677,152.48016,179.52428,2
91.36986,137.3209,151.98132,126.161385,2
142.61241,129.03474,153.85838,82.920395,5
42.73759,146.77995,150.45139,155.82277,2
144.55676,62.385735,150.64375,127.4279,2
175.18852,90.5487,153.15387,229.78113,2
93.7821,130.31381,152.76959,97.57505,5
129.51015,41.957253,152.30156,106.84407,5
124.85793,85.695816,152.64389,184.62029,2
14.400734,38.99681,151.23553,175.60506,2
171.09508,4.7418723,151.52757,182.28781,2
80.591415,148.59235,152.0104,43.430546,5
62.02367,22.659698,151.58716,182.36166,2
102.36493,90.22459,152.49533,144.70807,5
76.53678,52.704777,150.99936,200.59468,2
138.3057,26.120096,151.40556,106.138,2
51.04044,7.425118,152.26288,92.5215,5
80.58915,119.306465,151.50093,150.54756,2
188.7247,44.78722,152.7755,178.06091,2
116.42594,59.018032,150.5713,179.7617,2
125.959274,54.95144,150.97423,192.34172,2
10.539383,72.84223,150.55147,187.56918,2
57.203136,22.549204,151.20589,189.58331,2
42.528713,101.73479,151.67065,185.26025,2
194.84683,97.76087,153.34256,211.85161,2
70.026825,75.99617,152.00827,185.58615,2
19.714579,23.572662,150.47664,64.603546,2
113.48403,79.81203,152.09691,232.15907,2
54.67921,90.850685,152.09613,153.5737,2
177.27423,72.80054,151.54082,188.5762,2
30.511765,146.20741,150.85187,164.55743,2
1.5412983,31.850655,150.93512,79.6697,2
132.40373,56.256046,150.85933,183.8161,2
100.72156,30.4488,152.93301,188.97832,2
9.736625,129.31274,152.18288,108.61724,5
33.972446,26.828976,149.72156,198.19836,2
54.92577,35.07261,149.67763,180.09859,2
36.88586,67.48619,151.48834,172.62521,2
141.00179,99.72127,153.51227,172.44559,2
155.35062,147.06462,154.4183,36.38368,5
188.0819,35.42971,152.79337,83.88967,2
155.95639,50.80258,151.5958,200.96309,2
187.08878,79.70099,152.57071,91.27267,2
0.28247744,2.9004989,148.42836,214.18602,2
122.14131,88.50116,152.49048,185.11014,2
74.645386,88.734344,151.75194,149.08133,2
123.14021,62.21179,150.58887,202.97693,2
132.57327,25.25381,151.59444,177.53299,2
39.143497,48.652134,153.07545,78.28713,5
105.05427,91.96185,151.72562,185.86746,2
21.294899,114.88596,150.77776,156.96616,2
77.7512,109.85716,151.68481,72.11793,2
159.71907,49.81663,151.71646,170.98666,2
77.84204,41.667698,150.95663,78.23852,2
153.6815,23.311308,151.27773,58.246082,2
56.35339,0.7976968,152.0042,218.0425,2
191.09521,139.24727,155.32109,176.01355,2
46.02943,130.90956,150.80449,178.83104,2
96.31832,0.58359,153.84106,84.18546,5
115.40587,146.83006,152.8141,174.10403,2
110.0676,147.67212,154.57008,95.07281,5
184.22542,122.985825,154.37862,164.78044,2
141.6335,25.425577,152.10243,49.19353,5
129.36035,97.999245,153.04948,191.82014,2
33.02488,32.341743,150.52873,201.77284,2
92.92597,28.86354,152.90002,93.11138,2
163.4802,51.380325,151.78589,190.17699,2
79.92904,71.47469,151.96677,88.80746,2
63.50904,37.508408,150.02544,177.72162,2
131.07469,1.7592003,151.9062,85.84424,2
121.67713,22.936003,152.16707,222.3421,2
59.0813,22.576826,151.40494,194.60344,2
16.6146,11.539947,149.20401,208.00603,2
65.30617,51.576706,151.27832,141.84688,2
61.17195,130.90306,151.156,87.410866,2
74.438774,104.94329,151.94052,84.74693,5
151.69843,148.90736,153.64462,189.34198,2
74.9281,148.90076,151.2922,120.06994,2
138.95615,98.66834,153.58275,105.05723,2
44.781586,23.930292,149.933,201.4958,2
119.93206,44.753773,152.17119,65.45039,2
27.74284,55.243713,152.39249,68.311966,5
74.99633,51.53872,150.83621,181.07925,2
17.490704,96.91448,152.12154,93.75389,5
184.27348,23.35694,152.4048,143.2228,2
139.5951,71.13096,151.66177,181.36285,2
108.7891,69.1201,151.53201,199.0721,2
184.23114,53.80038,152.4173,134.83893,2
11.460591,6.834556,148.96028,202.75948,2
139.93477,149.14116,153.1535,110.684845,2
133.24051,7.742694,151.71321,181.76358,2
85.21795,75.55863,151.84248,180.85173,2
95.34342,78.04967,152.29123,89.636826,5
119.17827,147.88669,152.86967,165.56444,2
170.67859,36.509815,152.04094,205.36656,2
25.1481,43.120823,151.32057,188.86737,2
11.035369,123.11842,151.5895,87.87059,5
23.087965,93.062195,150.82242,162.76689,2
83.825935,51.79091,150.73749,151.0445,2
70.14118,29.950193,151.67603,202.07605,2
129.87144,86.516525,152.92542,52.78367,2
126.54903,142.15514,154.13284,37.39174,5
33.994183,50.070816,151.3463,184.3818,2
183.33653,103.92449,153.52904,67.03209,2
119.17089,107.37028,152.5917,41.325317,2
9.030065,103.41372,150.3108,186.93748,2
120.918594,121.757965,152.97368,86.502716,5
149.84193,109.46748,154.28314,84.626564,5
35.906742,49.05688,152.85811,127.57217,5
118.82603,46.35295,151.89417,158.88852,2
47.691257,117.04983,151.79922,102.91176,5
126.969604,124.25653,153.91635,76.38822,5
107.4536,11.085954,152.4758,95.197266,2
9.754544,52.900692,151.00644,189.40385,2
49.1269,25.338888,150.0983,185.24974,2
44.889755,73.31373,151.77406,160.62875,2
125.203514,122.589226,152.9283,69.13455,2
79.57828,3.7229657,152.34862,196.3944,2
198.29195,1.1942036,153.09406,92.00158,5
49.440334,60.795,153.50774,99.24284,5
94.41127,7.6809974,152.49046,145.59457,2
131.65852,19.285957,152.62381,92.86133,5
122.890884,20.683212,152.04733,175.11703,2
133.16629,3.9781668,151.73535,170.2888,2
65.560684,63.187958,152.7204,85.53342,5
139.81866,75.530495,152.41115,160.96661,2
164.78435,123.60355,155.74669,140.08752,5
20.67122,111.766945,150.80582,205.04932,2
186.60751,103.0383,155.08629,74.54187,5
43.902363,143.31178,150.46852,184.76361,2
12.927885,129.06598,151.56288,102.32678,5
118.97395,104.02445,152.42734,112.35045,2
59.509777,125.73563,151.18095,106.50439,2
188.25162,146.41919,155.51112,173.66522,2
147.41513,73.02838,152.02744,154.68307,2
148.85709,67.11589,150.9183,164.69405,2
144.01675,100.34365,154.3681,106.06784,5
43.73612,43.465263,150.93639,168.68076,2
125.13318,123.2449,152.84073,174.12653,2
45.38777,93.61886,151.86626,169.07066,2
10.770869,67.00801,150.70555,185.6243,2
154.43784,71.221344,151.50558,95.33722,2
173.17465,65.32554,150.85814,148.1317,2
21.821823,127.49998,150.96988,178.24945,2
68.98733,94.35487,152.63045,78.03315,5
133.61981,127.39196,153.1192,190.45486,2
1.7429395,0.5104723,150.08998,67.80122,5
129.87413,72.52541,153.57498,52.896954,5
23.865692,139.21886,151.02296,168.52766,2
136.80615,27.135757,151.50758,187.95155,2
194.5621,5.6330957,151.94893,162.0594,2
167.66638,44.516396,152.08424,164.3282,2
176.29807,72.22852,152.44815,96.65767,5
154.67947,99.56557,155.41731,74.888214,5
171.64903,86.735016,153.19249,120.473274,2
24.32552,98.82653,150.89018,203.89336,2
53.72804,8.601794,151.8375,53.95112,2
31.465738,101.4332,151.23003,212.45142,2
85.92239,36.244965,153.2494,126.0601,5
69.47049,23.08822,152.08731,40.618187,2
20.287746,91.93325,150.6955,105.922424,2
17.929276,45.27582,152.50922,54.42923,5
137.0304,116.688126,153.54031,71.929375,2
169.56152,98.257935,153.5888,92.889885,2
93.02826,55.599106,151.04,105.510994,2
152.80444,123.329124,155.07841,91.08624,5
197.34671,110.89562,154.27414,103.43468,5
36.147457,70.7971,151.58867,87.24256,2
190.16676,29.561836,152.58842,49.14748,2
166.286,122.30049,154.13531,155.0942,2
28.76365,31.76171,150.7906,197.35983,2
89.6897,15.185379,153.5465,87.50626,5
103.90904,122.26877,152.04015,185.11613,2
102.8204,99.21057,151.64328,208.59013,2
195.7336,100.548676,153.48769,161.65344,2
131.87732,28.285715,151.68134,181.98563,2
41.524323,48.11145,151.28354,197.03175,2
11.6102705,0.44254348,149.30745,226.35052,2
9.247258,104.309555,150.40948,163.48526,2
57.264954,25.140526,150.94449,160.41685,2
64.72573,105.636955,151.76134,192.1018,2
87.52962,20.12447,152.75363,98.098946,2
120.751434,68.03365,151.29332,138.63228,2
112.60683,81.42824,153.58365,117.91947,5
194.82732,2.807565,151.85385,186.1098,2
6.978088,126.33226,151.05167,181.49673,2
86.143295,40.912125,151.81856,123.62458,2
178.8538,22.51882,152.53276,54.584633,5
110.53822,25.617512,153.04883,55.67995,5
115.570656,98.539474,152.22444,105.19116,2
11.640869,100.60468,150.40619,186.83614,2
6.4525533,107.05319,150.39568,158.52132,2
82.88538,34.71852,152.26411,221.92976,2
118.85487,111.12998,152.44087,203.24048,2
8.621354,17.965132,150.3389,171.18436,2
140.93063,75.09669,152.38245,185.0982,2
71.26099,147.07944,151.06523,162.63113,2
85.404106,135.53775,151.77097,169.47552,2
10.943985,1.8360525,149.1861,169.1426,2
9.712399,31.048693,152.63393,109.7341,5
199.09224,21.320057,152.58948,208.8487,2
118.78456,43.660507,152.31609,123.67633,2
139.81946,41.698284,151.60185,151.94884,2
162.14697,86.96843,153.35495,201.25067,2
97.25189,14.033166,152.73453,209.9445,2
37.26538,119.32599,151.13965,89.2364,2
36.811813,123.120865,150.99443,182.93327,2
55.253216,30.937517,149.96454,164.75105,2
135.88283,127.747505,153.2719,65.01439,2
18.615614,1.4036244,150.73537,114.330444,5
27.231716,141.24178,150.90753,200.53113,2
103.270744,128.20845,152.19199,195.5943,2
132.26729,26.278355,151.65196,184.63765,2
197.81592,105.15942,153.72678,170.7217,2
121.150276,72.37706,153.07285,71.44691,5
182.2832,99.039925,153.84589,39.381264,5
22.30712,15.669945,149.42154,158.27972,2
4.391462,129.8582,152.93164,74.55788,5
109.95042,71.57953,151.96086,83.15458,2
134.2533,73.93281,152.11136,171.05478,2
193.11879,80.85756,152.65805,171.26245,2
139.4736,2.3342557,151.638,166.50743,2
135.37741,110.58445,153.52306,115.80485,2
105.85084,87.0826,152.3684,93.50348,5
187.06711,67.82499,151.0739,213.23618,2
81.54017,18.427137,154.08148,78.00989,5
150.68169,24.686602,152.975,88.168945,5
8.570948,19.859177,150.63855,110.647804,2
84.06341,47.06607,150.8146,186.31816,2
43.735607,95.18267,151.71053,177.45755,2
63.26464,47.719727,150.74075,170.92262,2
85.61452,47.476334,150.8897,86.09765,2
5.166295,138.20193,152.24422,90.77326,5
154.22247,24.997408,152.8501,139.32387,5
196.44661,48.869385,152.87543,147.43356,2
121.53455,141.17621,152.76534,161.68158,2
53.78378,37.272316,150.8022,81.859856,5
83.00633,61.27688,151.65213,165.74014,2
123.69189,119.548325,152.8511,80.76047,2
198.74106,28.825392,152.88693,71.81261,2
24.033817,10.800157,149.77061,146.52856,2
169.69727,54.464817,151.72438,212.65523,2
70.97211,21.236233,152.096,196.8737,2
40.94056,12.673076,151.07559,185.02391,2
177.94318,60.855953,152.96959,83.695595,5
61.388588,68.61571,151.95569,106.441124,2
78.85667,146.31526,151.53365,198.60475,2
38.7899,114.6714,151.2605,142.33948,2
76.97899,51.715458,152.73346,115.07023,5
152.49243,119.22303,153.92201,86.49377,2
127.36717,27.54094,151.89204,139.56851,2
136.62648,121.340195,154.0755,94.76716,5
96.50467,81.69545,151.70004,192.36742,2
186.38753,53.042015,152.27954,174.05392,2
56.860836,78.67173,152.06287,165.29922,2
179.0286,97.32389,153.33427,192.90617,2
144.07826,52.31395,151.3318,174.32799,2
103.02031,102.07813,151.614,173.12642,2
55.942917,30.623627,150.00772,227.09207,2
102.19074,110.150566,151.8178,50.61029,2
70.05449,111.79715,153.28323,87.11116,5
111.76971,113.52887,152.14607,114.6731,2
149.40027,52.88126,151.35677,164.60526,2
164.70778,14.26519,151.49693,119.90237,2
70.31368,56.039684,151.60701,144.63873,2
85.339294,126.34636,151.62425,190.91887,2
142.2287,38.456272,151.5236,95.90366,2
133.26791,65.46361,150.79713,190.71361,2
116.64035,57.109863,150.71768,172.82007,2
84.57813,29.60998,152.71922,183.78928,2
14.763212,64.63217,151.20676,67.8247,5
183.7543,88.00354,153.00804,175.52994,2
181.7577,103.80524,153.5435,175.75835,2
150.2862,136.22676,153.58627,158.15607,2
194.71538,94.39433,153.23923,183.84453,2
145.64285,21.116465,151.3709,178.28427,2
9.942549,115.95138,150.668,147.79054,2
13.004449,43.20396,151.23047,160.76952,2
60.588924,55.810333,151.85974,138.00906,2
165.73149,81.97539,152.9703,146.35948,2
49.109806,128.6688,150.86476,107.25233,2
165.17816,121.316734,154.09953,185.5165,2
147.23103,120.6028,153.70644,203.07779,2
24.68146,20.949594,149.75803,197.98509,2
153.92581,10.736065,151.37054,142.06529,2
188.281,129.31546,154.84303,177.84729,2
85.58903,5.7298403,152.56078,54.11126,2
79.81171,74.41757,151.87723,183.73898,2
181.76408,62.32957,151.106,76.22058,2
101.43214,23.625143,153.10788,110.595345,2
119.9543,99.225334,153.45567,111.01677,5
24.41069,147.23425,151.97375,122.841255,5
155.80255,97.8555,153.74658,79.709885,2
4.306958,97.45449,150.2184,180.5082,2
142.66843,112.32845,154.4116,59.693142,5
117.27147,129.26674,152.60347,220.32973,2
96.567924,58.93522,150.95154,186.0687,2
167.06133,141.49263,154.44136,184.24399,2
147.19276,71.44364,151.64009,170.12808,2
174.7537,27.30991,152.08884,158.85226,2
2.5858974,122.878044,151.16975,97.00494,5
30.048172,77.72863,151.2387,153.43495,2
89.53679,145.80678,152.14206,98.70889,2
16.183216,24.323582,150.79321,186.13542,2
139.00775,9.617719,151.48807,156.23207,2
103.40411,98.024605,151.67314,168.99896,2
180.68335,58.990932,151.4423,157.61325,2
11.767539,149.76923,151.59587,84.901825,2
169.98766,53.583977,151.79144,177.79936,2
151.72626,83.72923,153.33974,173.56606,2
30.148832,5.872065,150.89511,207.07358,2
41.83687,83.97988,151.71439,196.68872,2
78.507,4.8380065,152.40424,192.44139,2
42.221165,147.39124,150.45366,170.73402,2
119.88547,49.852844,151.56383,67.042366,2
144.97917,27.823278,151.35551,176.6863,2
192.90475,47.777344,152.79977,186.93634,2
80.33984,106.162865,151.4889,207.57596,2
149.39433,69.37831,151.29099,205.4381,2
77.057205,17.442434,152.5067,65.11586,2
76.660866,23.36082,152.39157,167.80632,2
160.1218,148.19049,154.13034,172.54465,2
55.642193,22.899246,151.05287,85.87155,2
192.53453,125.02786,154.67569,93.53309,2
152.191,102.75687,153.8184,144.64418,2
8.741472,109.27573,150.54446,173.21053,2
192.30402,23.332901,152.512,182.61234,2
8.671174,117.89837,152.42523,75.8441,5
178.51057,146.94815,155.14754,189.51483,2
62.29381,72.061035,151.99348,161.63895,2
116.093575,130.09729,154.03587,60.46873,5
138.82397,116.1395,153.46791,200.52867,2
95.99126,18.353977,154.1807,73.03079,5
50.91107,50.140366,151.3752,199.67366,2
44.844883,124.68403,151.21811,72.43158,2
99.06997,119.70061,151.87842,185.35255,2
5.170327,40.261,151.03592,189.78609,2
199.33545,1.9712834,151.96817,121.15293,2
100.94709,2.0244706,152.38972,74.687614,2
186.7878,71.7859,151.45789,109.54338,2
148.69293,105.911064,155.45837,105.96357,5
34.667046,25.219774,150.63026,113.5092,5
73.330826,42.702,152.13297,68.69557,5
152.72531,149.2967,153.71132,164.16039,2
94.8477,22.98768,153.17859,87.762115,5
160.24066,33.440624,151.60506,210.14943,2
22.749725,49.863625,151.2572,191.80061,2
57.13171,79.18726,152.03062,185.03352,2
74.704094,21.522226,153.91211,101.46981,5
116.69871,50.206665,151.53577,68.107414,2
106.60877,120.34168,153.30054,89.31565,5
8.22751,91.580734,150.2358,209.3818,2
38.940735,28.48174,149.56818,178.41417,2
70.91565,76.41318,152.50139,89.78166,5
143.3388,68.49854,151.20497,191.69946,2
85.28668,90.885025,151.54219,178.22879,2
116.171524,1.3302294,152.07423,214.9841,2
31.632988,97.07071,151.26744,136.81848,2
159.17084,114.63704,155.7106,136.95306,5
101.21506,145.67203,152.81735,111.450485,2
18.880415,83.43743,150.79703,92.915245,2
0.5663193,70.28851,151.30466,110.926384,5
15.819881,28.083447,151.09254,168.86089,2
199.68839,30.18281,152.87791,157.19518,2
93.15639,120.92944,151.67178,216.6239,2
117.36767,105.10453,153.20331,103.54429,5
13.253529,77.6635,150.63557,84.2367,2
183.01482,45.93568,152.55058,171.93921,2
20.89543,79.20752,150.84108,195.45515,2
131.05025,81.91184,154.47746,90.57062,5
86.08945,47.405003,150.89568,157.45699,2
173.66354,128.92622,154.44806,132.49725,2
3.8306408,29.85916,151.22838,70.02795,2
131.57378,33.73508,151.77855,175.64192,2
163.23865,3.064715,151.47968,168.54973,2
158.34102,43.7118,151.75923,180.76434,2
194.16653,0.7418015,151.68582,192.3819,2
11.232231,0.7540414,149.2735,213.63947,2
187.31781,73.81648,151.72783,128.94872,2
13.705115,100.67779,150.75124,80.41492,5
81.555595,81.11418,151.82375,180.24428,2
160.05252,18.28601,151.40872,134.77457,2
165.43791,118.35385,154.04178,188.53261,2
197.40349,56.094322,152.26811,80.06136,2
76.715866,23.66588,152.40524,118.70306,2
188.92831,101.86698,153.4457,178.9189,2
130.85333,103.13254,153.11722,171.24869,2
91.57129,18.882986,152.83794,185.17662,2
45.917187,120.28529,152.26282,73.13102,5
181.5445,23.608418,152.198,186.81612,2
17.975521,7.9005446,149.4956,105.064995,2
151.9089,29.623146,151.3094,178.21262,2
74.60124,42.793682,152.4283,72.70708,5
45.36353,120.61599,152.91202,82.07958,5
120.14594,93.579636,152.4189,152.9872,2
138.78831,18.174894,151.41792,176.92233,2
163.59969,21.08084,151.53342,185.11797,2
40.275677,128.25778,150.86569,164.419,2
142.14519,124.59764,153.46939,192.18637,2
121.51209,114.53873,152.65225,149.85384,2
62.191006,2.8451297,152.34085,129.13654,5
12.779437,137.43933,151.31767,80.05239,2
179.70045,46.86919,152.4851,163.02667,2
189.24031,31.37502,152.65977,193.90489,2
45.132984,22.558958,150.06871,206.51033,2
59.562416,64.21821,151.90466,194.01389,2
97.431526,26.611753,153.04068,109.90657,2
148.23851,11.401781,151.3545,189.84282,2
134.21622,123.80653,155.09712,100.118034,5
142.13495,137.78008,153.58562,116.304596,5
50.08075,139.10226,151.814,94.87071,5
100.24685,70.28914,151.73906,161.3022,2
104.635635,115.674706,151.91803,188.77246,2
39.21294,86.790924,151.91582,106.00802,2
170.70303,105.83867,153.69771,194.88773,2
103.65082,109.52246,152.04285,109.76217,2
51.40899,120.90387,153.03154,123.151276,5
142.03049,3.700423,153.22455,76.30426,5
133.6547,77.34089,152.5441,73.320274,2
10.166505,49.212593,151.08594,185.44377,2
12.214247,94.59786,150.4756,189.64253,2
183.5429,85.90148,152.9,212.91432,2
128.78539,45.26506,151.78078,226.95963,2
47.238018,123.50186,152.45792,117.94717,5
122.92945,50.505856,151.52536,202.2887,2
103.12507,126.125145,152.1357,191.7407,2
91.32484,46.630657,151.28264,185.66064,2
102.87209,55.258472,150.76314,179.33414,2
168.50964,32.896538,151.91351,176.29544,2
71.80078,46.310886,150.42363,159.18999,2
68.39949,131.49454,151.11938,188.00345,2
189.94392,147.42165,156.999,89.94144,5
108.20423,95.48948,151.82733,145.07178,2
14.984572,117.321556,150.7129,159.00282,2
97.51943,107.081215,151.63559,201.73686,2
191.88463,14.34993,152.18665,195.16647,2
14.207494,80.207436,150.56033,160.92027,2
90.839,128.1272,151.81284,155.17545,2
165.6017,79.743904,152.76147,186.50311,2
90.60068,68.01809,151.83525,201.07423,2
114.11013,128.5692,152.51828,168.5122,2
156.00563,130.06902,153.85167,159.88547,2
18.96428,32.67989,151.26782,108.27265,2
183.376,29.504013,152.44296,178.80557,2
151.12512,68.179054,151.11604,111.093094,2
166.29836,117.53547,154.01608,189.00554,2
194.82355,19.033348,152.41965,199.02936,2
103.33711,94.54964,151.68356,191.21347,2
182.87056,87.31619,154.17075,55.40234,5
140.27994,78.37644,152.74849,182.43002,2
26.793808,5.7997527,150.85797,85.21044,2
184.32916,53.54842,152.26799,127.81664,2
141.09966,36.197803,151.44646,153.08917,2
88.4421,17.019829,152.68437,188.17535,2
2.7391646,60.301212,150.6572,147.9868,2
39.76279,89.4615,151.66826,181.6604,2
6.470058,51.35212,152.18185,88.513916,5
139.13608,51.33501,151.43942,176.61389,2
117.739746,53.98271,151.35893,96.39302,5
92.76535,99.726295,153.25546,139.34453,5
32.70978,34.28861,150.73192,195.76877,2
23.632298,9.696977,149.85335,207.93016,2
25.370586,141.86392,150.96567,152.74138,2
71.95304,146.80972,151.04866,87.78332,2
140.37544,58.946568,150.85265,92.54009,2
54.88568,3.1140766,151.92891,170.83054,2
86.26903,107.321045,151.44026,184.69452,2
12.759375,71.493866,150.61813,181.87141,2
169.384,122.137695,154.1565,179.42764,2
133.48238,131.36488,153.14345,202.38428,2
82.31618,78.05035,151.84718,218.1904,2
135.16963,55.019974,150.98228,166.5508,2
136.36334,1.4557309,151.69615,226.6803,2
155.12154,78.91616,154.62299,116.37273,5
189.97289,104.707,153.58246,170.09738,2
92.842545,127.208015,153.11627,116.6527,5
172.48207,50.121674,152.08337,173.52516,2
108.454216,27.366747,152.73836,176.0244,2
164.37453,13.470209,151.49695,154.93596,2
180.86751,118.69248,154.4213,129.08086,2
84.40948,102.40663,152.74501,142.08556,5
20.58915,28.507849,150.97768,194.44762,2
181.9175,17.053164,152.12538,69.55736,2
17.905682,122.77598,150.86673,178.44905,2
88.231155,139.47673,151.9694,148.28809,2
50.36493,128.10771,150.95421,168.97444,2
64.37911,149.11543,150.67415,156.82327,2
111.45779,67.22508,152.42319,92.89959,5
72.68183,26.063711,152.12657,182.01143,2
15.646639,22.939701,150.69534,182.27002,2
183.713,88.04161,152.99779,165.00415,2
84.2609,102.18902,152.4293,111.35942,5
139.60973,127.50834,153.68803,68.5967,5
127.92216,126.58319,154.53,85.4324,5
146.8265,90.42199,153.50926,123.88533,2
142.40744,136.52556,153.74072,70.20841,5
86.05456,92.59024,151.59254,115.069466,2
131.79442,83.19879,152.85956,126.90725,2
62.03747,120.35697,152.56148,87.355095,5
33.92092,98.746635,151.30905,152.12831,2
67.858086,17.408495,152.05493,167.88632,2
128.86803,120.54652,154.68694,113.30263,5
105.6592,27.339003,152.84404,213.61378,2
40.15248,44.077927,151.16602,101.69028,2
34.53321,104.84962,151.27321,195.18259,2
33.183205,132.99762,152.47386,93.49392,5
52.524254,64.70617,151.90002,99.426575,2
157.26762,142.27684,153.94162,181.85591,2
47.035255,26.791477,149.7518,78.03497,2
3.8765452,104.702446,150.3661,173.1258,2
17.414948,82.93678,150.69292,62.703808,2
77.40111,44.471024,150.6063,86.00808,2
123.52242,120.904564,154.40295,99.834335,5
196.09984,95.185135,153.28876,182.81001,2
189.48708,103.10012,153.48302,189.76865,2
107.88369,91.284996,151.85828,200.74335,2
84.922806,32.120308,152.68013,99.83702,2
21.041784,146.49435,151.26599,96.01508,2
63.89717,46.190483,150.53958,149.72594,2
156.34753,67.04271,152.4669,169.38322,5
84.47093,70.936874,151.92784,125.15973,2
29.826256,1.8809894,151.18578,100.677734,2
6.265642,22.342953,150.85497,179.6134,2
49.064663,47.91218,151.52829,82.13392,5
31.978222,68.70198,151.35449,163.87239,2
75.26172,65.56513,152.03227,219.21979,2
71.6984,50.170673,150.86678,199.45422,2
121.06994,24.279083,153.18117,69.31178,5
115.18791,18.302206,152.3614,199.23268,2
116.40826,146.12692,152.85786,112.35985,2
42.07677,102.04338,152.18024,55.622616,5
44.977684,94.727905,151.81868,176.99083,2
137.68633,30.55728,151.48904,182.4644,2
167.02493,30.01134,151.87419,183.87163,2
30.267918,120.80236,150.96812,155.01297,2
27.95017,42.315502,151.24391,193.90268,2
144.48407,72.52692,153.45221,73.296265,5
88.65005,89.166855,151.585,190.09343,2
28.036236,71.869095,151.1832,134.26147,2
92.61097,69.43613,151.86877,170.05885,2
21.629604,141.60385,151.08667,176.97217,2
183.12912,144.55318,155.30719,146.35106,2
95.71832,101.67245,151.44276,199.15906,2
197.6189,101.938065,153.97328,92.18713,5
80.9294,46.888992,150.6283,185.56158,2
29.656343,46.130905,151.30946,145.40933,2
60.261787,12.3950815,151.87065,170.20995,2
78.50919,85.11975,153.12178,93.67472,5
21.333918,97.80787,150.75172,201.70114,2
22.956713,97.387596,150.76506,216.79507,2
104.71384,98.728775,151.6896,169.21841,2
185.56221,56.17475,151.97272,181.14127,2
137.15701,95.34039,153.38493,100.70587,2
94.375465,73.12688,151.78043,193.0338,2
47.710907,52.007996,152.93172,70.83127,5
40.74432,127.46053,151.25145,83.22948,5
87.98067,0.46356586,153.90834,79.795815,5
67.34363,101.567,151.8213,96.76816,2
95.21296,118.65676,151.78716,179.65045,2
188.85028,112.7586,153.93794,178.7627,2
152.12485,42.534325,153.26027,93.86089,5
38.036064,86.21782,151.62044,169.49002,2
44.97779,54.12265,152.17757,21.678558,5
129.29178,75.71865,152.25667,174.10144,2
118.37531,138.73491,152.78278,176.92545,2
177.77881,47.766243,152.70135,104.13281,5
83.50284,114.55639,153.13377,105.62417,5
16.82879,100.196556,151.62944,87.071465,5
146.50867,33.261887,151.376,193.38936,2
76.062904,130.46228,151.3975,154.62233,2
98.778435,23.687159,152.87277,154.95293,2
34.643604,1.3623766,151.40103,226.98727,2
94.8165,16.349632,152.74387,176.0387,2
7.4842396,2.6062186,148.72133,184.84431,2
62.947636,70.658745,152.05153,68.7511,2
3.116012,1.2956032,148.43674,187.21506,2
139.99333,27.04525,151.98566,146.52281,5
155.61824,2.723379,151.6114,138.25587,2
5.4718137,21.18314,150.68071,192.058,2
135.74068,30.721466,151.52547,198.79912,2
69.54083,146.73915,151.10512,73.51984,2
17.570835,102.352,150.61264,169.55704,2
64.602486,106.316055,152.50102,60.539955,5
121.06776,144.72826,154.67603,68.72883,5
61.871628,32.507328,150.3882,220.24496,2
34.056595,92.88442,151.60727,10.269005,2
139.07335,19.121113,151.44406,219.49284,2
59.7568,15.855545,153.54134,86.26004,5
74.24948,66.91163,153.68729,61.58299,5
24.895082,76.7439,151.05667,147.76866,2
31.18395,60.768238,153.01804,75.949394,5
156.13101,115.900055,153.93456,165.40103,2
195.36212,105.61213,153.71423,152.74388,2
43.385197,146.3987,150.38428,156.37169,2
16.597467,146.49678,151.34544,92.47735,2
157.42673,144.26965,154.98393,68.32026,5
183.69296,74.33618,151.83684,152.01874,2
158.36229,34.805866,151.6695,53.581326,2
57.449078,124.14332,151.11919,212.34866,2
57.093708,81.39002,153.39331,131.51895,5
83.09582,5.6946616,152.39316,190.41936,2
105.175285,137.87885,152.68506,103.47563,2
144.8273,147.06062,153.32193,156.96075,2
73.61865,0.020549683,152.22014,173.40701,2
30.942535,50.0985,151.28545,190.71654,2
81.93789,33.49022,152.3109,173.16486,2
107.88722,143.93115,152.71423,179.10355,2
8.224651,24.539839,150.97086,202.45364,2
127.51933,110.557396,153.23071,99.230316,2
168.08995,50.75527,151.9886,79.900986,2
141.99152,135.72133,153.28699,173.66994,2
40.3397,76.848724,151.7116,191.95241,2
54.071648,42.072815,150.36128,170.63696,2
195.39653,74.68196,152.08963,114.131226,2
128.28627,135.20932,152.93254,160.64314,2
131.44273,47.327713,151.6686,42.83839,2
128.70921,23.255915,151.77448,166.97162,2
127.553406,105.136314,152.90997,207.62326,2
105.527885,45.96179,152.04073,161.50017,2
3.542731,114.28631,150.59218,190.55858,2
38.387077,75.848465,151.61845,171.2334,2
160.74088,21.422043,151.46567,177.3801,2
98.50059,122.333534,151.97533,128.584,2
192.14314,51.379936,152.54701,157.87842,2
4.38643,51.817623,152.56577,94.293884,5
188.34367,134.2285,155.01726,197.08247,2
159.86829,94.14773,153.62729,185.60268,2
67.32702,137.38855,151.03203,86.222496,2
161.25684,128.95227,154.42816,85.158844,5
134.28325,95.11166,153.288,56.65794,2
84.90487,78.55632,153.5068,83.43912,5
67.86853,15.482478,152.0508,166.0452,2
181.12457,77.80071,152.49654,95.90263,5
157.41403,2.183355,151.45665,203.84454,2
59.508633,29.31455,150.75618,75.66818,2
82.80262,129.53409,151.59576,188.32793,2
198.11163,91.23814,154.28941,114.46562,5
22.275795,59.06782,151.16151,105.694435,2
34.972885,17.294699,149.99684,108.5158,2
48.893303,121.08716,152.35674,80.829605,5
34.3907,92.42706,151.45322,163.08914,2
197.52689,50.2442,152.73785,105.96803,2
29.472652,4.873118,150.95058,239.50534,2
108.81672,25.991455,152.69362,161.31676,2
197.88528,96.39227,153.38445,177.00067,2
15.946739,149.78577,151.48405,193.19621,2
25.821892,123.22696,150.93343,174.86174,2
101.41033,18.129658,152.78157,198.81514,2
68.49986,59.91259,151.89612,209.2232,2
159.2581,127.226234,153.97513,177.94153,2
83.13991,30.017359,152.59642,184.32962,2
156.81218,5.979582,151.84296,78.14565,5
18.77507,7.6683326,149.51817,149.74611,2
31.870213,147.76634,152.55557,105.77423,5
176.91745,47.660957,152.38821,123.53454,2
30.010654,70.10362,151.2843,205.94586,2
120.24898,68.39505,151.31642,151.40082,2
170.76544,125.749405,154.4396,82.05155,2
58.930977,123.96062,152.7062,36.10489,5
17.27214,106.58713,150.83807,104.31363,2
86.70789,147.05637,151.94022,182.78798,2
174.56885,124.27662,154.32744,161.1854,2
11.291507,82.356575,151.13289,128.86647,5
126.24134,131.22714,152.90973,212.38881,2
144.93965,84.171265,154.10274,137.84273,5
140.86058,90.301025,153.475,153.56297,2
122.45363,78.7033,152.40558,162.54732,2
16.915382,21.603617,152.2273,80.380516,5
10.631211,123.881645,150.9186,177.1518,2
175.78745,105.973076,153.67383,178.18123,2
144.93593,42.972557,151.5516,140.73335,2
152.2046,103.52287,153.8675,158.37595,2
5.984336,145.60281,151.90393,71.691124,5
85.18187,33.004425,152.93037,59.01033,2
132.80656,52.885574,151.23117,172.05711,2
44.670235,123.199165,151.89906,73.73698,5
72.67648,52.39539,151.79387,105.202675,5
137.28784,118.71389,153.41739,133.97507,2
179.55724,147.75972,155.24448,151.56738,2
139.83737,76.671555,152.63908,97.30085,2
57.25765,101.322014,151.98378,81.29702,2
73.13205,57.90267,153.40367,72.524475,5
9.705486,25.533068,151.02803,174.2076,2
78.980865,129.50558,153.20909,56.945614,5
139.33963,22.426508,152.0316,97.990395,5
159.80487,149.73175,154.19891,112.83409,2
151.81978,106.483795,153.8366,147.81114,2
99.96824,127.40279,152.74988,58.67644,5
122.600945,103.96728,152.66019,163.56567,2
88.2811,81.528595,151.67435,157.74434,2
99.58634,143.11742,152.5297,153.94963,2
37.44167,54.237286,152.35655,75.74776,5
10.123579,34.685207,151.36908,74.69422,2
119.88145,127.98052,152.70674,154.6469,2
98.31246,47.382153,151.51314,200.56815,2
118.86354,94.02215,152.38373,186.83578,2
28.761198,136.77257,150.85362,149.04149,2
27.064571,119.49737,150.93098,197.14496,2
37.996742,107.17396,151.35301,87.063034,2
133.58464,2.177007,151.74416,103.76918,2
9.398549,124.10983,152.26814,91.30483,5
84.70018,54.603336,150.99261,145.70639,2
159.9271,36.67815,151.64896,146.31381,2
187.42676,3.8952188,151.72636,190.73538,2
91.805176,98.466995,151.44801,195.77293,2
141.96117,115.99988,153.65327,112.51544,2
77.45816,28.697218,152.34029,75.78639,2
171.14928,61.549576,151.47826,109.9795,5
49.25711,89.31955,152.0426,161.88635,2
68.03604,149.23552,150.89197,86.26075,2
115.40696,64.8126,150.96976,198.55908,2
101.5075,123.11324,152.73146,81.37448,5
58.73611,42.499237,151.67195,154.17601,5
63.75449,8.708766,152.03099,195.36446,2
14.248896,6.276577,150.20602,113.736404,5
22.034101,11.359785,149.5166,95.20681,2
54.17107,32.478016,149.72987,99.87706,2
17.069075,102.95651,152.38647,132.89209,5
182.99762,31.557775,152.43956,176.7348,2
109.276474,106.19896,153.02408,75.117836,5
167.81412,108.19011,153.85611,162.79404,2
5.2062836,133.5949,151.56555,103.59765,5
131.42894,140.5763,153.04944,196.25473,2
79.70428,44.300022,150.81798,98.76463,2
129.08301,19.90341,151.69351,178.10657,2
192.2753,90.74156,153.09451,194.70616,2
77.12523,128.22862,151.4131,94.01556,2
10.607881,113.956215,150.99019,80.69055,5
178.10794,102.32839,153.56042,181.25964,2
190.71086,28.590843,152.63449,167.38956,2
49.85731,130.9423,150.78702,166.45403,2
142.04083,135.38226,153.29817,195.28705,2
28.433874,148.857,150.8624,197.98738,2
6.823417,72.3641,150.49133,173.30496,2
183.31319,46.553894,152.66164,158.47498,2
41.91414,20.166172,150.26926,204.72105,2
21.120922,130.36757,151.00217,187.30713,2
114.35446,80.10264,152.14964,110.48891,2
29.626034,45.161556,151.2793,159.54327,2
7.466655,79.233086,151.52934,104.94157,5
9.422047,46.821964,151.12094,159.57379,2
172.76535,30.289019,152.02382,175.89188,2
173.43927,149.1002,154.99985,177.36726,2
152.73099,122.102135,153.93843,81.705444,2
199.24442,107.1448,153.94942,134.52524,2
149.6598,97.90154,153.69699,59.590588,2
54.37663,125.41233,151.01924,175.59116,2
103.607666,79.69643,151.88115,101.84747,2
88.48811,131.6904,151.94318,101.05792,2
121.92286,59.320126,150.58156,101.33746,2
178.42719,26.595755,152.23924,184.02892,2
117.54025,103.227425,153.39723,107.52996,5
79.69634,92.769516,151.62532,223.39351,2
11.512309,138.97194,151.32358,162.77623,2
105.25332,121.28762,153.075,96.38527,5
101.35857,4.5388293,152.8451,94.3117,5
60.131702,125.81233,151.16068,163.72107,2
75.40127,84.12974,152.36475,82.6669,5
118.967,122.56033,152.59067,163.57458,2
181.40117,73.593315,151.90346,79.98663,5
32.93749,57.425877,152.75406,135.75641,5
157.55614,117.72819,155.8163,18.904282,5
131.20146,101.60159,153.12425,171.19789,2
22.335424,49.81007,151.28491,206.33615,2
144.47322,142.83028,153.31503,159.46852,2
184.85869,29.997215,152.85709,106.88857,5
174.75519,142.13841,154.9185,166.67798,2
173.48775,67.79094,151.14354,116.89708,2
129.95895,45.871853,151.77385,201.59935,2
171.907,49.033676,152.10484,161.9232,2
117.06047,121.32976,152.50058,174.63655,2
175.8333,21.963516,151.98744,166.41292,2
87.75344,143.97995,152.01743,158.43211,2
167.29544,38.80473,151.99498,216.48604,2
40.186863,24.581268,149.4992,208.32918,2
119.32832,20.67672,152.20703,150.69525,2
16.717682,22.59817,150.59293,227.64536,2
94.97739,97.95249,151.40768,176.00446,2
92.869255,137.22177,152.1373,194.25354,2
181.7822,62.683895,151.06609,93.108604,2
146.10812,26.394997,151.31653,99.563156,2
85.25561,129.46109,151.6683,205.12363,2
3.4364972,93.62713,152.03307,76.749344,5
35.113647,51.628757,151.38414,181.2112,2
159.24275,93.98772,155.22585,103.86063,5
197.4482,54.26149,153.4265,120.736755,5
121.38914,55.57723,150.85945,170.68222,2
191.16574,23.400335,152.45416,170.49188,2
31.124117,15.41601,149.83238,182.94795,2
163.67137,98.47902,153.71748,123.27565,2
45.807114,145.99199,150.42274,159.4449,2
128.19101,121.9494,152.96014,187.39851,2
34.906677,20.21169,149.62198,92.60995,2
46.758022,6.161273,151.67825,199.83055,2
191.95068,91.43356,153.08,162.93866,2
12.545663,24.659452,150.92276,157.13994,2
149.91225,1.8236712,151.54074,194.44147,2
193.51314,128.97987,155.3969,125.91086,5
85.97282,115.916626,151.53992,221.05106,2
3.0203035,72.407486,151.64238,99.21238,5
114.61315,25.178173,152.49315,159.62335,2
118.78129,78.57354,152.2471,161.53265,2
155.68178,56.34707,151.15465,35.604477,2
122.43922,28.433645,152.14989,186.99147,2
115.376595,75.8022,153.70656,72.87745,5
160.22354,99.9722,153.74904,142.68431,2
106.75194,40.04849,154.09752,110.00667,5
139.08635,124.699814,153.51411,61.898426,2
36.07192,113.71013,151.33571,95.7343,2
175.0059,73.01097,151.66566,148.31131,2
76.00387,23.321949,152.34908,177.25626,2
47.853,46.821552,151.16289,42.823452,2
25.07286,72.200836,151.96143,88.86893,5
99.261795,83.08661,151.71362,163.22295,2
90.21313,0.15964209,153.1513,103.076996,5
125.62479,109.96712,152.98404,103.60892,2
134.49847,140.54147,153.07188,153.60257,2
43.82178,74.66873,151.77736,178.30817,2
6.3471904,21.878971,150.84927,147.83003,2
117.75028,17.187132,152.29512,89.20805,2
115.30474,126.37384,152.5236,185.16608,2
196.59517,73.730934,151.8695,181.48784,2
19.989365,101.6806,150.83885,129.95004,2
29.091047,147.21037,151.79475,99.98253,5
125.56823,75.21555,153.01671,78.57927,5
69.28135,5.1866326,152.19539,195.32341,2
73.854034,24.026556,152.71909,80.13786,5
73.99508,73.91409,152.01569,204.15868,2
89.42438,60.577816,153.0717,25.376846,5
107.61472,2.2602296,152.1902,176.03003,2
52.286148,11.486883,151.59334,158.93112,2
146.72969,142.03154,154.8545,78.55522,5
141.07417,20.406755,151.37228,201.16637,2
37.36775,87.09153,152.1591,62.878586,5
19.326054,81.74895,152.54617,94.39317,5
103.330505,122.369286,152.01898,155.59431,2
167.40485,77.48772,152.54057,95.082146,2
132.13521,30.867434,151.72517,183.90762,2
195.791,148.75247,155.73979,162.78749,2
97.49171,24.868458,154.67963,36.3783,5
58.976284,98.77837,151.91455,164.0894,2
187.07628,2.380181,151.80469,88.946815,2
53.88652,140.76143,150.62202,190.69907,2
101.86736,56.75159,150.7067,140.75307,2
118.365036,139.49304,152.76695,150.00775,2
199.64728,13.87438,152.28644,204.12164,2
108.03659,55.913387,150.74492,227.49025,2
105.19074,104.71103,151.76695,202.85715,2
111.328674,12.276475,152.38464,154.75871,2
177.6946,149.90065,155.54393,67.52992,5
71.62825,123.64924,153.02544,62.57893,5
90.377396,41.271103,152.0117,192.87233,2
166.84875,76.646286,152.28961,192.79262,2
143.14142,119.71538,153.70714,116.43053,2
99.74049,33.031418,153.38,75.143715,5
177.14186,51.345848,153.50626,81.10228,5
130.26016,15.449379,151.72346,191.13007,2
43.67863,129.09508,151.47821,140.66747,5
48.84104,20.3668,150.80046,143.98064,2
85.66766,70.53241,152.26016,65.86266,5
71.82429,146.56137,151.29715,85.177284,2
50.635788,0.28738338,151.90164,187.15321,2
52.70858,129.79222,150.87889,155.04886,2
168.09332,66.78237,150.91438,221.74251,2
104.32258,100.894264,151.73192,143.33096,2
44.692093,47.130627,151.28218,190.32591,2
86.26366,2.8527372,152.6076,133.79343,2
186.05888,51.544353,152.46352,169.85986,2
129.59734,95.384995,153.26012,92.50637,2
187.5852,63.142635,151.9224,77.286804,5
84.57793,7.5050726,152.4963,184.07832,2
75.930405,73.34317,151.99522,180.77818,2
32.338005,1.6044319,151.53235,102.19899,2
182.51253,131.97528,155.22949,94.890114,5
166.45197,5.7833967,151.46007,168.4372,2
161.21788,103.45521,154.37971,160.79572,5
20.413567,137.61322,151.09575,168.33434,2
55.182735,104.119064,151.88745,68.00145,2
71.12845,10.525826,152.59526,105.00698,5
63.057526,102.95914,151.8353,151.52167,2
195.84651,30.277393,153.68053,111.60547,5
11.327582,84.51426,150.43332,184.94153,2
14.047889,83.19786,150.52051,203.97165,2
103.381195,3.0392458,152.7375,93.91689,5
162.7655,10.195345,152.59302,107.974205,5
195.28825,64.197845,151.22519,175.41707,2
157.60881,12.874534,153.09145,104.93611,5
151.99232,103.489944,154.39479,115.04111,5
138.0558,81.28187,153.94681,77.363754,5
172.15274,124.948524,154.28008,152.26422,2
104.326584,115.5999,152.16895,70.6438,2
168.3638,47.950768,152.03992,211.46904,2
114.80496,97.880165,152.16554,169.26352,2
71.99076,19.285,152.19157,193.94609,2
88.79145,48.521282,150.93726,150.25447,2
175.81735,91.34675,153.95207,66.4978,5
94.187,148.20306,152.38162,181.07619,2
20.596365,14.148816,149.35362,174.97455,2
114.94161,125.77481,152.74063,59.96878,2
96.69957,56.21023,150.77704,89.3022,2
72.55238,7.197834,152.28491,198.2753,2
103.38451,43.774487,152.30132,168.62715,2
23.05147,129.92834,152.7042,78.73283,5
110.26113,77.82779,152.10025,93.535416,2
1.1010293,19.985388,150.56407,72.74352,2
173.42624,72.140465,151.54477,188.59496,2
10.008267,59.19648,150.84947,191.58884,2
102.13908,115.02528,153.28146,120.16142,5
1.9786552,101.51621,150.2961,85.87717,2
15.994167,71.707375,150.81079,94.10718,2
9.377245,133.3916,151.18835,191.5179,2
78.75328,137.69159,151.48778,68.445435,2
154.15785,4.0091887,151.52426,164.53984,2
75.28056,18.611012,152.39642,202.9598,2
175.92853,123.873726,155.84772,113.36479,5
11.3460045,146.91685,151.55379,175.683,2
55.930534,4.7798753,152.05711,30.47237,2
60.72437,48.8763,151.00673,180.15004,2
43.957584,146.12186,150.46826,74.2252,2
128.35626,74.161224,152.08328,98.79633,2
70.146324,51.75494,152.88313,79.40764,5
14.529198,40.715836,151.36723,217.63612,2
37.748642,97.12626,152.81955,72.99261,5
56.516834,121.89784,151.2039,178.58754,2
18.156702,12.1097355,149.89551,99.98515,5
24.935595,37.38915,151.26703,165.45442,2
17.862099,66.95221,152.46732,135.38646,5
5.0122395,100.93907,150.49438,115.451164,2
23.148468,24.923616,150.3974,165.45834,2
181.40039,98.93145,153.3589,197.47205,2
44.362217,80.795135,152.04803,130.1062,2
75.42894,2.6592555,152.29634,182.75497,2
177.26335,5.9322953,151.61934,196.64764,2
64.432594,137.4561,150.85472,127.78471,2
13.000964,75.0582,150.55673,197.38057,2
36.651062,144.81244,150.64604,175.35725,2
152.77786,61.6265,150.78098,176.85558,2
67.30301,109.72528,151.84772,79.30423,2
75.84273,122.48539,151.45157,65.15688,2
88.33965,135.41844,151.83719,181.80441,2
199.08142,147.93518,157.32327,119.315216,5
65.540085,21.384256,153.21584,70.278336,5
183.2453,30.001192,152.85204,119.999664,5
38.04134,149.65907,150.54599,175.51314,2
104.39527,14.484046,152.62997,172.64197,2
1.3986859,75.79834,150.31366,194.46399,2
130.67645,143.03658,153.0127,80.296104,2
143.33098,143.13185,153.40758,43.91779,2
90.18392,109.14698,151.51602,179.89476,2
28.505085,46.638115,151.26855,203.30542,2
111.48168,115.513695,152.25073,183.9009,2
74.04604,55.104855,151.35237,212.99306,2
138.88486,23.906803,151.69093,82.36677,5
8.317984,148.58638,151.95522,98.162285,5
54.05744,54.7916,151.61668,205.4491,2
167.1752,4.877103,151.43112,154.71986,2
166.04164,112.47791,154.45792,79.88305,5
103.70174,142.46143,153.07211,95.18528,5
166.218,13.420402,151.51488,192.41005,2
6.314733,20.469803,150.72285,110.06927,2
67.305244,110.54969,151.60316,206.66414,2
149.03389,137.7099,153.57768,95.93547,2
42.6325,97.15632,152.96182,99.92262,5
108.62965,125.20349,152.34444,64.75878,2
22.106525,137.55147,151.0922,194.8697,2
70.14296,50.686188,151.08295,79.009415,2
74.47971,106.499214,151.59526,199.36333,2
133.25189,63.061497,150.639,196.06679,2
125.40573,40.859417,152.05981,77.389786,2
140.02386,49.541977,151.52994,157.52469,2
22.129227,3.924182,150.32735,168.96347,2
197.14017,74.35433,151.89804,100.27971,2
68.189766,59.14393,151.96059,97.74097,2
185.68129,28.817291,152.6034,70.90459,2
62.633137,50.21875,151.12749,155.0408,2
161.7921,135.87657,154.15987,144.13455,2
67.28721,125.07141,151.22427,129.8539,2
178.84921,142.31746,155.11732,162.7276,2
163.77776,52.91371,151.67151,101.364586,2
57.72413,149.79166,150.49849,196.89824,2
80.07951,18.792658,152.54007,203.70421,2
94.49441,40.86719,152.3206,111.40063,2
15.393634,6.363118,149.32022,206.65497,2
142.34311,122.523834,153.48587,35.013992,2
19.704859,122.5866,150.91315,162.62933,2
104.660614,116.17458,151.96758,152.2894,2
156.37714,24.545284,151.3579,184.33302,2
135.24301,52.304256,151.26192,197.24707,2
62.860527,141.47278,150.75247,192.06917,2
147.39334,83.5881,153.23328,176.15398,2
43.27429,44.992764,151.62416,105.07071,5
180.42186,120.7241,155.91525,132.0085,5
153.79239,137.31967,153.75755,46.205666,2
108.18866,91.0513,151.86485,191.54596,2
191.124,145.98158,155.58527,208.79803,2
115.37853,82.8333,152.18994,170.67685,2
192.29915,22.813568,152.54431,189.13014,2
46.916946,98.02569,151.81764,178.231,2
95.083405,14.921816,153.02475,123.21395,5
124.77771,69.33854,151.36105,197.78197,2
63.7426,16.715988,152.13329,89.36566,2
47.304264,46.2751,152.26501,54.564297,5
28.891945,79.331474,151.22011,154.60977,2
127.911804,100.94741,152.96054,194.79176,2
23.555508,95.14475,150.89487,175.07462,2
41.161312,132.56631,152.41327,82.688614,5
51.344532,87.02478,152.32405,80.20292,5
197.69592,149.78448,155.88618,80.67024,2
42.091724,51.70954,153.26411,80.60409,5
104.68529,57.183487,151.44136,84.98012,2
21.68564,29.741167,151.15724,105.961296,2
126.79464,120.28508,154.02824,107.682144,5
72.84504,51.392056,152.33327,118.80298,5
49.228153,148.93452,150.33446,177.38971,2
13.216265,7.250371,149.92638,128.06047,5
79.68965,31.584745,152.31491,177.13556,2
135.34787,62.23865,150.58916,106.01397,2
195.94347,78.42186,152.48387,161.85565,2
68.46605,71.27235,152.02498,151.14796,2
140.79399,24.691614,153.26648,99.53876,5
186.51437,127.043915,156.06151,72.811295,5
59.61903,100.297066,151.87376,166.73532,2
48.7655,45.17407,150.93953,191.45448,2
179.45601,95.541534,153.25464,137.4883,2
174.63622,53.38049,151.95892,203.98936,2
57.632324,56.48603,151.66776,206.3794,2
144.87506,127.28761,153.56671,202.40346,2
21.45484,73.44834,151.43279,96.48796,5
66.57705,136.71062,151.2175,132.83765,2
112.24348,4.8972073,152.36246,103.93901,2
146.495,128.48514,153.61594,33.308628,2
55.979916,79.55425,152.06487,208.00063,2
61.861267,141.23497,150.74173,170.56763,2
65.09358,59.49901,151.92688,95.26212,2
3.5208726,101.710526,150.38449,68.44855,2
48.706684,49.51391,151.71822,105.68653,5
50.69599,120.94952,152.88126,57.106617,5
158.97575,98.82682,153.91776,95.59911,2
109.16764,34.45494,152.73396,174.44547,2
72.67147,124.06931,152.85603,109.794876,5
152.54099,102.97263,155.45065,71.719666,5
66.539116,72.86774,152.06439,188.14531,2
103.50135,48.094162,152.24156,70.121445,5
168.7366,63.62368,150.89897,185.41779,2
186.26355,23.233265,152.37575,179.27686,2
12.997298,105.650696,152.20352,101.4095,5
194.8433,0.44235873,151.73691,188.19281,2
37.595882,54.818066,153.20497,95.43308,5
79.353035,23.598127,152.50166,89.29978,2
79.90929,106.844696,151.54239,189.86526,2
176.1249,123.90551,154.32486,185.25304,2
68.91838,132.92014,152.49428,73.31575,5
179.78006,48.018528,152.4507,177.31017,2
158.98358,96.939476,153.66792,175.36613,2
105.51126,106.04492,151.8488,179.64261,2
105.05005,134.31436,152.40967,116.76418,2
151.44023,28.421415,151.9731,96.23042,5
0.068340704,78.851364,150.23117,177.4265,2
111.13676,30.115517,153.20766,74.74924,5
101.907326,57.92615,150.78996,211.87746,2
137.94254,140.4989,153.11089,142.31107,2
95.61467,105.98885,151.56696,178.39838,2
61.49479,86.13083,152.00668,161.13469,2
43.38829,10.393647,152.04361,110.10631,5
159.84058,48.128365,152.64375,120.834526,5
165.69342,145.86891,154.6263,98.56744,2
198.82735,76.63011,152.29654,194.98518,2
58.8907,15.29757,151.7201,195.36632,2
183.41338,93.22588,154.06474,110.047386,5
77.404274,133.76779,151.49922,108.96293,2
27.82174,109.467865,151.51599,65.482414,5
99.586006,149.90825,152.52782,204.63852,2
7.0121474,72.86852,152.19284,101.7377,5
95.68674,126.343414,153.0906,42.64857,5
147.82901,61.624195,150.69727,181.03319,2
159.22603,51.390976,151.63597,163.7369,2
25.626493,145.70763,150.97177,157.28401,2
74.25817,55.744907,151.56474,76.38304,2
147.63013,74.83112,152.27164,145.20387,2
104.864845,21.393087,154.13675,100.18683,5
198.72884,48.357807,152.81627,163.40474,2
26.96434,110.30089,151.08092,110.87453,2
44.403496,123.80077,151.0136,200.40926,2
40.233387,44.892673,151.15378,183.52408,2
147.92068,119.190765,153.68286,176.88763,2
116.70103,122.244064,152.56332,192.22775,2
129.57867,101.55483,153.02937,121.78276,2
106.30225,149.7599,152.8774,83.86278,2
63.69192,95.68546,151.92818,181.80563,2
152.81172,72.206726,151.79929,171.84909,2
89.25497,131.67366,151.83185,191.73279,2
151.61542,127.747986,153.95084,47.319122,2
134.86023,20.770973,151.75601,95.24094,2
145.80365,22.588678,151.4837,102.0549,2
96.539024,7.738429,152.47797,97.077614,2
2.3252559,21.189743,150.69676,148.03023,2
199.33026,124.793526,154.71466,193.13956,2
126.52758,17.827885,151.86111,168.3557,2
73.02014,79.6103,152.05978,71.35843,2
95.63065,28.487,152.91,161.41277,2
51.909187,6.1496916,152.62132,88.070816,5
56.161644,89.88071,152.10011,184.1141,2
175.84537,11.447677,151.7816,203.74303,2
96.12553,56.249363,150.846,36.924843,2
14.8275175,68.36431,150.8361,54.441193,2
112.35505,80.98343,152.07979,183.75151,2
177.33673,60.172207,152.0691,30.27488,5
55.407967,74.92081,152.31635,72.61513,5
24.571152,108.165634,150.85666,197.9667,2
86.99907,43.343758,152.22699,128.55698,5
131.15402,55.424084,151.59314,95.37065,5
45.52495,103.560234,151.64134,195.17038,2
134.83243,23.104982,151.65411,54.39264,2
63.915627,141.98361,150.79726,169.88213,2
181.98549,80.76846,152.57559,203.60529,2
172.85121,148.5014,154.91771,178.15248,2
198.91606,66.93728,152.9259,76.533844,5
3.1718721,145.49467,151.62811,198.98918,2
21.046663,128.45224,150.93645,183.8679,2
155.6229,21.362783,151.31989,204.70105,2
140.14252,0.48613188,153.19913,109.028496,5
111.60098,25.664167,152.556,198.3714,2
98.94552,30.442734,154.35526,76.88212,5
45.637383,82.65599,152.26909,93.35192,5
199.38474,43.542915,152.96785,161.89319,2
70.37418,119.47271,151.42332,194.70961,2
170.24167,86.74015,153.13127,196.3481,2
113.87342,108.75457,152.15645,164.0346,2
121.627655,147.99199,152.926,185.69199,2
4.383612,25.537937,150.90596,159.31369,2
73.1489,120.2819,151.38927,168.71248,2
159.42188,72.58726,153.41199,82.46854,5
162.69348,26.491228,151.53767,137.89633,2
183.65312,98.7093,153.37437,90.41289,2
73.873505,97.17864,152.82675,73.75964,5
148.79178,53.064533,151.37064,57.712227,2
40.11447,50.558475,151.27742,157.23555,2
78.71827,121.64255,151.47531,204.20992,2
86.371765,118.50937,151.50342,162.2964,2
76.25915,76.75117,151.90019,177.93214,2
198.37761,3.629404,151.9422,187.54434,2
59.116936,71.54836,152.00072,185.33156,2
133.3439,84.80259,154.7996,91.3312,5
63.036476,134.02007,150.91391,78.03387,2
145.41132,78.67182,152.88187,170.46555,2
74.04022,70.82077,152.01051,79.4908,2
41.05197,1.01306,151.65552,185.76357,2
13.742778,105.36611,151.58286,97.85116,5
2.497459,116.08487,150.65643,169.60107,2
152.8901,61.09218,150.78357,213.3047,2
194.70346,148.7407,155.73203,146.59232,2
162.34662,104.54846,153.77852,172.57881,2
176.666,105.08886,153.6264,181.53522,2
193.24234,105.18884,154.61609,62.534695,5
13.470518,72.9181,152.42706,104.99954,5
76.6873,50.45652,150.74814,194.55237,2
29.458067,106.34789,151.01543,171.40263,2
69.23289,59.363808,151.75887,186.00923,2
82.949554,75.9055,151.84068,198.26828,2
57.227425,140.35118,150.62715,108.43758,2
107.249344,125.020134,152.30643,99.57533,2
11.700329,46.202206,151.16597,182.24768,2
108.42722,97.63703,152.01315,119.942444,2
148.47784,134.91597,153.90292,121.21552,5
3.1131945,28.40254,150.95407,172.79759,2
88.648796,147.65053,153.91556,140.76718,5
70.69867,28.024849,151.9049,182.09322,2
102.462456,80.89447,151.77083,168.92606,2
35.34412,69.79437,151.48122,165.66646,2
71.347694,1.4702997,152.23138,208.87318,2
167.05833,103.17183,153.7197,192.00487,2
135.46976,2.5001974,151.73343,124.58794,2
161.19621,72.63944,151.73363,194.77199,2
72.355606,50.213627,150.89993,70.14556,2
106.26106,32.331913,152.84227,173.32655,2
21.416431,23.819674,150.37001,162.21516,2
157.97389,50.71894,151.75783,92.86628,2
134.83363,77.555626,152.559,174.16882,2
129.8298,1.2256255,152.82372,71.45872,5
115.29257,69.88423,151.52458,149.6134,2
56.21276,95.28863,151.97958,189.12613,2
180.31998,84.89364,154.52512,117.646736,5
160.69685,83.26981,153.13747,104.45397,2
190.93835,43.076,152.8259,166.29193,2
178.20412,5.99751,151.95271,98.95963,5
168.3049,145.76387,154.71945,85.63297,2
152.08148,17.316422,151.26881,171.76932,2
185.06128,104.7466,153.66927,95.79376,2
14.834344,135.20673,152.0416,139.20439,5
167.04721,93.64915,153.4383,167.7449,2
170.25406,24.174856,151.86552,197.93474,2
116.52187,69.73276,151.53531,142.41896,2
114.72182,108.159515,152.24467,203.8591,2
8.335307,55.1934,152.04489,89.65319,5
187.73715,86.12212,152.90488,197.39217,2
138.7452,29.859268,151.4378,196.45442,2
110.85382,147.38664,154.02904,58.629505,5
111.70491,104.1646,152.01512,167.45496,2
43.789246,24.499683,151.3114,74.40058,5
92.86098,108.563,153.03595,81.744026,5
77.87264,98.904594,151.61671,192.93073,2
6.255369,61.87877,150.69765,172.35344,2
63.803875,48.501034,150.8263,156.74585,2
71.98004,131.67076,151.28516,192.82101,2
3.1771512,60.55681,150.66402,185.77576,2
97.36199,77.336235,151.81728,153.33653,2
2.1128314,41.2883,150.95938,80.98916,2
4.644511,1.623878,148.54027,225.4197,2
56.094696,11.989104,152.16695,99.02434,5
53.12504,68.27624,151.91809,83.48299,2
180.48886,116.11223,154.1357,21.118406,2
105.039795,101.331345,151.80577,71.06399,2
15.317676,121.88758,150.86139,88.95419,2
119.03846,40.063972,152.2797,211.83514,2
148.67812,38.01944,151.48268,193.58873,2
15.36864,78.23575,151.6101,87.060234,5
153.67587,94.93434,153.69435,165.8832,2
54.058205,55.51212,151.64198,220.88632,2
149.47838,80.10397,152.95789,187.92105,2
92.34162,107.28991,151.45107,179.47218,2
182.87282,67.845985,151.10933,115.38378,2
193.34154,130.97263,154.94235,188.45154,2
106.37127,38.441772,152.67596,50.85734,2
186.65147,148.62192,155.52936,183.45598,2
116.33162,111.7809,154.2078,97.35934,5
82.6212,107.89924,151.48904,217.78474,2
67.09141,111.097496,151.61636,180.596,2
187.89256,111.35547,155.09004,46.78614,5
183.29884,144.49763,157.03514,95.291275,5
59.769215,51.14886,152.04727,96.57906,5
70.55288,39.509872,150.55899,180.87854,2
134.26115,120.86768,153.30386,161.13518,2
53.189964,63.370796,151.83142,164.07414,2
128.87883,109.73876,153.02022,212.97037,2
17.211803,38.207626,151.34169,103.68318,2
85.669815,96.20068,151.53163,225.29997,2
76.35678,4.118706,152.33128,149.87909,2
1.4920826,148.97145,151.70706,164.51944,2
13.800406,113.38235,150.66194,79.979904,2
20.400326,48.166847,151.24486,220.26173,2
25.47515,139.76057,151.29027,110.4262,5
16.653452,79.1568,151.96684,95.65821,5
4.6771092,22.115421,152.00696,98.64418,5
102.132126,9.271807,152.55144,160.57257,2
147.38823,114.25766,154.80602,127.601036,5
186.30429,126.56806,154.60426,156.80504,2
50.076946,79.99584,152.1094,88.49491,2
140.34703,94.395294,153.48227,186.71007,2
137.05359,52.165134,151.33214,169.1136,2
121.283806,28.450275,152.2028,193.8687,2
34.916843,61.126038,151.40523,224.8183,2
4.958386,142.46906,151.47803,157.23732,2
93.71212,115.59922,151.8505,76.22023,2
77.716255,29.351612,152.34589,165.97107,2
146.0112,70.97069,151.56544,175.6126,2
82.0511,82.728745,151.8286,106.358086,2
20.505177,3.573368,151.90959,107.43074,5
44.820656,130.60056,151.14163,101.712654,5
38.313023,127.45742,150.92964,196.18465,2
20.264109,61.96481,151.0796,68.35699,2
21.61378,51.345478,152.53308,85.7602,5
64.01101,129.68365,152.8618,110.63118,5
152.7656,49.75251,151.56015,144.76755,2
59.898865,57.27628,151.72084,165.35034,2
122.1546,107.87395,152.69565,183.20383,2
157.27722,95.27763,153.67146,141.75835,2
158.50778,0.96424115,152.96718,97.02361,5
160.1447,119.30543,154.03632,208.81308,2
38.293877,42.12374,151.97989,140.36937,5
67.72767,20.710224,152.04472,138.577,2
50.17812,145.77774,150.44275,58.470463,2
41.640324,56.35557,151.4905,97.7881,2
121.364395,54.58405,150.96036,150.06207,2
118.247025,96.048294,152.35095,222.83841,2
191.95683,80.00753,152.49335,162.33887,2
54.828224,21.883795,151.12938,194.75687,2
33.84724,54.054634,151.41226,191.60353,2
124.34488,29.165121,152.16257,89.815674,2
188.80885,106.45213,153.57132,180.62279,2
66.18326,125.017334,151.26003,171.28656,2
109.806274,127.26309,153.53703,152.36311,5
139.40463,71.18672,151.68596,192.62825,2
95.680984,0.30931884,153.37856,104.44956,5
59.048275,76.26424,153.11546,83.053276,5
108.235176,68.2833,151.49216,165.81737,2
121.44743,77.94831,152.54962,67.766655,5
74.7833,75.22476,152.87964,107.65734,5
154.9584,127.00805,153.8464,169.3106,2
142.19672,64.65758,150.8333,104.731,2
21.736628,130.39653,150.99287,153.63647,2
27.911364,26.175646,150.14853,102.99858,2
61.84424,123.797646,152.88676,26.679714,5
47.914516,143.20374,150.45595,194.97815,2
105.07234,5.2883067,152.41652,108.99436,2
21.710213,104.355,150.79039,182.99596,2
27.82824,40.691193,151.24104,167.17813,2
183.46051,29.759016,152.61203,55.40855,2
108.5134,89.73258,151.90819,71.91997,2
166.23859,77.063225,152.32106,119.44785,2
60.396015,112.40043,152.18297,92.77603,5
50.80867,45.71832,152.75961,75.763145,5
167.67369,92.10626,153.39963,184.76405,2
115.07189,123.94085,152.47867,172.52844,2
85.97115,135.23903,151.77966,159.5218,2
51.753593,64.99085,151.80482,180.23997,2
67.98078,105.61466,151.6998,167.60506,2
144.08452,50.300262,151.43195,143.15407,2
158.54832,128.5472,153.99933,91.1508,2
72.63678,70.15207,152.03491,171.41231,2
25.187195,82.32996,151.8519,133.90414,5
62.24518,113.66004,151.51419,193.85307,2
113.85985,147.79436,152.81813,189.34769,2
20.92302,3.542687,151.9225,73.22251,5
9.45554,41.02226,151.18484,222.32553,2
70.465324,137.84315,151.25182,142.16957,2
194.72559,78.60271,154.23592,81.079666,5
163.39334,52.613323,152.06067,60.79712,5
55.433605,95.06999,152.0373,62.034107,2
139.8715,34.541363,152.03589,73.3194,5
162.37836,86.005486,153.28465,201.86069,2
161.43385,29.237892,151.5575,192.9683,2
191.98471,120.11467,154.3345,149.51868,2
192.74886,74.088936,151.81569,235.61284,2
84.7367,65.87004,152.2348,79.41298,5
180.63022,71.95914,151.46727,161.17467,2
78.81439,2.7334938,152.33331,176.08691,2
123.95773,72.367744,153.32419,85.192535,5
163.62418,140.29884,154.25357,183.25766,2
33.935,17.42862,149.89473,95.42171,2
131.54192,40.231884,152.80331,100.662994,5
86.83962,114.78108,151.48746,188.64148,2
21.541374,27.927675,152.42003,89.73026,5
123.859985,137.62428,153.00714,82.216034,2
146.8673,120.70428,155.29648,113.54327,5
71.84502,55.020916,152.98598,53.7256,5
116.14468,105.22292,153.3113,104.6066,5
101.33527,94.284454,151.62701,178.71786,2
20.257952,23.43864,150.55374,84.410774,2
163.12723,99.50743,153.74002,154.39116,2
96.121826,3.2347033,152.35109,162.65437,2
167.75133,90.59623,153.39682,184.60641,2
0.21483436,58.508907,150.58202,199.24655,2
16.247608,16.45885,150.13425,81.47831,5
51.598663,121.946655,151.17007,102.46516,2
174.51108,33.605106,154.01204,131.35796,5
136.17616,57.02546,150.79056,187.43933,2
55.956875,44.967556,151.01302,124.224945,5
13.618327,51.114574,151.09883,186.08461,2
88.72692,17.293194,152.76477,208.90343,2
16.502108,42.294426,151.32057,173.55334,2
59.795856,79.18095,153.32855,59.58772,5
176.59088,21.367863,153.2231,71.9082,5
158.27545,96.06363,153.75403,209.76169,2
171.66664,148.91666,154.84871,178.66809,2
95.70197,22.426155,153.53043,82.42509,5
110.67222,120.27777,153.21468,85.95988,5
59.193077,123.329704,151.21751,207.084,2
113.16509,1.8648597,152.23616,69.50405,2
41.425106,50.604618,151.45369,46.812164,2
1.3034956,38.44967,150.89798,203.0468,2
144.67651,48.484795,151.56432,200.36314,2
126.083015,51.35476,151.37239,159.20692,2
120.24103,76.11444,153.47014,74.642845,5
47.191475,74.13358,151.84651,84.73403,2
199.96887,26.577854,152.72076,205.51616,2
89.17619,106.97352,151.4789,79.71684,2
194.83055,18.241365,153.411,90.00927,5
149.31715,26.008791,151.33174,80.99039,2
56.787975,52.59561,151.47578,182.36043,2
141.47725,94.262085,153.47646,192.36546,2
79.629196,26.590115,152.55965,113.43056,2
2.6971483,103.74395,150.61276,101.4161,5
164.97153,85.43582,153.20836,207.49005,2
15.391939,14.582227,149.47664,104.3915,2
4.3751388,145.67532,151.60745,179.76845,2
64.83365,126.713295,151.06136,164.89546,2
199.98987,37.770733,153.2034,67.51589,5
190.97273,49.264503,153.60066,74.05629,5
27.046335,122.94664,150.8944,150.23729,2
88.619446,86.023026,151.64384,114.42341,2
26.341473,38.541454,151.26285,153.30092,2
158.10721,123.01967,153.94545,218.58507,2
73.26155,40.10815,152.03497,82.02201,5
40.779247,80.50304,151.87346,78.73634,2
2.8800995,14.384534,150.05357,186.06718,2
190.56078,14.496907,152.21259,195.39053,2
6.008411,140.37239,151.50815,82.1275,2
177.89668,108.19168,153.72241,215.01237,2
88.05211,111.22227,151.46527,146.26308,2
148.8559,77.92811,152.74979,173.83138,2
102.44049,39.86257,152.62154,208.01521,2
90.054405,138.80882,152.02948,172.13934,2
10.743073,2.368547,149.10196,192.39723,2
1.450378,116.325676,150.67964,128.8239,2
46.574566,43.516747,151.2277,113.40188,5
68.1638,20.30997,152.04333,113.599556,2
16.858644,131.204,151.02748,186.3483,2
56.23979,42.206524,151.30869,58.50973,5
74.0115,88.55712,151.83308,173.11453,2
190.74838,25.98289,152.6494,88.317856,2
41.213604,133.03223,150.75662,190.87988,2
195.41682,78.54261,152.41718,150.72404,2
157.53993,62.236755,150.78674,188.9754,2
106.42276,1.0423903,153.65443,81.04761,5
164.68634,47.13598,152.0188,138.41043,2
142.67564,116.91133,153.98232,63.487225,5
78.98153,95.47754,151.56467,211.15826,2
98.19092,43.315002,152.16039,182.23978,2
59.656975,147.6543,152.4117,54.211395,5
67.28557,20.844395,151.94887,196.89177,2
10.440997,124.09476,150.88557,175.87903,2
34.291935,96.090294,151.36763,210.09209,2
143.35034,2.84774,151.96275,70.286934,5
114.05574,19.041555,154.1154,44.756706,5
20.457958,26.535213,150.784,215.13588,2
76.46298,128.53185,151.41495,183.39041,2
138.11298,140.25905,153.17459,104.64283,2
84.63032,55.483364,151.45586,31.45643,5
162.2786,73.779816,152.01547,84.99511,2
158.05084,74.411476,152.04745,212.51208,2
50.30923,118.39613,151.32645,179.9329,2
154.44023,109.11858,153.8846,181.87137,2
85.23273,57.221672,151.27083,166.68243,2
122.8173,104.22235,152.69177,125.632744,2
80.25353,57.94593,151.46559,180.42978,2
46.1606,79.36633,152.47252,85.3161,5
39.122547,4.5937467,151.53433,171.86407,2
4.5965776,2.66563,148.49158,173.98721,2
75.14385,22.47205,152.85776,101.551956,5
20.79063,115.765884,150.8734,169.83102,2
192.4968,120.91309,154.35945,182.30794,2
52.681103,90.78555,152.05292,182.56412,2
110.672386,88.84622,152.03099,74.54398,2
145.89902,2.0690548,151.59093,188.11153,2
155.71686,77.162674,152.63893,81.10953,2
162.33626,142.9498,154.23326,167.53625,2
142.59602,6.59861,151.47252,193.54279,2
198.43259,51.005737,153.38525,54.327755,5
196.11743,60.098133,152.1291,112.295525,5
181.78403,43.934093,152.60622,104.10816,2
35.73781,75.8634,153.02904,122.06177,5
45.633667,122.21421,151.08253,76.790306,2
195.74156,3.749963,153.60762,104.52484,5
103.89901,146.8434,152.68842,156.8104,2
11.608211,92.73001,150.34656,194.61493,2
47.613743,128.99706,150.90685,190.70523,2
23.411804,65.80506,151.09265,185.84677,2
165.82578,26.01497,151.65869,70.70299,2
83.99949,147.18454,152.78014,68.70782,5
22.930956,25.801113,150.59998,129.61617,2
174.67459,96.712265,153.36316,162.87387,2
175.91035,55.595825,152.01248,90.2848,5
76.09055,119.591125,151.43433,168.14752,2
11.751966,104.99818,150.39995,250.37271,2
0.41125593,104.60198,150.31429,67.1509,2
179.83493,29.793766,152.31892,156.20683,2
124.60159,141.98071,152.8955,128.11783,2
120.258,147.21425,153.83371,99.04869,5
105.90258,123.90111,152.15262,185.14693,2
198.39844,141.52487,155.4516,203.38123,2
58.551567,116.460526,151.42717,68.909546,2
31.747711,103.532234,151.1881,178.09364,2
63.139507,31.385357,151.41898,124.56989,5
5.530755,33.36126,152.2969,62.73308,5
102.97314,42.390945,153.67033,123.3128,5
176.27667,125.74008,154.37526,170.9568,2
13.264705,23.666208,150.9147,89.81466,2
132.33226,0.8067482,151.76851,221.36053,2
84.71954,79.19492,152.96559,113.55105,5
70.46932,111.10587,151.55586,157.33604,2
4.474999,80.83907,150.25981,196.90474,2
197.49197,54.857567,154.09633,91.43316,5
96.12153,0.7973297,154.03722,68.447945,5
80.486824,33.762623,152.21385,143.38766,2
160.68402,84.43512,153.22742,154.70947,2
16.97169,3.7562077,149.72272,162.80775,2
156.01692,77.20024,152.591,189.06645,2
144.13194,123.84897,153.54715,201.57866,2
185.06374,47.08078,152.72755,85.773766,2
162.77902,63.359985,152.18556,88.0281,5
55.642273,78.01836,152.47636,89.00901,5
133.48949,29.111086,151.66257,167.02187,2
51.540012,30.087801,150.3175,97.29015,5
141.44395,96.84684,155.2103,58.65503,5
32.50527,69.639366,151.37437,195.05086,2
132.11299,122.154335,153.12544,165.8489,2
86.2125,65.355934,151.82,106.99932,2
184.09795,22.47409,152.3425,130.09053,2
194.09018,93.501785,153.21982,177.20802,2
137.90398,53.611233,151.19061,119.524765,2
100.988434,92.88407,151.57936,199.53598,2
158.86554,15.835402,151.45297,175.6048,2
198.12892,140.09612,155.45537,165.56342,2
35.192337,70.68569,151.49239,180.93497,2
168.27832,105.23686,153.72375,225.68678,2
136.3625,19.499104,151.84457,98.40455,5
177.6786,78.92947,152.43863,192.10593,2
195.26424,55.894405,152.23967,68.90649,2
149.41043,42.62588,153.29568,74.7799,5
86.14165,140.03331,151.85284,76.394295,2
123.67029,48.954018,151.62842,161.41652,2
132.94203,72.908485,151.91629,151.81276,2
169.75671,18.960556,151.70413,188.12401,2
187.10553,42.56853,152.72829,188.69504,2
36.59832,78.92633,153.34251,122.06625,5
182.5836,105.87364,153.56358,196.97964,2
166.20238,87.385635,153.23286,180.68571,2
51.78708,77.43871,152.08278,98.848206,2
10.497468,18.312069,150.30742,169.88495,2
107.30342,144.50938,154.2686,98.68578,5
32.26153,1.5126489,151.31825,167.38417,2
78.23321,104.53572,151.5741,177.67795,2
47.871845,110.68796,151.57239,84.87074,2
131.27298,7.416062,151.71388,177.98785,2
138.34193,129.16872,153.31717,198.91672,2
145.31847,76.40213,152.54677,143.36781,2
29.344473,54.871628,151.23439,157.47247,2
141.05157,50.34917,151.47414,52.08094,2
198.95078,97.749054,153.52002,203.45944,2
140.95981,50.904045,151.39523,186.2971,2
130.15616,105.90273,154.73671,106.32771,5
146.24246,4.470768,152.17145,93.72833,5
182.68558,72.2444,151.5024,219.68343,2
138.35764,38.67118,151.69885,114.50396,2
109.11321,146.39041,152.75041,70.41514,2
40.72431,91.309006,151.68729,159.16345,2
105.16561,145.18777,152.69136,226.38239,2
2.0052912,44.416435,150.86996,167.77945,2
133.04283,73.465675,152.05505,176.84808,2
55.60544,31.209959,151.19588,50.198486,5
23.263502,124.25719,151.8841,68.70217,5
61.56695,131.67642,150.94832,161.45728,2
11.126214,119.75377,150.80617,91.307106,2
190.0069,6.3693295,151.86667,198.34422,2
51.37791,28.11243,151.20135,126.75151,5
67.57545,97.77247,152.06262,69.46488,2
73.53176,65.77638,151.96686,186.13124,2
12.459737,122.15642,150.85619,200.43695,2
153.69954,76.46536,152.51277,182.1248,2
22.749586,44.617313,151.41107,109.95586,2
130.54893,6.1195054,151.75766,177.13326,2
130.96918,30.619265,153.58221,96.41931,5
6.385068,75.936264,150.3798,200.95341,2
180.86667,117.95889,155.88757,77.75304,5
99.51212,58.470848,151.38182,136.61671,5
46.02272,98.529625,151.78372,172.07108,2
79.82434,75.24876,151.8886,169.29767,2
117.75389,22.997406,152.30049,194.28746,2
92.29891,65.42788,151.77948,74.80531,2
1.487656,14.103028,150.09142,98.019745,2
24.653858,97.79408,150.90338,165.68011,2
194.39978,41.827435,152.89168,188.20552,2
185.82237,77.63621,152.2567,172.06943,2
117.6318,113.07344,152.45683,185.37328,2
111.66962,114.17776,153.02379,100.613846,5
169.59099,105.550934,155.37083,77.95563,5
158.02847,131.28148,153.9372,76.95725,2
75.034485,125.24863,151.36803,169.63268,2
21.719301,76.48875,150.92125,164.20633,2
24.49168,101.14535,150.889,96.02199,2
164.51,105.166245,154.54073,145.99947,5
5.006596,59.59809,150.73601,86.419014,2
144.4078,3.7851033,153.38786,103.20226,5
110.60394,120.192726,153.08067,100.14896,5
10.805719,145.46005,151.48268,175.64964,2
177.52344,68.251625,151.06534,198.04457,2
140.0029,88.173386,153.37038,226.4715,2
112.20162,68.839455,151.47374,175.76837,2
106.06222,67.96228,151.53238,168.74136,2
148.5748,28.608902,151.28262,185.78583,2
23.067245,52.704597,151.24835,208.77942,2
77.93187,120.676025,151.48453,227.44412,2
29.693888,68.03308,151.2479,176.24088,2
20.25574,4.168934,150.13823,188.29985,2
40.93282,54.158596,152.26436,118.11026,5
32.734222,4.521226,151.60901,86.175735,5
66.26158,88.92412,152.07059,104.349304,2
9.780136,4.8982267,148.95667,88.64471,2
80.34484,105.23644,152.5644,60.81475,5
70.929756,93.96783,151.75252,184.4015,2
24.192879,22.476639,149.93182,146.99567,2
181.26195,18.77527,152.13388,107.928246,2
107.40134,9.4729,152.49834,165.38374,2
42.8573,76.365265,151.83412,165.90854,2
138.2597,77.08776,152.54279,185.26791,2
114.793236,55.662815,151.0514,68.98278,5
66.11936,17.485212,152.14447,80.73249,2
157.88515,50.462704,151.69106,42.808624,2
72.391266,52.873203,151.1117,201.24997,2
189.22269,103.831535,153.55692,165.09325,2
126.7311,143.59317,152.91022,202.89975,2
132.20807,32.85962,151.66603,174.6917,2
42.536747,3.3858702,151.61989,187.55373,2
84.26202,56.28401,151.16754,94.06887,2
30.34868,126.67171,150.95822,149.94598,2
142.82193,145.56723,153.63885,80.700714,5
122.8554,45.333313,153.1448,94.52012,5
198.99742,80.269,152.65343,201.15305,2
50.690323,8.130199,151.71472,96.34604,2
181.7926,23.57376,152.19344,183.47717,2
89.17751,14.773168,152.68233,174.8738,2
78.34935,63.741146,151.92224,180.51772,2
117.69374,49.062782,151.66843,188.1605,2
19.052937,89.09966,150.66817,80.160675,2
34.901146,61.86368,151.47137,147.4131,2
46.239044,25.031155,151.47562,78.35186,5
156.25507,24.722256,151.33568,181.5121,2
158.42664,25.081423,151.37814,203.40234,2
181.61098,74.215385,151.76979,218.50839,2
93.449066,68.87162,151.79501,164.95255,2
64.37155,97.46106,152.4675,135.95111,5
128.77084,119.03751,153.0288,172.14897,2
77.729294,76.27782,151.89711,197.0008,2
141.77531,48.737064,153.39336,97.25529,5
95.22331,53.03561,150.7937,131.44827,2
65.58613,26.284277,151.58986,167.20566,2
122.69554,130.09637,154.2149,104.435005,5
127.06415,137.16881,152.87808,80.49611,2
155.82898,56.1206,151.27022,212.45193,2
139.14523,135.92416,153.21042,203.39359,2
47.13159,4.716633,151.73083,175.51021,2
142.86046,127.323105,153.4732,167.36249,2
7.777598,4.8186607,148.70586,147.24722,2
159.42125,6.1057725,151.45619,182.53593,2
149.08833,52.843998,151.354,151.7204,2
116.622826,25.476189,152.8391,71.69232,5
38.76141,37.684937,150.674,184.76938,2
111.1942,9.661855,154.0585,107.82201,5
77.43285,96.50793,151.5955,178.00609,2
82.25999,95.170815,151.66808,92.271286,2
154.61548,120.36155,155.09857,86.75695,5
51.95127,133.1859,151.93773,87.48761,5
103.514984,7.1532507,152.45244,182.61504,2
42.815216,74.434685,151.77567,207.67235,2
111.9376,97.64938,152.38626,81.38836,5
151.25244,100.51053,153.77545,166.53885,2
128.76715,54.618813,151.04564,190.2996,2
144.07776,147.84242,155.01178,102.358215,5
147.75087,98.17968,153.77069,170.02405,2
45.798157,127.1136,152.30634,110.35705,5
191.85614,107.6676,153.71623,172.2843,2
14.860238,91.46681,151.11896,127.545334,5
0.52727306,48.696976,152.48372,90.65952,5
39.941387,67.128296,151.63303,182.47754,2
93.217995,135.3611,152.01175,132.80551,2
80.557724,91.713524,151.60762,172.3207,2
175.361,97.65951,153.42166,194.95656,2
169.89227,45.112656,152.17575,185.1942,2
102.62832,3.7214324,154.16795,82.07861,5
195.84677,101.68901,153.65358,97.99258,2
180.3928,24.12653,152.22867,172.54002,2
6.5390325,82.067245,151.67368,57.9524,5
103.82652,122.03521,152.07141,58.600597,2
138.09189,56.132774,151.13269,101.03137,2
54.491768,27.164984,151.2092,91.70127,5
57.36771,71.310074,151.98639,188.9178,2
98.85195,3.526091,153.96846,78.28593,5
138.8648,81.49565,154.57811,53.22417,5
55.80058,75.36416,152.05687,184.1028,2
102.29098,74.05471,151.98044,71.46588,2
139.83403,50.575752,151.49603,164.29837,2
115.07978,73.82687,151.8793,173.55116,2
82.98368,75.64552,151.90257,168.4262,2
147.4185,26.242825,151.3996,92.36159,2
133.49295,145.18764,153.0223,148.28865,2
105.47341,118.13454,153.32428,101.239174,5
191.90999,145.9187,155.64207,105.84339,2
82.40606,91.894196,151.6202,124.482635,2
65.21517,48.250206,151.79486,66.54138,5
17.969614,139.75568,151.28123,63.338436,2
141.3227,60.459423,152.34875,68.82062,5
125.27792,119.97906,152.8678,196.45758,2
197.08372,148.23932,155.76407,230.09839,2
117.67615,25.41136,153.06053,61.815434,5
173.21646,79.79613,152.67491,109.46744,2
15.897358,107.73315,150.59853,97.406265,2
178.39687,13.939558,151.91878,79.902466,2
113.60343,142.36943,153.59756,68.197174,5
106.48481,14.906831,152.7727,118.46402,2
98.63705,47.12228,151.57872,91.86268,2
155.72046,120.18687,154.74751,91.86558,5
146.88208,30.832645,151.33287,196.61964,2
65.203224,108.387184,151.61917,159.52107,2
186.5242,101.52383,153.36339,171.56236,2
149.89978,110.86075,153.99202,62.642574,2
90.45744,24.811064,152.83057,193.41846,2
88.48045,90.90337,151.48602,151.7245,2
22.220776,79.08421,152.18773,79.863174,5
163.6351,123.72646,155.81673,106.98056,5
20.021545,77.72191,150.84729,65.11807,2
199.82124,72.07491,152.34743,85.87998,5
183.62135,46.324646,152.59401,171.00406,2
59.87745,61.23784,152.82983,73.02907,5
73.11402,115.209755,151.46825,173.69559,2
47.807896,88.283035,151.91493,150.58264,2
135.80536,16.542198,151.83607,99.42903,5
6.875596,115.3836,150.58646,171.92497,2
82.534035,39.03097,152.12228,89.5268,5
192.61661,53.009346,152.39325,169.03223,2
141.7758,144.30829,153.24768,170.15015,2
15.497665,142.64116,151.3161,206.04543,2
127.13019,74.11695,152.08804,168.50754,2
142.26949,100.333046,154.53537,100.11352,5
16.584528,116.727646,150.93163,85.76669,2
151.24265,101.752625,153.77412,108.16237,2
196.7793,0.94731766,153.36163,85.45389,5
110.61307,57.21924,151.39435,88.372246,5
179.28554,60.885395,152.91621,106.045166,5
152.33171,78.67066,154.6134,57.34456,5
149.12546,43.134262,151.5391,196.80089,2
60.659233,124.09439,151.11008,158.99353,2
5.7455225,97.608055,150.25554,214.73216,2
150.88995,48.57443,151.62312,174.20183,2
142.24756,7.601868,151.78542,100.06368,5
189.4816,70.20942,152.41853,112.54241,5
29.653658,34.680107,151.23138,46.141754,2
95.11513,37.754677,152.67848,110.07573,2
10.545485,138.80835,151.34932,167.2701,2
87.16314,50.24001,150.76213,182.02386,2
173.6208,95.17578,153.40402,196.0133,2
187.67897,127.99082,154.72375,151.86325,2
172.25938,26.083567,151.95825,171.22093,2
191.8185,104.71369,153.59424,191.6538,2
100.9403,132.64742,152.27922,182.71309,2
150.9523,62.55698,150.73047,143.439,2
151.76062,45.866367,153.3308,134.16628,5
107.415474,0.69956464,154.03265,48.001198,5
44.589375,97.0488,153.20586,72.64626,5
66.43537,18.636896,153.70197,124.2408,5
131.8301,37.42744,152.39893,88.52221,5
197.68114,124.66229,154.66881,184.06816,2
98.924484,3.028326,152.81543,88.232666,5
195.21141,4.0224395,153.55386,71.80303,5
26.519678,122.01388,150.94202,123.16426,2
42.664314,49.702984,151.34976,202.10063,2
188.0324,98.57454,153.29346,109.11896,2
56.570835,118.13913,151.34955,206.18663,2
185.17216,69.26237,152.19606,91.500626,5
133.07365,3.8423386,153.56325,72.58966,5
101.83015,137.00082,152.44893,154.30016,2
9.439612,139.56502,151.37067,151.28886,2
121.8762,37.872955,152.29337,112.05185,2
63.386345,35.09806,150.22736,191.69104,2
152.24358,40.977463,151.60162,99.953285,2
177.97249,68.95783,151.39954,60.483185,5
82.69975,132.63806,153.25217,133.3587,5
180.38225,20.632635,152.14188,122.26844,2
77.16251,1.3682879,153.0525,101.21072,5
0.65800786,80.76765,150.17676,238.74973,2
15.858592,20.312801,150.30817,93.13677,2
144.68486,42.337963,152.88188,70.28524,5
41.68339,22.429926,149.83246,206.71468,2
34.46106,28.399858,149.84952,171.68718,2
144.48569,51.34907,151.42505,192.70535,2
44.4583,89.52769,151.84265,193.10953,2
151.63681,96.59132,155.37943,116.44364,5
124.431564,36.05925,152.06683,189.17299,2
89.21577,1.8390261,152.31888,175.30005,2
161.68207,140.65498,154.1219,178.66328,2
104.93818,27.125145,153.4245,100.86903,5
113.75347,4.6755185,152.31921,119.64716,2
66.08834,45.685974,152.07874,80.9079,5
10.109552,98.10209,150.26572,154.52493,2
79.77647,77.106026,151.95639,142.41916,2
6.758924,86.342476,150.16972,198.0478,2
69.059105,80.569695,151.94794,207.69513,2
76.619865,97.625275,151.97594,130.53883,5
108.89476,97.380356,152.67133,131.69427,5
7.7140064,144.7854,151.56352,178.20923,2
40.460308,49.963017,151.34601,157.27975,2
62.37228,48.99102,150.97807,209.32631,2
131.11969,28.106838,151.72984,135.9344,2
137.7134,76.12617,153.75328,132.29768,5
107.364876,97.85452,151.75081,193.0443,2
88.60873,68.712715,151.88751,167.36864,2
160.0134,59.053482,151.03828,121.24425,2
180.06354,99.81953,153.3776,214.492,2
166.4429,9.205306,151.51468,195.65807,2
46.644566,88.864914,151.89888,178.13783,2
144.03027,137.76062,153.36823,185.73209,2
187.11604,112.10311,155.28413,102.67624,5
63.131344,86.39637,152.03937,87.526794,2
13.085532,103.52526,150.48232,173.1804,2
51.20421,82.16326,152.02658,193.20445,2
90.967926,33.12094,152.7852,203.9665,2
166.73949,69.84013,152.98735,90.28587,5
93.43085,123.99923,153.47043,85.32768,5
16.30718,10.101825,150.63194,98.14056,5
104.12599,95.555275,151.75375,97.357216,2
101.65711,82.73671,151.81895,82.6287,2
143.835,13.990538,151.36497,157.19775,2
80.4469,104.08207,151.5009,68.01676,2
163.89192,66.96785,150.91852,165.97221,2
52.92614,34.323586,149.60889,196.43922,2
71.00798,106.82108,151.76859,119.84854,2
122.61614,17.693668,152.00441,205.08391,2
51.37827,68.73502,151.89044,188.74048,2
123.080795,5.5741377,151.95279,98.87064,2
46.39545,100.48687,151.75703,209.7893,2
91.34838,97.632385,151.43321,181.32268,2
11.958495,45.62658,152.98338,88.23827,5
166.45952,131.83527,154.55148,95.97841,5
185.41614,9.87926,151.92741,175.48595,2
140.28923,129.28484,154.4502,81.63939,5
57.78229,76.46328,152.01663,177.8932,2
30.018322,101.43267,151.11214,182.23177,2
147.46031,145.45517,154.21788,69.26005,5
142.31161,11.59596,151.42188,181.23927,2
96.77782,104.52941,151.4925,164.00198,2
87.075424,81.432014,151.63136,167.9922,2
152.2271,142.2764,154.6067,121.23421,5
140.66441,27.627247,153.23799,76.8731,5
185.1699,106.788536,153.69876,100.93054,2
121.388336,97.99698,152.62073,182.0569,2
147.60088,1.3906403,151.51506,169.23778,2
35.88279,6.1614423,152.06,51.49908,5
43.599106,11.013678,151.29924,127.97056,2
106.37107,104.83334,151.83781,215.56839,2
64.03892,112.77067,151.55261,67.70642,2
78.92612,47.019558,150.6352,82.814644,2
140.79962,3.9765224,153.14249,97.978035,5
63.921173,94.75843,151.98438,186.42154,2
67.846176,95.42029,151.83037,82.9428,2
20.851728,132.22028,151.06575,207.19197,2
190.17136,71.66353,151.47821,181.74998,2
74.1039,28.585777,152.33684,112.64077,2
186.26132,32.793983,152.80266,117.471115,2
99.27495,33.176826,152.86238,185.15274,2
100.64852,24.858227,152.90042,176.9663,2
93.51572,30.337032,152.95113,167.86374,2
101.38621,45.40747,153.21614,69.40533,5
3.1184962,19.861519,150.75311,42.345394,2
183.1552,37.767338,152.57774,175.73877,2
185.61955,64.185905,152.23799,74.83276,5
176.34525,6.707616,151.68121,183.56612,2
97.31768,113.59133,151.64008,174.27097,2
80.14358,69.073715,152.6817,56.571777,5
179.4511,48.866795,152.3937,168.14095,2
128.68896,145.53897,152.95789,146.99727,2
38.83677,102.52745,153.01617,74.08465,5
56.639214,30.769106,150.10829,160.75775,2
50.78916,41.578606,150.42542,207.85208,2
118.822136,55.864132,150.79866,194.56886,2
187.02478,125.072266,154.61613,98.395,2
154.94995,27.240892,151.34845,239.13765,2
126.63135,125.019325,152.92494,99.11926,2
115.852844,11.887815,152.58948,105.86888,5
139.64734,24.718813,151.39977,188.26648,2
104.35447,98.47502,151.68867,199.4238,2
162.47513,4.6904016,151.56049,126.81385,2
13.668281,51.17146,151.88893,107.95947,5
60.41025,0.7737076,152.07645,138.6686,2
21.66726,6.6464524,149.97812,183.25858,2
191.35312,146.62312,155.68387,185.52829,2
69.75334,110.744064,151.54056,193.08926,2
96.61592,50.85987,150.96016,149.31902,2
3.974099,39.016205,151.02145,147.01665,2
39.52643,5.831679,151.6034,96.88882,2
102.97957,105.396614,151.75716,188.5781,2
81.547386,92.27104,151.56062,55.990788,2
100.890396,27.596079,152.86371,126.78813,2
113.258125,16.256535,152.42728,190.82292,2
13.360916,9.202216,150.13403,61.81642,5
24.24135,50.117786,151.29005,110.46178,2
41.772984,93.83299,151.6266,174.69742,2
96.15016,27.094172,152.92755,141.88,2
41.04174,106.4753,151.94215,111.614624,5
85.74657,95.67569,151.47388,191.48772,2
141.81282,49.439716,151.49176,172.86852,2
42.293594,53.791576,151.36601,117.100945,2
113.66955,44.807007,152.14412,184.26816,2
109.959076,31.996946,152.72112,26.984035,2
22.171787,120.48592,150.83398,181.18097,2
60.07907,44.33742,150.3911,79.781906,2
157.4143,101.75342,153.81094,182.93141,2
153.95967,119.799126,153.8886,189.88336,2
31.002804,13.575547,150.46027,90.487625,5
77.1745,97.88538,151.6781,96.09898,2
50.724724,100.00769,151.81305,192.2885,2
183.671,142.37112,155.99974,107.39568,5
51.965725,149.02507,150.35281,193.28157,2
92.43381,101.95309,151.4609,167.43156,2
84.30382,140.57457,151.87236,79.306595,2
124.23857,92.69417,152.67896,166.43925,2
155.30345,91.64974,153.73901,98.06978,2
68.75331,45.230835,150.33076,150.493,2
129.48001,17.601122,151.7605,189.23433,2
91.66506,148.29279,153.1106,69.03694,5
57.256485,71.09208,152.06964,65.8531,2
28.43873,41.15336,151.28955,224.47742,2
94.90512,11.348145,152.64162,166.99953,2
158.46167,41.025974,151.71933,86.73943,2
55.350227,19.990496,151.41298,75.62567,2
99.11752,126.84749,152.02971,164.48225,2
7.5150185,29.76922,151.10341,192.58862,2
0.5703376,63.998886,150.46292,177.09396,2
84.65122,143.01686,151.77884,210.61703,2
76.30336,79.59761,152.24269,73.73538,5
158.66109,94.46749,153.6343,164.7199,2
45.28976,96.63572,153.61725,105.879265,5
20.891588,139.81465,151.12589,95.35137,2
107.771904,52.084614,151.13239,186.7625,2
108.52185,130.76695,152.47295,192.28966,2
168.73988,82.01343,152.8916,175.63219,2
130.01193,51.929913,151.32433,179.00119,2
175.6526,103.404045,154.17638,96.62732,5
170.47647,5.344599,151.53856,209.97017,2
109.97614,110.65458,152.0532,119.99364,2
93.29328,116.82066,151.65273,192.28984,2
81.10381,16.963896,152.52473,176.90309,2
117.20009,95.87724,152.27768,184.79195,2
155.75127,147.7689,155.6695,88.85814,5
61.44462,95.825836,152.18916,95.158775,2
183.42413,14.419867,152.1938,102.162346,2
51.940792,122.55543,151.11404,175.42719,2
67.494675,80.37729,151.93576,207.58888,2
86.47734,116.83703,151.67888,74.19693,2
45.362556,123.94009,152.68579,124.73479,5
95.718666,56.92942,151.19681,63.500824,5
130.14558,89.81215,153.13474,74.11889,2
32.26861,124.87935,150.92242,162.33315,2
155.3332,139.64139,153.81844,198.26741,2
167.43835,69.109375,151.19539,183.8569,2
82.68276,125.45734,151.58005,130.14581,2
129.49702,24.120892,151.76936,190.73442,2
178.44777,72.822556,153.37924,46.85962,5
31.985518,2.430822,151.34213,82.49052,2
78.588104,147.08987,152.00168,80.157196,5
45.250404,62.683,151.67105,72.52104,2
180.82741,78.81215,154.19786,81.75791,5
79.54986,59.44781,151.68384,209.70546,2
117.18133,3.9392507,152.03426,169.98885,2
125.27971,7.698071,152.04585,92.56748,2
169.30708,33.228333,151.92308,157.39694,2
171.05579,148.24435,154.83713,206.99324,2
84.47009,114.51999,153.22154,92.81649,5
78.63653,17.155708,152.46713,94.32052,2
104.4642,75.80174,151.8666,189.06389,2
152.35233,12.662939,151.37096,209.64944,2
47.601486,73.28757,152.59018,129.13342,5
100.602516,21.712318,152.84428,195.55397,2
30.718782,19.702213,149.52875,176.12834,2
137.34099,99.14304,153.4385,136.89323,2
44.068848,68.238625,151.71524,168.16438,2
86.97061,76.63901,151.83438,166.47908,2
10.200563,122.683334,150.85924,159.0912,2
62.31129,34.23896,151.34572,80.93963,5
54.811306,1.4741371,152.47766,92.56138,5
24.658854,144.02042,151.3897,25.858635,5
138.1405,48.235172,151.57755,215.51985,2
137.0475,66.15736,150.9217,162.28041,2
55.442783,95.244995,152.00606,86.434494,2
72.305435,10.801968,152.314,92.49465,2
26.4569,22.538069,150.3188,121.67706,5
142.14163,80.981544,153.01147,186.51518,2
182.40825,6.1898794,151.78784,177.5046,2
136.35497,103.25088,154.51695,100.402596,5
164.11612,74.13754,151.91609,133.17511,2
58.265892,11.581043,151.8421,91.95449,2
126.34421,2.3997757,151.91437,154.06148,2
81.64418,40.45202,151.4643,188.15164,2
188.64691,104.47991,153.63051,79.49743,2
5.529666,44.076492,151.05598,193.20444,2
145.75116,123.28764,153.55035,174.39305,2
99.34891,76.8153,151.78844,169.82124,2
127.751114,8.428383,151.79771,145.95497,2
98.69278,127.89767,152.07071,173.74847,2
129.1555,119.28343,153.00774,111.2279,2
9.434784,92.31744,150.2935,163.46057,2
186.32542,99.26498,154.30516,103.014114,5
123.87689,148.30383,152.94008,150.19888,2
74.60898,36.061802,151.35835,178.57884,2
177.57355,47.26225,152.37413,150.25687,2
72.05361,44.744343,150.58757,98.970665,2
92.95315,27.749258,152.92366,206.13272,2
20.472742,22.773668,150.32378,182.28137,2
32.38614,0.5098581,151.35873,201.16588,2
11.551255,16.296711,149.95004,191.88974,2
97.330956,46.4657,152.15266,89.49167,5
11.831825,1.1029285,150.55367,125.242325,5
62.02156,42.279507,151.21457,76.94687,5
190.99629,98.84043,153.5812,74.378914,2
84.26841,74.73414,151.83597,160.78612,2
78.708244,106.53987,151.88254,89.59151,5
2.4905922,30.47538,150.95135,149.39697,2
6.9345446,24.655432,150.90506,174.62051,2
122.66614,53.2504,151.1369,133.88464,2
159.14653,149.02258,154.23746,106.24898,2
122.49656,23.106365,152.1731,57.370506,2
104.1653,62.269985,151.02036,91.98053,2
21.199188,80.83625,150.97311,88.664406,2
170.79906,45.23466,152.14061,185.44379,2
36.66639,58.029713,152.98094,39.908726,5
161.30238,85.78926,153.29877,217.27707,2
89.21258,88.274666,151.53409,170.35384,2
112.1136,110.58876,152.132,100.05321,2
75.08993,118.515114,152.03772,38.1758,5
42.692078,29.613571,149.52563,199.32268,2
170.88434,47.16279,152.19543,111.06213,2
190.81218,56.36783,151.99004,147.08652,2
98.05875,76.05944,153.0775,117.46462,5
36.947697,27.88475,149.58589,158.99966,2
193.17613,130.74374,154.90105,159.60861,2
155.83308,97.15955,153.71756,205.63185,2
157.0365,85.98801,153.39452,161.8298,2
104.76152,145.71013,152.68304,171.93068,2
155.38242,134.65717,153.96605,53.044056,2
18.45168,0.4320343,150.27179,180.58238,2
102.06025,121.33341,152.7681,112.55493,5
139.77159,122.38464,153.4322,91.99026,2
116.48167,54.579247,152.7094,93.44759,5
42.787025,93.640564,153.52415,80.79829,5
22.65922,5.298647,150.24304,108.363625,2
59.598858,20.01503,151.55766,189.12204,2
53.774937,118.97558,151.31252,179.96686,2
137.46686,76.15178,153.56267,33.643124,5
28.405193,26.482805,150.104,192.3168,2
44.615467,49.63291,151.35162,165.73752,2
158.41396,24.636477,151.43723,195.33952,2
79.63646,47.475037,150.61972,166.32018,2
149.19812,73.50587,152.5354,118.36966,5
57.409023,141.05273,150.99612,91.94265,5
103.799,106.0293,151.72166,196.24512,2
149.53395,0.27654463,151.51811,163.87094,2
24.239029,53.448063,151.24513,142.57622,2
191.55627,32.35595,152.71622,209.52472,2
174.39372,126.26153,154.36168,156.71753,2
56.702263,46.048573,152.54503,97.06681,5
189.19766,120.24587,154.3438,153.14583,2
55.3937,3.3936546,151.96494,179.13722,2
83.431015,80.33826,151.81282,153.5389,2
137.3439,30.838163,151.43701,170.19139,2
122.798584,118.58684,152.75484,181.1544,2
73.97384,22.967558,152.27803,137.7573,2
110.76266,90.81734,153.82622,37.457165,5
40.101933,119.6488,151.13013,76.36303,2
29.547499,15.850352,149.79445,194.60518,2
109.434525,133.24742,152.56981,174.02199,2
70.89519,118.28033,152.34781,134.45956,5
67.03037,147.23975,151.81125,58.969498,5
19.184267,24.28672,150.63829,223.10461,2
105.273186,25.986612,152.95409,135.64885,2
14.403116,102.6166,150.48766,196.49876,2
90.50804,94.88021,151.45645,188.93234,2
137.8668,63.41088,151.98541,73.29837,5
42.695827,121.67658,151.06067,190.62027,2
82.13056,29.458403,152.55347,167.87744,2
103.43914,6.410077,152.34558,166.454,2
4.3657513,81.06452,150.23444,183.35974,2
134.53036,1.4412655,152.32283,64.05496,5
83.47586,23.576263,152.65219,202.05225,2
92.795425,94.37165,152.26416,74.85365,5
104.312546,146.49333,152.69655,175.24677,2
40.143906,123.88305,151.01627,202.0637,2
137.12688,140.61703,153.18387,94.81569,2
47.922104,38.289013,150.06822,82.78825,2
151.07895,145.51508,153.54547,171.607,2
108.33089,97.52111,152.22783,66.41296,5
179.11093,61.346058,151.10811,201.37009,2
139.91554,126.41298,154.84181,55.51221,5
75.20151,106.843315,151.58669,173.52338,2
30.108051,23.75543,149.89842,68.244804,5
48.71132,58.124798,151.62527,205.29088,2
180.16716,115.57874,154.01782,203.80745,2
150.79607,26.304996,151.30399,58.47517,2
58.05712,142.58676,150.94331,62.700558,5
194.10336,126.03857,155.15721,66.668724,5
126.993,12.173953,151.85744,182.98766,2
80.84779,106.55163,151.5097,193.60759,2
70.13972,97.74777,151.75807,191.06775,2
22.609615,95.60982,150.74112,172.68513,2
20.319426,30.158457,151.09935,203.77266,2
196.18573,126.066925,155.42384,140.15874,5
199.16238,125.76438,154.76425,181.21263,2
10.073991,121.531624,151.07053,112.46868,2
139.71948,68.5123,151.29358,75.27171,2
166.39632,67.99551,151.03073,97.85354,2
66.979195,53.03859,151.37097,69.2842,2
65.498474,146.89682,151.13005,91.33748,5
48.19855,100.54922,151.81018,165.17673,2
75.805954,0.4165905,152.3019,202.22226,2
161.06317,102.63464,153.79195,159.08958,2
0.21742289,91.834694,150.20114,223.3598,2
31.398829,112.84724,151.0681,109.05457,2
167.88658,107.69683,153.88068,90.345146,2
127.385735,98.35422,152.8669,73.90466,2
48.748116,31.2477,149.5379,185.12035,2
113.577126,28.375483,153.21655,79.17327,5
194.80061,63.950867,151.25127,164.37335,2
156.13641,51.846172,151.54019,157.39241,2
79.95969,24.069113,153.06303,94.56397,5
8.19678,128.6091,151.11554,208.97421,2
92.670235,129.3487,153.16248,76.984184,5
151.75594,84.13671,153.31168,188.78592,2
32.66726,57.20999,151.38618,185.89873,2
92.590416,118.93322,151.70796,106.20158,2
62.212315,145.23676,150.67401,184.45703,2
56.210808,120.430244,151.20592,168.63011,2
39.166214,35.811638,150.42093,192.43579,2
82.60504,24.57689,152.62209,168.18886,2
84.59755,78.42516,153.09315,101.040375,5
163.7323,6.3846626,151.49907,196.05426,2
88.280716,74.07868,151.84521,184.34793,2
127.996185,66.80678,151.03738,184.93108,2
28.24453,106.65358,151.35577,84.9685,5
140.78969,120.28677,153.55258,188.0571,2
3.6438017,50.243374,150.93568,112.54343,2
97.265175,0.52781546,152.28873,208.22975,2
197.21075,48.98735,154.39633,61.69154,5
149.1785,77.09322,152.60922,198.10825,2
121.28851,33.849525,152.19633,201.76732,2
181.88031,7.599202,152.0607,49.5817,2
24.377558,25.745934,150.38242,176.98376,2
199.05573,143.21255,155.59512,174.90788,2
165.72276,92.5619,153.58113,102.928406,2
138.46622,7.8176413,151.57498,154.00842,2
165.7739,67.3466,151.0057,169.16469,2
107.89518,149.79413,152.76578,197.46123,2
29.588564,103.605,151.09824,182.4651,2
60.18693,96.35519,153.05519,116.35463,5
49.265438,36.677563,149.80171,161.68695,2
84.072235,79.163025,153.00174,102.30372,5
44.377674,130.31557,150.83145,187.0671,2
187.79222,143.5819,155.44254,83.61043,2
116.00948,114.141594,153.11568,57.70284,5
177.90419,14.829667,152.14818,92.28228,2
159.89911,108.66293,153.8412,204.56938,2
72.695816,80.04236,151.9376,40.88732,2
173.99287,72.813896,153.29622,105.44743,5
25.85512,68.56876,151.16817,169.25354,2
136.98906,52.12123,151.29477,177.90627,2
162.54816,2.2317157,151.50423,164.84613,2
109.316635,27.131529,152.72354,178.91304,2
45.97571,107.52049,151.60355,203.00038,2
58.485638,102.88915,153.49419,97.48484,5
136.01562,118.59403,153.3552,185.63431,2
178.93228,108.728004,153.72392,171.15251,2
193.13637,0.4307909,151.70811,182.83183,2
193.11464,2.1192732,151.77646,64.29989,2
150.58647,102.66798,153.78719,181.10555,2
20.948606,26.82589,150.83012,180.3644,2
77.33672,94.225975,152.62622,108.59545,5
105.87235,133.37946,152.49036,190.78929,2
66.69288,95.54039,151.86636,176.55641,2
93.98161,109.77148,151.59663,114.34938,2
23.123365,125.32023,150.89052,199.46954,2
167.49197,77.95741,152.80806,120.93506,5
19.042213,16.084364,149.51897,188.33176,2
16.31376,57.40903,152.51459,109.95042,5
139.04338,69.8472,153.07011,105.994026,5
136.652,107.41165,153.4123,90.17187,2
38.62949,51.732994,151.3941,184.26715,2
81.06599,42.50977,151.0682,186.81412,2
147.21481,1.6874143,151.8483,107.359955,5
88.431496,16.554865,152.9257,74.07964,2
42.810722,53.846806,151.62968,21.431938,2
13.120862,147.1333,152.06227,141.0985,5
25.592402,63.406483,151.22417,181.64,2
98.31206,133.36331,152.15718,174.54735,2
64.11685,78.47128,153.51974,95.25669,5
156.69118,124.204765,154.9855,82.49954,5
74.47555,40.51374,151.15799,106.57038,5
54.55666,41.02492,150.13014,26.042315,2
26.388298,45.965893,152.89755,77.10668,5
89.61781,38.575123,152.34065,173.93153,2
92.62437,55.428967,150.8302,140.9595,2
199.53209,21.525358,152.57309,166.30472,2
123.95844,123.148186,153.56683,63.559998,5
47.33174,21.038061,151.03162,101.47904,5
42.5027,25.697985,149.65617,65.46065,2
14.166515,88.643616,150.67076,99.79193,2
57.157272,28.9174,150.38127,174.03752,2
92.679535,103.05489,151.4765,163.44641,2
142.8085,140.71017,153.42686,105.769394,2
152.37042,138.77509,153.65863,208.98373,2
69.7439,25.456125,151.91106,197.04675,2
127.84648,148.39302,152.99641,160.67322,2
164.74002,96.10953,153.538,167.63997,2
29.858711,37.25217,151.08932,176.66748,2
55.63882,103.64191,152.07742,54.868595,2
109.908005,100.66082,152.19118,75.14403,2
90.12738,135.00233,152.44922,95.36593,5
154.01743,125.487366,153.7883,200.18869,2
111.425705,2.994032,152.12706,173.37585,2
77.63748,54.05162,151.12357,163.98685,2
61.050186,108.94351,151.65872,179.43196,2
133.38069,12.895528,153.44766,78.09627,5
4.2706184,60.076336,150.69337,200.25693,2
80.39896,121.111404,151.43608,169.61932,2
62.61931,82.42662,152.78703,68.454636,5
135.19586,101.22328,153.32059,196.16068,2
87.62482,54.579975,152.49965,98.54976,5
89.57591,51.831615,150.77917,185.85457,2
84.484184,89.81797,151.66487,126.836296,2
51.977303,56.098503,151.7237,79.374115,2
23.69705,9.205184,149.888,179.54323,2
144.08601,127.98046,153.54607,141.9952,2
155.17453,18.078363,151.28099,152.61389,2
160.94002,1.0415365,152.99472,102.130424,5
50.426186,58.694542,151.68225,181.11024,2
136.59541,54.695118,151.02766,149.92198,2
53.286655,29.344103,149.95934,86.52936,2
178.34177,69.13551,151.7919,106.38143,5
139.50648,101.154915,153.54984,88.30194,2
90.56783,35.63907,152.69327,197.02206,2
169.65042,0.79590946,151.48177,158.80875,2
13.258254,97.36037,151.07239,82.00604,5
23.22325,23.695549,150.195,169.97394,2
43.13817,23.004337,149.90234,164.47798,2
71.84259,107.49927,151.61157,147.46155,2
125.79046,30.981312,153.64403,122.12349,5
6.3950405,46.218884,151.05695,172.9945,2
30.733137,102.848785,151.14018,188.34251,2
111.68577,43.320675,153.09375,59.493793,5
85.60635,23.436092,152.76001,171.81616,2
64.217125,0.8214378,152.18694,176.56107,2
169.38646,6.048618,151.53003,188.64006,2
11.542522,33.74765,151.19391,195.9902,2
23.707779,147.56421,152.7265,84.46106,5
116.18406,105.88622,154.03807,63.995365,5
67.64541,71.29709,152.00192,224.74208,2
16.249998,89.44445,150.67928,100.744026,2
91.16016,52.751472,150.85173,87.48168,2
60.58745,31.5398,150.74033,138.157,5
167.48375,5.164794,151.56213,97.06658,2
76.96228,106.21378,151.52925,161.58247,2
41.727966,104.12863,151.55817,167.31224,2
2.7347085,33.114475,150.93951,207.45663,2
100.071335,19.228804,153.91185,118.722,5
41.163624,19.13701,150.25488,195.72903,2
70.92104,124.18772,152.4276,81.75046,5
52.67301,14.457905,151.5351,136.6243,2
88.280334,25.697544,152.8013,161.38986,2
130.82945,47.930145,152.00809,95.23793,5
90.407005,100.26993,152.29466,82.26779,5
171.56473,90.05916,153.27533,156.66777,2
8.971992,125.80048,150.96848,155.31851,2
99.72125,28.931677,152.90588,71.906944,2
57.544865,128.06384,151.01625,168.0847,2
183.53624,32.17232,152.54916,72.189804,2
59.17607,97.72068,151.9424,192.35231,2
143.47456,108.90438,153.71683,167.37178,2
138.26971,92.001816,153.3808,200.92842,2
73.75481,53.459763,151.18893,171.67725,2
181.014,5.425484,151.70764,178.5702,2
161.53728,30.487362,151.6038,182.09335,2
141.35689,129.53688,153.32509,189.1476,2
113.78677,2.6239374,152.15143,160.09459,2
3.5268164,80.778046,150.33183,109.427155,2
182.50732,10.508415,151.9011,158.34285,2
124.14005,129.44681,152.81926,183.12761,2
180.88583,45.669205,152.5818,186.46188,2
150.62769,127.193344,154.84283,38.745335,5
184.1361,130.62517,154.97217,94.03174,2
106.46997,23.972475,152.81372,205.82248,2
150.07468,21.609287,153.08896,117.274605,5
105.18597,149.81259,152.77318,176.93332,2
171.19415,5.9244633,151.57854,165.43105,2
196.84146,54.490784,153.99858,99.66973,5
53.70634,67.62351,151.84087,199.11725,2
35.360718,124.11625,152.24934,57.61537,5
104.405014,1.0128838,152.26097,182.78514,2
20.168304,114.94091,152.59883,149.7861,5
164.70897,47.245533,152.00429,85.53477,2
95.66385,88.35264,152.33333,81.71895,5
192.37004,28.328142,152.701,174.97043,2
56.877323,47.83143,151.01012,169.13574,2
57.36945,93.23659,151.94347,179.01044,2
174.35074,65.961624,150.88937,145.37587,2
177.9956,106.25688,153.65375,172.0462,2
149.49985,71.594536,151.66225,184.75708,2
93.12315,36.641205,152.70088,171.57584,2
1.6876768,127.09346,151.09941,163.65642,2
120.16624,68.183365,151.32442,168.78123,2
186.45992,50.252853,152.4931,158.12097,2
2.8050644,96.41709,150.2255,216.98274,2
56.518917,111.60458,151.58913,201.4567,2
181.81854,20.390955,152.14688,74.26549,2
118.16089,69.073685,152.016,86.77381,5
95.98888,24.807219,152.93227,175.40529,2
194.10861,117.28939,155.24243,121.72117,5
61.62999,0.9374966,153.75835,83.58307,5
37.2143,50.44513,151.38223,94.106064,2
179.83481,145.90308,155.21724,211.63333,2
72.00116,68.01753,152.07288,67.92707,2
178.95438,121.17757,154.24527,163.29176,2
104.05073,127.24525,153.32635,92.85916,5
147.0782,145.33955,153.40445,167.65538,2
128.6523,61.620316,150.74423,52.894768,2
118.75182,94.24137,153.42131,126.59621,5
28.135757,29.644453,150.52995,166.65718,2
42.73019,16.495596,150.75826,180.13316,2
91.55738,56.313694,150.98141,92.971855,2
123.85556,117.2849,153.90688,105.434425,5
180.63158,69.8115,151.0986,198.04794,2
163.84398,140.34328,154.26167,60.524723,2
185.50098,6.70795,151.79842,178.43387,2
86.953285,95.1493,151.52676,176.21227,2
0.05299742,73.45694,150.82506,69.41277,5
199.8965,77.02486,152.3562,189.69418,2
14.170525,79.49986,151.07126,75.624466,5
143.44739,115.79351,153.56519,209.70009,2
192.4353,144.89752,155.61078,203.75996,2
154.5888,52.91928,151.53316,118.66129,2
181.3164,50.63312,152.35263,115.330696,2
111.25055,79.17838,152.04124,187.85025,2
178.93799,17.94836,152.27211,135.72806,2
126.06822,103.22612,152.90714,163.79288,2
181.76926,55.056915,153.5124,65.02692,5
138.00795,149.18324,153.10785,154.56563,2
107.60368,47.075058,151.9274,77.318275,2
31.306341,70.93695,151.38794,101.39993,2
146.26996,120.97509,153.70744,206.7169,2
21.22781,102.41944,150.75946,163.93777,2
142.14232,91.749985,153.6329,82.33386,2
29.452694,75.051605,151.84444,107.790825,5
79.32163,146.73311,151.50845,147.24901,2
85.54242,2.5324454,152.40605,174.07617,2
158.07333,66.25488,150.84785,173.40875,2
193.03221,98.384186,153.3312,177.51816,2
160.32893,99.3443,154.93181,83.41156,5
16.304234,32.084625,151.27843,203.13795,2
180.87167,130.5267,154.7357,187.67865,2
61.933346,71.52615,152.19463,129.84938,2
47.954727,104.56533,151.65604,189.56465,2
168.01637,143.66927,154.55644,190.2398,2
159.09874,66.40934,150.8691,156.76216,2
155.35545,32.22917,151.44948,201.2947,2
194.81195,113.60112,154.10631,170.207,2
182.90652,134.3253,154.97542,123.63485,2
187.60342,102.81246,155.31035,70.94064,5
91.16984,57.31972,150.99457,178.66556,2
29.737425,59.382355,151.25119,89.688324,2
50.99023,48.202484,151.19864,180.30173,2
118.727104,33.3008,152.28334,182.27072,2
171.83606,78.985504,154.08304,122.96098,5
113.26838,93.730354,152.05722,137.46115,2
109.382744,50.1786,151.51071,88.04098,2
18.377207,128.66975,151.0121,185.71759,2
171.76685,20.38675,151.78534,178.37923,2
138.67482,96.257744,153.46465,149.48409,2
47.024902,52.204193,151.44856,169.85283,2
196.23203,7.449229,152.02704,170.7634,2
145.3601,105.48919,153.72781,187.69873,2
191.69998,131.12506,154.93079,173.67737,2
122.291176,143.2653,152.92633,91.49488,2
61.787224,93.48844,153.4216,104.79004,5
46.630405,25.23344,149.82544,177.79767,2
137.48419,106.17109,153.44443,167.94191,2
171.47356,23.040936,151.87154,171.12851,2
86.756294,4.4069753,152.97061,75.9983,5
86.51936,83.81298,151.68929,204.36658,2
122.77127,109.710915,152.7651,163.5729,2
114.593315,132.92523,152.62546,173.23042,2
19.504492,75.42318,150.82806,179.38074,2
169.32286,127.93975,154.28859,77.2883,2
118.017006,102.46088,153.87794,72.02332,5
97.152466,61.388935,151.17569,185.27876,2
192.64224,3.0131993,152.38156,74.36257,5
42.706326,26.932579,149.85365,98.848015,5
30.363926,46.36558,151.30928,178.4138,2
26.182648,67.45611,151.0897,202.6753,2
37.72009,19.612494,150.03735,93.21784,2
163.62389,123.89,154.07166,152.1303,2
104.62362,141.32297,152.5716,168.39574,2
114.671455,89.10914,152.09677,9.094491,2
106.28144,125.83056,152.41452,97.17407,2
35.796577,0.92855173,153.25803,72.34412,5
119.52628,46.999847,151.90166,171.03773,2
98.42616,114.96286,153.21553,87.96977,5
184.57758,10.699894,152.21199,46.24206,5
190.05914,74.50931,151.89116,114.39558,2
16.794725,96.637985,152.31322,32.26916,5
177.14851,66.84633,152.52513,78.93859,5
104.35675,148.84972,152.68393,188.16824,2
181.28885,56.332325,151.825,193.8711,2
101.15809,55.88168,150.81529,106.649025,2
57.305862,64.18336,151.85063,158.44388,2
98.43537,130.08656,153.60146,63.013832,5
4.9632683,70.25312,151.41959,88.42051,5
36.441883,109.70149,151.26642,173.38347,2
129.38588,104.27093,153.07022,172.795,2
5.4296665,65.470116,150.60045,170.37976,2
174.65085,135.22403,154.71706,183.208,2
83.91103,120.621,151.51375,156.7356,2
156.77109,148.12099,153.87798,178.01196,2
172.02621,47.20825,152.18924,228.19398,2
20.38026,131.30621,151.04675,191.05678,2
47.013844,106.25087,151.5871,203.69026,2
121.136284,77.39838,152.2611,102.90866,2
130.06174,51.889297,151.38211,179.17758,2
87.25169,15.553701,152.70421,180.58847,2
194.34108,137.74197,155.34518,199.60384,2
139.74475,74.510605,152.28398,109.51742,2
21.17067,7.418709,149.82211,169.0243,2
143.69331,35.505806,151.59688,45.839424,2
125.21484,23.772367,151.93256,232.38832,2
190.53314,118.22347,154.21909,173.522,2
41.66403,8.426027,151.40666,207.93713,2
140.51619,119.01127,153.52443,142.08725,2
150.61533,119.022064,153.79909,211.27277,2
134.77737,54.194675,151.94272,72.83992,5
80.61828,73.73943,151.93785,172.63866,2
24.121647,120.24351,150.82793,168.83018,2
172.0341,131.61082,154.47081,188.00848,2
137.34201,29.414797,151.48251,95.62566,2
135.633,133.22972,154.17574,63.241844,5
113.37278,30.658108,154.43146,60.24943,5
177.29266,48.626194,153.9921,90.09221,5
5.0980325,50.418713,150.9418,185.20549,2
36.331367,146.71742,150.63033,115.62243,2
155.98822,128.07211,153.9089,187.91486,2
121.899704,137.34386,152.81866,193.43285,2
91.00002,122.775055,151.71185,89.588776,2
56.17337,55.73361,151.6045,207.96295,2
161.47136,101.02733,153.71648,186.0126,2
58.14248,123.05248,151.20413,163.17752,2
137.35686,41.93877,152.07845,61.49553,5
102.94311,96.59091,153.2832,77.40129,5
130.59108,114.66407,153.08575,173.17865,2
131.90213,81.02185,152.81755,192.67873,2
162.64503,126.5199,155.72446,31.361526,5
14.11235,97.03062,150.44916,203.26906,2
7.2011604,119.037605,150.73502,74.117096,2
67.24365,124.85342,151.33925,63.51285,2
125.553665,12.376389,151.85576,188.49965,2
128.28873,128.63528,152.94943,225.14024,2
155.57944,77.7628,152.68376,195.23622,2
76.83268,69.63462,151.998,162.92212,2
25.118824,63.165344,151.86687,89.98555,5
193.77429,47.71936,152.8634,118.27105,2
64.48176,32.48079,150.70335,209.11176,2
76.76592,119.7853,151.43236,182.70872,2
91.98759,146.342,152.28311,85.836044,2
88.92624,20.728315,152.80133,161.1174,2
172.70404,111.886665,153.87202,178.3807,2
145.26282,38.070477,151.4818,174.68086,2
108.864975,49.92051,151.565,101.933846,2
3.8896606,10.885712,149.51306,153.89734,2
117.80836,98.40473,152.27975,149.54486,2
100.9157,60.0576,151.47562,71.21877,5
60.899544,119.00335,151.31017,212.26682,2
109.21614,122.68248,152.23524,191.3784,2
89.58575,134.21205,151.93703,192.953,2
38.34307,64.90606,151.53271,96.65112,2
194.39134,97.809425,153.34546,189.1753,2
5.3782,102.809105,152.20122,55.070118,5
18.625553,56.87754,151.27377,91.16041,2
165.20941,62.32736,150.89694,58.115902,2
150.6103,146.97267,153.59102,144.47794,2
169.67285,122.9044,154.38737,110.43889,2
148.80913,23.18121,151.2565,185.75504,2
29.05585,23.176699,149.69058,169.01656,2
65.10055,60.13329,151.82047,149.68663,2
124.96971,106.67148,152.80931,173.45316,2
21.36543,123.33644,150.93428,182.42807,2
8.810869,94.72972,150.53802,40.804905,5
183.45302,18.98421,152.20708,187.96024,2
28.346436,73.798615,151.27634,176.2263,2
101.149704,62.225376,151.12321,130.34285,2
77.15563,132.6261,153.20285,39.86571,5
30.499891,59.066456,151.30116,187.69946,2
61.652885,104.08891,151.77383,81.37436,2
101.76466,0.6273753,153.97122,39.439705,5
52.097584,120.53943,151.20366,162.82938,2
77.60046,105.261856,151.5628,189.87138,2
198.10997,83.180275,152.93623,102.79394,2
51.144287,111.60904,151.5174,170.28352,2
72.41946,33.17754,151.49815,203.2559,2
107.17026,22.943554,152.75758,183.58463,2
25.645742,86.98954,151.0082,182.56802,2
145.85909,41.878063,151.87903,102.43772,5
46.952152,149.56291,150.35068,119.25353,2
183.15341,135.87405,155.0341,161.97711,2
171.48471,95.02966,153.41946,184.9487,2
91.62075,118.112,151.6507,200.0289,2
69.68803,48.50048,152.22125,96.56133,5
178.96721,42.362503,152.48381,195.03589,2
68.11476,85.903076,151.91675,175.76262,2
172.7901,20.537163,151.8368,73.70274,2
76.81286,140.23781,151.47296,75.406815,2
5.867985,62.04019,150.74052,178.78586,2
96.99341,127.46238,152.54782,118.02718,5
26.53753,78.469734,152.63812,89.3312,5
199.1887,12.599742,152.31097,221.95023,2
123.68747,84.27496,152.61575,166.54753,2
50.226048,51.490906,151.36664,192.44118,2
164.36069,32.544804,151.72528,175.24425,2
2.715368,22.969255,150.83054,198.11462,2
106.867615,118.68803,152.40862,55.941284,5
44.64398,78.92139,151.84113,185.16243,2
46.46548,23.754454,150.06802,147.88031,2
197.77866,115.130745,154.24028,167.33095,2
70.38206,110.45251,151.55963,157.81514,2
32.349407,130.60341,150.89061,160.09952,2
164.12567,25.087355,151.59094,156.67664,2
170.71356,40.52226,152.11282,215.74805,2
142.45795,39.280087,151.52602,154.95107,2
187.64996,129.4583,156.36049,78.514824,5
52.25804,72.90428,151.90707,199.50168,2
104.837234,1.3286418,152.98895,108.37393,5
14.301797,114.228165,150.65544,161.28423,2
98.270546,141.74261,152.39633,209.35359,2
10.207081,23.789202,150.95259,180.06914,2
100.16169,76.39017,151.88237,213.9556,2
177.34676,71.022194,151.3244,158.17003,2
23.219769,149.91487,151.08867,152.40002,2
47.39192,126.32008,152.14838,52.64189,5
117.457954,75.40374,152.02998,166.98122,2
129.92975,49.088795,151.58717,188.10867,2
85.18728,81.23845,151.73201,187.65123,2
166.25206,3.7797778,153.41869,150.82759,5
101.85472,69.06642,151.69371,195.03497,2
180.02402,60.273254,151.23985,209.94011,2
197.44858,56.185658,152.17252,203.55634,2
28.5648,89.623825,151.16028,148.3703,2
161.65686,1.8419462,151.42453,126.48833,2
188.58725,108.18221,153.66438,152.84944,2
9.667332,74.60359,150.48973,158.74289,2
70.79848,22.855444,152.09798,212.21532,2
101.566574,134.58463,152.29063,58.33832,2
188.58682,80.836914,152.85875,97.89026,5
190.91998,71.41334,151.4324,186.15982,2
78.02074,75.28882,153.1581,94.459305,5
87.06728,25.578352,153.1703,75.37942,5
139.74637,146.8633,153.3786,71.31446,2
192.06938,72.31374,151.55177,189.03952,2
56.515675,116.77668,151.44463,122.26573,2
82.31692,52.244328,150.83537,175.16397,2
143.4797,118.11801,155.05852,69.35883,5
126.21286,117.44372,152.9374,194.81882,2
155.07443,109.974594,153.86478,139.86899,2
172.0958,17.585773,151.79158,85.794136,2
167.89809,76.67149,152.47299,90.61991,2
19.771141,125.83377,151.01765,85.38365,2
130.67105,58.20766,150.70334,181.5732,2
130.0519,143.61458,153.01262,125.24613,2
139.16493,66.947365,152.65709,80.95869,5
97.31398,27.61483,152.94,205.58232,2
78.62917,6.335326,153.66501,68.76945,5
9.432403,95.744896,150.445,81.79334,2
139.4124,85.55256,153.2195,180.90321,2
43.972397,108.6838,151.51991,202.66908,2
162.41025,143.42049,154.187,113.81979,2
55.279453,2.8621056,151.91492,170.69664,2
49.404797,140.69302,150.6648,135.09412,2
13.9147835,80.39585,150.50905,216.07294,2
164.01851,88.57449,153.38916,204.18762,2
93.813675,28.37895,152.91391,169.19739,2
92.06735,96.177155,151.41928,228.63496,2
118.150444,2.8666708,152.15524,47.70488,2
94.76857,8.860621,152.95688,94.20431,5
36.039352,95.7734,151.60422,115.76782,2
50.130993,100.47769,152.3718,80.21179,5
186.21803,90.95475,153.09659,161.75754,2
77.915215,59.349854,151.68025,99.14346,2
8.441636,48.63238,151.00334,190.56598,2
172.7391,20.920675,152.17178,102.773445,5
138.86438,147.32361,154.46947,103.228004,5
83.86872,66.66052,151.91998,149.12679,2
52.220516,56.917416,151.79175,92.19969,2
110.11025,23.444695,152.61328,135.41411,2
149.0072,75.62862,152.40575,177.15546,2
112.3105,44.708508,152.14915,185.61838,2
94.20004,30.876324,152.9384,168.27327,2
105.68021,47.461,151.77017,155.36694,2
147.66034,75.1704,152.34569,183.32555,2
63.954865,115.47919,151.9134,50.356377,5
111.17029,109.83344,152.08247,192.50598,2
75.25287,83.634926,151.88834,131.13057,2
5.7709517,40.72373,151.02852,156.1931,2
176.6602,48.504227,153.91759,31.952751,5
14.947708,4.0581284,149.41708,177.44426,2
7.8993874,40.874737,151.09244,197.00754,2
157.00851,51.907715,151.57864,186.90385,2
196.5976,99.94513,153.47548,215.41914,2
87.44984,76.43035,152.41185,99.90561,5
43.389458,107.39867,151.51413,73.293205,2
24.28036,104.33635,150.94876,59.008842,2
56.08994,24.632267,152.65521,40.251926,5
101.70351,119.90087,151.93108,188.04207,2
100.52619,76.44113,152.32443,61.107174,5
62.830887,68.27957,151.97804,200.40204,2
51.350327,67.96506,151.84312,192.6055,2
118.36657,88.61481,152.36024,161.65561,2
19.840408,23.010798,150.53241,72.31756,2
196.09808,84.24862,153.91156,86.088974,5
24.842592,121.191986,150.84982,184.9533,2
17.79231,42.196167,152.21307,121.74103,5
30.590729,24.399376,149.69608,183.65195,2
27.055918,55.073925,152.67061,123.746,5
173.04732,123.44036,154.25948,180.36223,2
146.5628,56.974274,151.3904,72.86923,5
100.004944,145.1918,153.8049,65.13063,5
130.29724,75.24757,152.2589,192.42326,2
193.2522,103.012955,155.00114,84.57127,5
165.44736,140.01366,154.37305,154.04248,2
157.6979,68.19568,151.06021,68.995804,2
179.4648,30.742605,152.27457,183.25333,2
127.61372,76.7271,152.52695,91.21635,2
75.467735,134.52406,151.40398,63.634777,2
130.09026,12.109962,152.32806,89.64026,5
23.575094,11.884696,149.60107,201.7908,2
139.62608,103.347046,154.19527,113.71219,5
183.8137,18.219694,152.1949,166.34018,2
130.63316,79.85422,152.62576,118.82666,2
62.94976,78.32046,152.00273,196.64879,2
1.8923798,100.20882,150.25877,170.50032,2
133.1091,49.76266,151.48233,193.05994,2
12.862924,22.636566,150.9823,88.92335,2
123.217255,72.63477,151.83832,161.13441,2
83.20779,97.46717,151.52756,177.50163,2
73.50841,79.14322,151.96646,197.0018,2
50.909885,147.82376,151.99641,62.670513,5
74.1678,93.35594,151.78131,174.76704,2
35.9885,19.26443,150.76933,68.529,5
54.943256,80.907005,152.21613,116.166214,2
190.01004,68.17586,151.09076,75.79836,2
97.97828,36.21167,152.77592,177.5336,2
86.82976,0.73786026,152.27881,152.44556,2
21.22941,44.349743,151.28986,200.89687,2
189.32074,21.775557,152.39464,190.9571,2
142.01448,119.95409,153.54309,182.73257,2
42.99278,122.81088,151.07587,95.00338,2
179.78963,24.768274,152.22458,164.5438,2
136.52808,135.3816,153.11716,166.14047,2
24.450232,50.555447,151.2574,82.060745,2
34.36386,3.7904222,151.3462,153.6644,2
144.26709,48.251717,152.57175,126.092476,5
147.7462,43.947876,151.57622,102.31865,2
109.132034,59.948048,150.64723,191.31488,2
95.74646,95.01937,151.46844,73.79051,2
170.66684,79.6863,152.64745,144.37071,2
112.48317,116.92207,152.27126,179.76901,2
121.4145,77.57081,152.25723,126.91553,2
125.39449,9.364445,153.25151,82.10541,5
63.815216,25.80223,151.43843,205.9584,2
154.3813,148.91896,153.77116,182.58298,2
101.36548,148.00572,152.64098,188.47963,2
155.61974,21.906982,153.07625,106.17118,5
160.30244,99.27333,153.69005,142.34589,2
161.30931,69.14269,151.1674,158.17552,2
139.95811,105.99342,153.58125,214.15811,2
121.51419,90.79324,152.54568,182.64226,2
186.27411,50.460537,152.52182,191.96968,2
38.752064,79.799835,151.74992,95.659874,2
49.351845,129.568,152.49547,89.22601,5
183.82487,75.14322,151.94987,185.45187,2
117.67385,147.85652,154.65512,50.377083,5
66.16402,119.336174,151.42014,191.63463,2
79.49482,0.9151922,152.29878,151.77408,2
2.798505,28.983274,150.90137,79.35822,2
136.37529,8.15678,151.55992,166.19615,2
147.86115,19.30379,152.21735,52.551163,5
57.109158,97.796684,152.05179,105.45171,2
122.05173,31.36302,152.19969,157.54361,2
97.67145,47.471592,151.53197,178.62128,2
158.75243,128.48416,153.96854,85.18746,2
70.82565,142.15643,151.07422,175.72438,2
81.77127,77.048294,151.89975,81.25914,2
71.26261,5.5818553,152.26767,169.6068,2
52.892715,50.267384,151.31831,178.51979,2
179.31554,48.6348,152.38799,156.98483,2
51.887764,133.08072,150.78566,174.18286,2
69.17737,149.73149,150.95628,120.155495,2
68.94863,131.87874,151.36237,103.030396,2
165.28346,121.977615,154.06989,175.12651,2
165.58641,96.91271,155.25288,102.433174,5
172.77731,103.90705,153.71342,62.085102,2
167.10538,2.3657787,151.47147,168.09996,2
59.237488,51.59739,153.02975,99.78004,5
181.70486,71.014565,151.24646,178.67017,2
166.0749,51.114735,152.5725,107.784775,5
182.67633,77.62944,152.33759,98.10274,2
52.025547,148.53152,150.93987,63.783348,5
183.96948,85.06372,154.33432,132.60028,5
26.182184,45.48012,151.32475,210.9267,2
52.683754,109.58678,151.63513,190.41246,2
69.2728,135.01913,151.72743,84.52296,5
140.71574,50.856346,151.42288,217.98546,2
22.450836,69.14165,151.0062,183.95517,2
121.98483,31.848875,152.19466,171.28072,2
4.651,21.171837,151.38576,106.77467,5
132.69836,82.77668,152.9037,194.5164,2
89.48929,133.62308,152.21692,95.59142,5
148.52556,103.938225,153.76271,157.8048,2
124.9093,147.17021,153.73338,88.56507,5
21.428555,104.733665,150.96278,82.18923,2
15.584982,129.95572,150.99802,195.44373,2
13.474762,34.17756,151.24622,170.96643,2
109.26759,3.4264638,153.62776,43.066143,5
144.85385,144.63576,153.37724,176.08537,2
198.77307,47.709816,152.84412,147.50835,2
62.37823,118.17769,151.41982,190.98848,2
187.50935,31.812075,152.59665,63.73427,2
11.48082,37.743347,151.27524,199.80708,2
170.8705,149.81529,154.85818,151.29448,2
136.61108,105.24653,154.42761,97.64819,5
167.74512,68.91518,151.42595,98.42519,5
104.14323,42.500305,154.01393,97.24371,5
113.21696,25.57658,152.97618,113.07165,5
199.9446,66.954895,151.17955,160.65712,2
195.57405,105.43784,155.24814,112.50552,5
153.71384,60.835365,150.82892,159.71014,2
196.3071,55.571083,152.5546,41.520046,5
118.02983,0.74602276,151.97145,154.98297,2
181.0918,125.67132,154.51219,139.89944,2
133.78757,58.845734,150.8201,74.564644,2
109.26228,146.03543,152.79338,105.90608,2
4.8509197,48.891205,150.96051,158.20853,2
19.025736,117.75036,150.78821,165.56787,2
111.36497,125.027626,152.426,86.16227,2
142.19586,103.04708,153.64359,175.20415,2
138.1056,38.512157,151.62572,123.27064,2
141.82253,142.50581,153.22102,208.23515,2
154.6097,22.345608,152.12794,87.53276,5
87.27818,31.25313,153.83904,150.70229,5
66.37883,2.6622946,152.14,81.95438,2
126.15551,51.7938,153.10751,129.45546,5
134.14815,78.78948,152.65067,162.09937,2
165.70435,17.388287,151.6036,88.33373,2
182.73174,31.047722,153.93227,43.53556,5
141.75107,126.66289,153.38646,202.07138,2
66.21423,114.28233,151.49501,161.14754,2
39.837017,77.43676,151.70135,187.1914,2
151.49986,43.878708,151.62437,201.97713,2
5.1212177,102.965164,150.3328,179.38254,2
140.95093,70.03117,152.89583,125.48688,5
27.168991,75.78916,151.17827,180.05298,2
118.46792,146.51411,152.84674,128.14331,2
158.58615,76.79438,152.5959,101.55266,2
143.35663,130.41492,153.47824,178.6672,2
11.162218,104.97872,150.40108,178.2465,2
192.78719,130.39977,154.90701,190.82213,2
143.4784,77.187325,152.6137,36.824135,2
87.83247,96.94482,151.44727,149.19823,2
44.6037,18.511503,152.1986,101.20433,5
102.35745,110.17805,151.71648,126.94626,2
187.96196,28.519598,152.5627,177.39449,2
161.45839,131.37117,154.10025,169.10535,2
178.77155,125.95627,154.48616,174.53285,2
196.36485,107.276535,153.74805,56.49548,2
49.574646,26.129354,150.05954,111.21867,2
44.031,65.07826,151.66626,156.72948,2
18.632584,138.25832,151.19012,166.01335,2
33.803112,61.4993,151.6997,77.982414,2
71.707405,30.031319,152.16045,110.0692,5
175.66118,27.702068,152.13193,187.10847,2
138.38066,70.02986,151.44801,166.69798,2
119.302986,50.497097,151.4738,189.0037,2
171.1451,89.87948,153.50272,92.34607,5
193.90128,136.80809,155.24895,185.19527,2
188.04663,51.55936,154.09274,109.789505,5
33.543194,37.95336,150.99745,95.23821,2
170.8111,7.221681,151.5547,178.24031,2
55.288494,108.1734,151.71648,147.56355,2
138.53712,50.86768,151.66275,47.43705,2
40.69827,2.5550683,151.57454,165.47137,2
127.46047,61.3013,151.52252,157.09482,5
148.82843,59.68417,150.83002,140.22472,2
30.984428,64.60145,151.30852,160.29309,2
186.18028,75.32012,151.91899,182.49306,2
105.94127,36.724545,152.7421,173.53171,2
195.46266,58.546936,151.80113,192.99263,2
54.442547,30.705154,149.86528,199.85327,2
18.881554,87.0609,151.09027,114.2143,5
48.556076,4.9148173,151.73549,181.49602,2
199.76353,31.349897,153.62831,75.630905,5
6.8572526,56.242455,150.88483,204.07498,2
111.885056,6.133593,152.26381,162.83093,2
99.48546,117.6905,151.80655,180.60646,2
70.232445,72.01593,152.24759,61.580387,2
38.169903,99.12092,152.1223,130.0752,5
110.12658,23.533905,152.6733,106.779915,2
32.131622,43.798927,151.32,81.662605,2
194.16768,94.27543,153.28767,184.29033,2
32.976677,13.099189,150.36154,188.59348,2
2.8994951,98.50011,150.21674,103.02794,2
94.98631,75.5482,153.3271,83.41913,5
193.32681,65.04099,151.1021,44.845043,2
155.44153,149.2275,153.80766,162.3661,2
167.09938,106.44519,153.7267,166.24149,2
94.41936,109.46598,151.57234,187.37938,2
38.740944,115.43946,151.1925,188.46477,2
4.865948,79.217064,151.31384,99.88459,5
149.44441,0.07613944,151.57605,156.89804,2
51.68903,123.61437,151.11333,200.77649,2
81.962845,131.67683,151.6089,203.6653,2
135.55278,47.79179,151.8647,121.73035,5
140.6387,86.959724,153.83192,100.4589,5
63.220333,101.38322,151.89647,192.06967,2
42.578075,19.157751,150.30731,170.10495,2
105.365814,98.20071,151.76324,98.796295,2
173.8976,85.07548,152.9581,172.74852,2
96.50549,55.604374,151.03334,33.925224,2
101.5433,122.995575,152.39279,73.90951,5
127.63153,92.2118,152.86504,188.62114,2
124.039925,54.01869,151.12341,219.55983,2
62.7999,114.159485,151.53851,165.49689,2
66.469,59.332535,151.83199,54.23557,2
113.68837,131.78522,152.82564,43.476498,2
128.43141,78.11037,152.49956,161.2494,2
145.56233,103.698685,153.86116,94.101425,2
2.7933307,47.043507,150.98668,98.83966,2
51.710384,16.67964,151.35303,176.35823,2
170.38023,132.54417,154.37953,182.63945,2
56.72702,6.4283648,153.33606,35.77893,5
49.23427,133.18951,151.9012,93.79907,5
191.61407,125.72221,154.78542,70.88687,2
191.18752,24.814375,152.57744,223.08955,2
122.41645,5.4058337,151.94836,196.04195,2
75.51726,111.98395,151.50673,165.11987,2
44.08994,23.580086,149.8264,170.36664,2
198.24017,123.27184,155.70096,102.141975,5
80.49101,21.52878,152.54202,194.53732,2
101.22567,130.87183,152.31789,102.205,2
48.50804,76.58257,152.10088,106.637764,2
151.31065,128.63449,153.76398,97.45282,2
5.064935,74.026886,150.50981,79.91922,2
156.76108,64.68038,151.01564,105.9345,2
55.442192,55.64865,151.61765,159.88974,2
183.78938,76.64052,152.05414,179.01976,2
88.303345,107.419,151.5121,82.17905,2
136.4324,5.246663,151.59975,109.79739,2
59.69905,97.636055,152.0736,56.004322,2
34.070892,60.42297,151.33481,185.41869,2
160.24374,99.017136,153.77995,156.45325,2
143.69037,141.35117,154.49103,58.553135,5
177.4579,137.46352,154.9887,65.806435,2
136.66788,125.04213,153.26114,60.2969,2
123.10668,104.2186,152.64871,200.13754,2
181.39105,12.813264,151.9095,187.97852,2
194.56378,139.8725,155.43756,187.44208,2
192.99538,138.0621,156.12576,80.89732,5
152.61966,16.603645,151.33536,171.48155,2
70.94283,98.67266,151.79889,109.37358,2
122.10208,147.91226,154.58914,82.704506,5
42.94725,136.85849,150.67763,158.81372,2
7.547808,131.60193,151.1757,151.86108,2
44.4665,71.436066,151.72893,153.34761,2
106.095024,6.719724,152.41829,193.51527,2
53.047516,52.67853,151.49791,169.69167,2
77.65839,130.70786,151.44669,172.67323,2
22.479986,98.35793,150.77753,167.02101,2
167.90622,80.26195,152.79675,124.966545,2
194.9729,78.611824,152.4355,217.22934,2
44.353077,77.86514,151.79324,185.53416,2
48.421097,70.79889,151.8377,193.12286,2
185.43379,61.001442,152.80089,81.895836,5
77.02067,148.67305,151.44049,167.40254,2
34.366226,3.3714383,152.59001,96.75496,5
79.65512,107.12147,151.53685,193.16083,2
22.53665,54.16472,151.95284,73.32382,5
97.282585,97.68397,151.47432,167.22243,2
72.87566,80.206894,151.90532,44.140003,2
169.23665,77.7468,152.43427,167.05252,2
135.20763,104.52096,153.35538,190.07874,2
143.34407,64.1098,150.70064,156.74962,2
92.28146,0.21754022,152.30174,169.34431,2
9.314497,79.938324,150.40768,107.70223,2
19.185194,41.346573,151.29958,171.69183,2
2.6350665,129.74289,151.18558,215.35318,2
53.885952,28.990496,150.02127,6.936032,2
51.740437,60.039265,151.68735,183.83157,2
63.274357,109.81798,151.66377,181.61769,2
36.468082,121.7462,151.18886,105.145515,2
83.069916,101.96226,151.8529,94.533264,5
10.721935,53.075817,151.02335,66.63398,2
26.824902,55.597866,151.4374,72.74591,2
49.01359,14.899746,151.52162,65.793015,2
193.87106,94.08699,153.19112,151.54654,2
70.07111,54.683968,151.48177,161.32896,2
173.18004,104.6515,153.68187,72.87893,2
82.90636,136.61421,151.86288,70.5361,2
124.65695,73.308075,151.92584,163.47679,2
97.84686,112.45707,152.18327,96.705536,5
187.41078,106.18879,153.59367,166.78696,2
117.80179,100.3102,152.34222,173.10342,2
30.744558,44.661438,151.23856,185.96442,2
167.36377,34.292847,151.86156,151.61972,2
185.5819,88.1045,154.31194,77.16605,5
72.34231,64.57481,152.39536,116.12451,5
146.14494,90.604744,153.52983,197.87222,2
119.965546,23.811312,152.52046,72.773544,5
181.9429,24.863672,152.2116,183.70569,2
100.07572,114.26752,152.80264,75.01967,5
108.12309,121.81192,152.2623,191.12733,2
0.29079205,53.67692,150.707,205.05635,2
169.32587,36.679924,151.96127,170.11665,2
64.0793,55.880688,151.58293,203.06108,2
157.2771,126.8763,155.69199,74.45662,5
156.90154,57.795364,151.1007,164.51743,2
90.918976,124.54817,151.77771,147.14357,2
59.85061,102.70044,153.55455,63.44769,5
89.51484,133.74484,151.90758,178.13208,2
50.83634,16.003868,152.88667,93.58302,5
164.49344,83.0502,153.0043,180.73093,2
143.98058,95.72103,153.65898,150.48888,2
96.02172,30.237885,152.98715,180.65001,2
127.5594,99.71917,152.91013,191.61197,2
50.31073,24.596607,150.31642,210.61429,2
173.388,78.056854,152.79007,57.538105,5
87.02974,103.28761,151.43654,178.8592,2
172.94662,24.870268,153.74052,59.062347,5
134.45943,71.80455,151.92259,74.025345,2
90.57755,23.7769,152.86192,207.47087,2
183.33846,136.27454,155.99207,144.15659,5
35.52008,106.77712,151.4331,87.53538,2
89.45173,141.3032,153.1438,112.61484,5
38.37611,67.78177,151.51141,184.71812,2
74.12166,71.65545,152.01755,183.02187,2
176.26352,54.541424,151.90227,163.67062,2
180.62479,27.32412,152.30925,180.2092,2
15.490204,93.34876,151.75363,48.31908,5
174.39148,27.146465,152.97365,88.84001,5
25.392427,130.25677,151.97531,118.14438,5
151.97963,99.69634,155.57661,130.92241,5
165.19937,120.31765,155.2294,103.85359,5
195.20784,24.408094,154.1315,50.32664,5
48.597935,126.29408,152.18192,98.664925,5
136.53201,31.089796,151.51814,137.90784,2
35.19883,16.142473,150.19112,203.63795,2
51.95337,77.08146,151.987,176.7751,2
135.52415,5.6520452,151.65709,188.31277,2
89.76954,82.81946,151.6471,175.76794,2
83.3902,85.16252,151.67703,189.16844,2
39.88707,88.14596,151.68056,181.15637,2
48.261078,75.996124,153.6531,152.92863,5
105.32193,125.618225,152.1535,189.7407,2
92.09463,130.23724,151.92157,160.65923,2
114.3232,19.617113,152.39842,149.20375,2
193.71622,148.28537,156.67664,122.401924,5
94.38825,113.783745,151.6074,178.725,2
109.02033,76.38299,151.94385,158.38634,2
138.61125,74.77852,152.30728,147.15753,2
13.201021,60.428955,150.93147,139.8506,2
88.20904,86.673096,151.5708,182.05083,2
11.0938835,35.806732,151.24255,152.84283,2
117.45776,14.846975,152.29784,173.50972,2
116.38046,96.60449,152.32112,179.81583,2
126.69053,138.13124,153.74484,62.276073,5
79.02726,52.85614,150.98546,165.00331,2
4.197325,102.66939,150.3568,163.0721,2
42.935455,5.22119,151.6535,52.245037,2
134.02222,80.96868,153.1563,112.826485,5
190.82376,110.95568,153.88821,205.20128,2
46.849854,94.42185,151.90446,176.79935,2
188.17148,72.353264,151.57408,180.45248,2
78.43703,116.749466,151.5716,25.381178,2
154.34851,103.88394,153.83904,171.05464,2
112.30412,116.4507,152.2582,101.78898,2
80.995926,128.75893,151.65631,84.35288,2
73.54765,29.813751,151.92409,207.35957,2
175.26494,142.01765,156.43279,141.67404,5
80.207664,124.292885,151.53429,160.19829,2
150.92975,100.90981,153.81847,80.535515,2
159.6744,52.52624,151.56854,141.17805,2
108.959496,7.324979,152.32819,201.60095,2
71.40236,147.72469,151.09236,183.85023,2
40.099995,68.28762,151.61243,184.13603,2
120.44364,41.565662,152.23116,201.89186,2
36.37836,115.412735,151.1494,174.911,2
41.948776,66.357544,152.80899,70.39857,5
88.64797,43.510906,151.54628,161.14711,2
188.95009,43.219624,153.77808,118.83604,5
69.41981,57.9397,151.7446,176.8961,2
67.66628,95.91636,152.10623,87.65312,5
197.54163,29.442501,152.77672,192.99834,2
59.32267,124.18282,151.13107,160.85483,2
178.60098,88.180565,154.19304,97.83129,5
190.89548,97.50971,153.73001,93.11574,5
47.704895,46.105835,152.37285,75.79429,5
4.205212,4.69467,148.76001,78.91152,2
7.6302395,141.22133,152.44148,63.204247,5
197.27249,62.3786,151.45587,118.52347,2
16.883163,110.22778,150.66934,188.59482,2
50.614258,35.898853,149.67383,191.33168,2
158.81085,136.18698,154.94145,69.19926,5
162.07823,109.56575,153.80157,155.74295,2
153.3433,118.479095,153.83507,227.79613,2
142.70456,36.23394,151.48224,164.47165,2
197.69536,112.249535,154.82285,79.535034,5
170.24387,149.44135,154.79669,197.69794,2
53.969734,22.872398,150.8423,172.29797,2
16.290867,42.171886,151.26132,191.07864,2
188.6828,93.362236,153.13188,183.95584,2
173.46063,25.17168,152.00822,156.60373,2
107.64918,110.66808,151.96837,172.45209,2
120.206024,66.96559,151.1204,191.11691,2
39.70362,123.96121,150.99696,197.44287,2
102.32856,16.330421,152.70274,184.84784,2
10.100445,83.04739,150.39932,179.43631,2
167.86412,28.192587,151.70148,162.04405,2
10.16273,32.956787,151.208,189.57692,2
48.326435,135.05853,151.28119,118.45155,5
189.15149,25.680292,152.60083,133.71848,2
178.84799,49.97088,152.38634,62.237686,2
133.97734,23.754206,151.5723,158.93756,2
72.448,139.58142,151.15204,182.95097,2
119.455635,86.05109,152.32675,187.4397,2
14.650185,49.512928,151.1712,203.60211,2
106.05902,48.453983,153.17522,112.8032,5
151.21912,144.99039,153.59926,163.99059,2
112.42544,78.82745,152.09724,169.32631,2
72.80798,69.49944,152.03435,184.80568,2
87.26962,26.251717,152.75977,173.26796,2
163.81003,6.4446282,153.04066,145.9358,5
0.060004782,148.55157,152.24925,90.61903,5
11.094697,80.52312,150.3896,209.56833,2
161.08685,35.230076,151.63419,164.91495,2
159.2569,127.06057,153.94781,193.09015,2
46.65985,72.727264,153.42978,50.21289,5
70.644394,54.815865,153.23448,57.87509,5
47.145073,134.66496,150.63562,161.17561,2
190.04596,143.79893,155.64888,113.586815,2
120.11861,69.451256,153.14073,50.17172,5
92.1148,110.00852,151.60667,52.023293,2
123.952,68.85603,151.58388,106.34364,5
124.3838,134.26,152.8829,182.52477,2
129.414,2.6606076,151.8559,31.27844,2
126.24232,130.62213,153.1874,75.61979,5
11.158724,110.30945,150.5446,81.98152,2
110.053185,67.37627,152.11667,116.006424,5
171.51204,64.22139,151.97801,49.4965,5
158.25706,2.2461605,151.48364,164.71387,2
14.328515,107.04671,150.56284,90.68672,2
88.362434,2.5629432,152.3647,157.63612,2
172.94945,140.72345,154.8039,189.53389,2
89.89842,79.28993,151.72404,170.60571,2
125.731606,110.55265,152.94423,73.67924,2
178.82892,51.12834,152.21928,192.86884,2
85.33513,91.96649,151.47105,153.32423,2
137.36731,121.309456,154.1268,56.741867,5
73.964676,53.92648,151.6321,95.16072,5
157.30702,42.045975,152.26416,61.191063,5
94.59529,18.431135,152.81737,174.89645,2
139.16408,2.8439667,151.67165,190.80592,2
116.71937,103.91891,152.34581,190.79042,2
102.64389,109.433014,152.46375,110.19714,5
19.784498,42.699764,151.30951,186.9736,2
156.0142,2.4640589,151.48361,175.48477,2
187.75859,91.351654,153.79588,76.74485,5
150.8921,130.18741,153.6857,178.04216,2
62.735855,40.28237,149.97394,211.71721,2
9.658812,20.68626,150.75815,93.2403,2
169.8285,10.798819,151.57317,191.85402,2
194.74199,32.95572,152.81253,181.54138,2
135.88158,28.985453,151.56984,100.36452,2
9.076719,88.28019,150.32246,175.88608,2
22.610628,128.30461,150.91978,183.91902,2
23.820433,130.62703,150.8963,162.22954,2
165.87299,31.562828,152.22864,108.84589,5
116.38743,7.0587044,152.1565,163.84874,2
14.004351,73.71292,150.70898,91.492676,2
114.81855,20.038496,152.35864,99.60925,2
9.481632,75.97747,150.42067,183.02675,2
141.57767,149.81422,153.48006,125.34869,5
157.82498,27.423447,151.45406,191.38586,2
15.900004,77.51149,150.62099,101.1825,2
142.22827,123.51447,155.1111,97.78615,5
149.78596,12.9260845,151.34006,150.89351,2
189.49509,54.939186,153.76259,106.73193,5
105.87651,59.821728,151.07724,101.38618,5
79.68198,22.763855,152.6228,103.34476,2
122.64904,103.415054,152.66153,185.35387,2
21.62333,76.950066,150.88887,174.48315,2
185.96846,0.13203225,151.58934,175.97844,2
24.109169,105.16416,150.883,201.22186,2
146.06776,46.89203,151.54314,164.66026,2
108.10134,77.37465,151.95389,166.18416,2
14.935698,47.4428,151.22313,93.31074,2
2.216109,42.81211,152.77515,72.704285,5
42.208916,131.33621,150.78181,185.90036,2
187.83424,99.18517,154.20845,125.97711,5
101.25944,132.47124,152.24515,181.41187,2
197.7154,31.170769,153.86723,69.64782,5
178.56485,131.89638,154.79396,96.00529,2
165.56003,119.56989,154.25316,134.82494,2
151.04214,47.816082,151.82242,105.641846,2
56.717594,34.707104,149.89403,47.566628,2
108.644196,30.019667,153.29669,107.206566,5
23.554173,59.476997,151.14203,190.69261,2
38.35823,63.84582,151.46532,158.92538,2
161.00577,36.26546,151.65216,238.30348,2
45.948765,45.74645,153.02213,91.57386,5
128.85863,77.20028,152.42494,84.58732,2
11.327894,80.340126,150.49773,103.83336,2
174.0008,80.43416,152.63022,152.13309,2
67.03218,93.12369,151.91402,188.67703,2
59.88092,42.668198,150.18146,215.87843,2
48.9334,65.45044,151.79402,211.6249,2
108.51316,44.142242,152.2672,61.740654,2
112.23604,16.168613,152.4515,184.16154,2
55.910675,67.52982,151.87323,180.92369,2
37.36005,95.39997,151.4743,210.25282,2
55.385296,56.93799,151.73085,175.15514,2
55.253498,18.48845,153.0299,81.78189,5
138.72264,101.23267,153.50299,237.46077,2
154.39824,21.838675,151.3738,193.36005,2
155.66599,43.25363,152.72821,137.31459,5
127.70584,25.54611,152.12201,115.21628,5
130.13083,105.353004,154.20874,87.89142,5
87.75848,100.72157,151.52785,92.088615,2
184.34657,119.48087,154.26454,188.82076,2
124.59817,148.31354,153.89737,99.6066,5
64.02394,142.07419,150.79948,179.8448,2
182.5842,71.785484,151.43465,196.75197,2
4.2946796,123.662,150.90611,190.20667,2
164.23836,1.7329494,151.67252,62.78504,2
94.49085,91.555374,151.49028,188.67686,2
196.00229,3.51783,153.47113,88.20879,5
76.92519,35.60425,151.65404,171.28839,2
95.5219,67.40334,151.7539,208.20175,2
186.93825,58.77526,151.54338,165.48926,2
184.66718,12.462246,151.96004,170.73079,2
33.349953,35.738884,150.91808,70.1355,2
164.183,64.303276,150.82283,188.72466,2
68.87512,59.04393,151.8026,176.57957,2
27.047619,30.712944,150.76422,169.73116,2
15.220505,43.04516,151.27962,182.13158,2
138.87949,146.37895,153.18552,163.31003,2
82.630585,117.5101,151.5113,155.07948,2
47.79987,101.04742,151.82713,90.442184,2
91.19762,100.60058,151.41956,171.55923,2
79.98235,148.99449,151.57208,52.76382,2
78.775215,86.49066,151.72076,206.46623,2
94.11116,146.32758,152.33716,167.95584,2
198.54413,32.822586,152.79193,155.16374,2
172.81018,119.400215,154.2386,96.17856,2
98.82477,20.425978,152.88956,67.140274,2
31.188614,118.30304,150.97495,185.32434,2
11.428974,74.75588,150.67163,66.51332,2
180.85562,147.84454,155.3,207.99672,2
56.302082,83.95092,152.0887,188.08098,2
186.03207,78.499176,153.85721,95.44052,5
137.79616,71.16643,151.71124,38.648117,2
20.381483,11.857762,149.39705,188.00285,2
180.93501,8.3205385,151.78827,179.27385,2
118.041885,76.95647,152.11203,181.70639,2
91.77623,118.44669,151.66864,176.52547,2
65.34018,72.55331,152.03716,182.39256,2
34.541954,68.27665,151.57388,110.353615,2
168.86877,20.681433,151.75127,182.56413,2
169.34196,68.44097,151.02106,113.13507,2
58.309513,100.89528,151.9389,182.27339,2
153.75331,80.76072,153.00131,190.45102,2
178.54927,125.74087,154.55232,62.758217,2
167.46248,112.6063,154.21896,109.31137,5
61.718086,24.461998,151.36403,177.61655,2
181.21242,140.17233,155.15907,67.21101,2
115.62705,102.35943,152.26642,188.99757,2
122.29222,139.25569,152.85641,169.7417,2
67.88134,123.80235,151.26273,171.3808,2
12.826494,22.334948,150.80049,185.03117,2
37.823967,70.736465,151.59494,149.72623,2
48.90032,34.558315,149.64268,185.45879,2
99.57397,118.38016,152.68066,66.40807,5
72.12611,99.75471,153.62439,69.29726,5
99.841866,47.736008,151.51964,159.86436,2
23.36211,75.763664,151.00473,193.1943,2
69.214294,56.583576,151.64255,189.8728,2
35.782303,25.047031,149.51875,185.59625,2
89.33968,137.59114,151.96565,134.76819,2
157.36108,67.73228,150.99179,181.99565,2
36.68826,144.81848,150.55962,170.24796,2
90.310905,127.80305,151.7784,216.44606,2
84.146774,6.9114094,152.46071,191.6265,2
66.1941,72.20102,153.03831,89.14959,5
58.94766,23.124964,151.29732,158.8239,2
16.72272,23.444065,150.69672,200.67108,2
109.31869,4.47517,152.3029,168.74112,2
115.88225,18.603292,152.35951,188.79472,2
96.74174,28.358816,153.7476,115.53441,5
7.603316,14.261327,149.91202,158.88599,2
161.41908,99.0956,154.16219,87.41852,5
53.346764,24.644255,152.28824,92.22882,5
123.789276,128.9523,152.84207,188.85916,2
180.5405,71.45443,151.43759,164.10704,2
51.754036,29.967257,150.26482,47.156902,5
22.543213,0.41453594,150.58904,198.06337,2
154.73535,52.445892,152.02673,127.03352,5
195.18842,115.20155,155.21541,134.55748,5
181.54387,70.25843,151.17715,190.15996,2
15.970057,140.42308,151.23581,157.08818,2
79.297516,82.294785,152.61609,107.11947,5
1.12276,94.18222,151.499,64.87967,5
3.3070946,112.74075,150.57283,125.17838,2
136.6626,130.64737,153.20879,178.52344,2
164.74954,125.4101,154.15839,213.5966,2
37.961857,70.44979,151.58636,206.68755,2
99.3975,147.19536,153.29951,104.87034,5
164.10066,49.2103,153.01178,113.09194,5
66.74895,90.75917,151.9533,160.25816,2
52.841534,75.50006,153.4599,63.712616,5
8.753513,26.259628,151.05527,163.53229,2
0.11050193,10.235634,149.54555,194.02026,2
104.98042,98.61003,151.83672,73.30368,2
92.44446,147.0214,152.80505,81.16197,5
171.61156,49.74464,152.09213,188.09207,2
165.98495,24.463575,153.08032,33.73968,5
179.81891,85.8031,152.94171,89.57845,2
183.46387,37.02472,154.15317,49.280537,5
156.28746,6.7134595,153.20506,52.49699,5
130.6862,25.771793,151.7416,70.88836,2
162.55186,10.596008,151.44969,196.11212,2
170.97884,52.820145,151.87639,207.53107,2
164.44841,23.354279,151.59238,171.18893,2
177.42459,23.300842,152.0914,194.40675,2
120.94024,138.71072,152.80917,174.6383,2
23.99135,50.74282,151.30801,61.30612,2
23.862352,114.61622,152.56058,47.3264,5
66.1711,72.80962,152.00499,191.68613,2
11.449634,3.1322935,149.07477,202.57262,2
17.279951,147.54628,151.37283,199.36223,2
143.60695,126.27096,153.50925,219.28815,2
49.497063,108.39556,152.98027,55.2055,5
29.27388,142.15443,152.01974,91.10371,5
84.332,39.075184,151.91304,129.2442,2
196.18768,2.4513085,151.87424,171.66576,2
33.15411,88.13135,152.7916,71.09109,5
66.75519,73.4449,152.05623,151.64421,2
138.2773,66.20253,150.83452,177.92842,2
185.0166,19.183144,153.43495,107.23392,5
122.84133,72.907005,153.57962,127.51852,5
84.91669,51.007557,151.10251,80.540115,5
16.729622,117.77244,152.55807,111.659584,5
168.71194,82.84001,152.96881,148.29033,2
169.34196,43.722347,152.11272,196.23456,2
150.51071,55.80074,151.16438,160.2171,2
28.727299,122.1677,150.88445,32.599045,2
51.786057,76.61567,151.98923,171.82362,2
76.36744,65.48875,151.99525,92.297356,2
124.58053,74.8447,152.08902,179.91422,2
84.32074,99.38597,151.52245,215.97893,2
175.34023,118.546364,154.1133,154.60968,2
153.11307,68.74318,151.19148,221.87141,2
2.4441972,99.35483,150.25214,205.5728,2
170.45468,129.76936,156.01884,117.153145,5
12.039016,50.354996,151.11482,173.09364,2
152.75551,50.469177,151.55818,171.87434,2
55.17459,127.19234,151.07191,185.84673,2
92.34315,69.845146,151.83223,198.73082,2
103.56362,142.38127,152.5711,173.43422,2
51.19692,93.435585,152.00366,185.24178,2
140.97902,47.142582,151.56505,158.08261,2
93.68763,29.210377,152.8783,210.0665,2
197.0273,105.44297,153.64427,202.5359,2
47.649265,8.18824,151.71329,108.091736,2
110.32115,124.51704,152.79181,90.8602,5
55.688427,78.98066,152.02686,170.84085,2
191.51854,79.84969,152.48694,195.38506,2
54.917538,5.2130485,151.83092,139.65749,2
178.20743,132.10977,155.36107,48.83355,5
14.636177,67.38915,151.42561,88.732445,5
74.63735,140.07977,151.26637,120.11705,2
125.78098,59.110306,150.73048,52.687378,2
197.85066,125.30562,154.68031,84.21857,2
87.540596,43.841053,151.51978,179.18372,2
137.67377,101.11447,153.45776,91.732956,2
44.66572,18.37286,150.68663,180.07167,2
130.76477,28.087158,153.22858,104.705284,5
49.844513,92.59038,151.95567,179.83105,2
74.820335,41.161102,150.75302,125.693184,2
150.30347,144.76785,155.36159,113.91996,5
114.98886,147.88345,154.59535,77.67305,5
66.265625,93.685005,151.89429,156.11005,2
37.508835,64.46617,151.52379,198.76646,2
102.823715,62.01135,151.0778,193.89734,2
113.15729,102.03586,152.58575,115.8835,5
74.54381,147.8018,152.97922,116.78302,5
145.84514,118.37698,153.70683,172.09291,2
8.665392,125.33373,150.99545,82.538284,2
81.271095,59.723362,151.70456,148.1707,2
3.2252073,97.685165,150.40239,110.6346,2
90.95559,89.443634,151.63715,48.459293,2
139.8809,96.66977,153.47824,158.12924,2
186.3279,65.574615,150.99431,202.2281,2
39.637646,124.79956,150.95529,160.53175,2
98.2217,111.25286,152.54567,76.34704,5
110.79347,138.45326,154.08762,109.79729,5
94.81749,26.706127,152.92801,176.14983,2
106.27746,82.172585,153.1817,106.10186,5
157.35573,6.118635,151.40556,159.4754,2
120.08353,106.04203,152.56033,150.61205,2
86.55284,93.23185,152.35562,91.434044,5
90.32239,137.95253,152.01503,196.75511,2
42.179527,20.252369,150.22116,184.7554,2
8.843317,129.06741,151.57108,103.59262,5
130.16902,15.965922,151.73526,192.09698,2
94.264275,113.58546,151.72629,78.7742,2
44.17462,90.09951,151.85501,198.59422,2
151.74634,59.46527,150.9001,93.599144,2
79.937614,17.860947,152.54387,182.17683,2
175.40454,143.33913,154.92035,233.31032,2
1.9435718,59.278038,150.6223,175.10846,2
73.07744,50.724445,150.84462,175.11958,2
147.27739,89.811035,153.79996,102.016685,5
161.28796,50.241898,151.89214,29.783295,2
67.36954,94.76292,151.96382,96.92083,2
179.70958,57.37116,152.88304,89.525116,5
156.34967,130.94788,153.90575,131.31181,2
29.131758,108.32702,151.0213,159.68402,2
191.49283,107.36482,153.66429,80.90855,2
116.65129,121.82544,152.49835,113.22802,2
78.516594,24.135193,152.46144,184.74722,2
114.37298,16.916243,152.38918,154.01479,2
8.728955,100.35416,150.28195,190.31853,2
91.33669,144.80038,152.17595,159.29262,2
128.33191,93.814476,152.92163,208.13495,2
155.20976,115.18218,155.15498,114.90223,5
71.76373,111.759125,151.55716,186.29558,2
89.22263,105.94711,151.40724,194.2593,2
178.6697,1.6609632,151.66917,100.720726,2
58.830727,124.62135,151.15752,196.23827,2
156.60257,13.512617,151.38248,205.44942,2
17.93065,120.70781,150.85841,181.13359,2
165.03474,125.65234,154.22084,136.47687,2
9.847294,77.99851,150.49364,147.8429,2
112.28381,142.58537,152.76523,158.2167,2
110.39004,96.24746,151.94275,202.69847,2
60.830673,69.244774,153.04428,78.963745,5
93.90127,25.119978,152.89749,193.94533,2
58.763477,76.34413,152.87134,93.75384,5
42.82486,64.05514,153.0953,71.21511,5
98.56301,102.37684,152.84299,119.19286,5
58.9481,25.919712,151.02924,80.0979,2
102.003235,5.0125074,152.40334,155.57689,2
38.557705,120.909805,151.0998,183.78001,2
125.355774,82.1385,152.5851,170.5555,2
17.641386,76.73374,150.70065,176.8402,2
135.10498,21.484913,151.50093,211.65308,2
84.61497,10.42136,152.55212,173.41658,2
46.343212,48.933495,151.27307,190.47739,2
48.252056,106.02442,151.6794,173.77835,2
169.51146,146.40906,154.68187,207.39772,2
173.39441,146.93892,155.32565,66.25443,5
75.22029,45.73626,150.53525,182.25269,2
102.88093,149.9977,152.76874,158.7016,2
1.8334414,91.24552,150.19626,174.45622,2
145.41895,17.078775,151.30087,134.741,2
165.04611,106.7856,153.84222,188.39009,2
171.08206,137.76993,154.55675,115.72149,2
115.13334,39.383648,153.74745,129.71288,5
70.31902,133.90427,151.16289,183.92494,2
102.29486,126.95847,152.10753,179.55914,2
96.55178,97.303246,152.2946,143.44273,5
81.81037,43.526398,151.07019,182.62886,2
17.833696,84.90644,150.55472,175.79987,2
170.89331,126.35995,154.29099,198.47235,2
194.5726,148.9296,155.72939,79.91652,2
87.986275,121.99712,151.67651,31.178596,2
123.74576,26.303476,152.16634,126.22074,2
96.34846,45.516552,153.34215,102.41024,5
28.620943,43.390865,151.28276,200.54613,2
102.88262,92.497055,151.63425,187.61847,2
139.24944,116.06395,153.5052,171.24568,2
136.6701,76.42889,153.11197,98.92037,5
34.09114,40.866207,151.1403,80.45165,2
42.778713,62.56829,151.63242,177.73502,2
44.34087,83.32938,151.84802,169.4564,2
21.327423,32.016884,151.18536,204.30148,2
147.2217,49.18998,151.57404,165.17686,2
27.749805,144.77849,150.93196,161.71509,2
147.5309,53.695564,151.30875,78.92297,2
79.75493,131.60274,151.4907,206.7763,2
120.699326,17.40787,152.13258,91.42495,2
153.3917,133.17003,153.78796,206.0473,2
122.80904,59.767654,150.5241,174.8026,2
128.50583,1.4850739,152.34554,49.42668,5
184.44492,103.77096,153.61696,87.24557,2
34.921623,15.849041,151.95804,38.80928,5
148.93254,52.576042,151.7906,98.78895,5
119.171394,1.2951677,152.9657,84.370834,5
134.02782,74.24599,152.1313,103.248085,2
25.981083,23.51479,149.92271,162.24153,2
133.67076,118.743324,153.22641,168.71097,2
199.98203,10.50107,152.59712,96.65675,5
25.064182,63.194473,151.26167,168.03955,2
185.3351,92.92645,153.075,181.7859,2
66.972885,95.55375,151.8663,114.27938,2
48.502525,137.62473,150.59827,185.30392,2
145.17409,119.64315,153.63222,167.25052,2
196.2385,92.96587,153.22719,186.0971,2
121.63906,102.11214,152.63968,182.66272,2
187.21194,127.14524,155.76534,125.904755,5
153.74132,98.14713,153.71544,163.65836,2
148.82816,72.84104,151.90608,204.30771,2
38.50285,141.81201,150.57019,157.95695,2
12.019576,45.88349,151.24019,147.94453,2
192.46513,77.969475,152.32553,177.64171,2
58.02682,97.58717,152.33453,83.746445,5
119.55285,116.44683,152.59859,165.2466,2
152.90822,106.18705,153.82333,195.11304,2
155.14957,101.19707,153.80928,188.0398,2
113.64467,148.6749,152.99734,110.1467,2
38.870487,110.41081,151.33493,183.24442,2
113.91266,148.88306,152.8458,179.49681,2
98.17554,67.916214,151.68704,199.02878,2
15.139256,44.229393,151.20947,207.97408,2
54.588142,121.126526,151.20677,186.6337,2
110.83507,147.42586,154.28754,122.09121,5
147.70525,56.488655,151.01897,165.98967,2
192.8281,94.71835,153.39737,116.08778,2
34.98706,71.321724,151.47314,152.77553,2
41.2821,17.072876,150.59372,151.86884,2
53.620743,29.469765,149.92918,194.01646,2
11.006766,68.04597,150.67555,46.799057,2
41.610634,2.7094991,151.6626,78.77885,2
7.825895,81.21393,150.9926,74.77319,5
14.160262,98.725586,150.42859,175.28308,2
143.71747,14.778074,151.36678,223.3832,2
82.609406,114.513054,151.45,243.62878,2
106.28329,133.03275,154.01743,78.321236,5
130.2967,103.75833,153.15083,166.3996,2
9.667063,62.044903,150.76456,177.38748,2
27.432867,143.106,150.90443,174.94958,2
98.862785,127.49736,152.06033,183.3261,2
182.91061,9.989891,151.92387,200.8182,2
147.90472,76.60945,152.54588,179.63065,2
4.7853646,47.97261,150.96623,200.85658,2
11.317891,97.28596,151.25026,147.26192,5
174.15672,16.297596,151.83147,210.2026,2
68.78225,62.1875,151.94292,172.84721,2
138.2742,97.41015,153.46689,155.28137,2
51.25525,19.57075,151.04955,195.06126,2
104.01469,126.86357,152.19542,212.81128,2
153.98135,45.751507,153.56738,82.25219,5
7.7712092,28.99482,151.07466,174.09587,2
110.50182,119.097466,152.35959,110.74949,2
158.22202,35.6702,151.64252,95.723854,2
118.47982,0.6913761,152.04523,180.26437,2
147.25882,114.967766,153.76695,179.60889,2
122.72109,95.50936,152.63336,181.78673,2
58.13644,121.41888,151.83138,42.263603,5
139.62656,137.32794,153.18971,76.65462,2
86.36071,66.65839,151.87976,209.68927,2
178.53003,14.684425,152.03906,146.77483,2
81.86083,53.35667,150.90292,85.96597,2
198.497,126.60464,154.80496,175.92142,2
68.160095,51.40964,151.05775,179.91066,2
191.68863,133.16469,155.08426,171.57307,2
0.6263528,61.416935,150.5623,170.05988,2
79.620445,87.06857,152.29895,122.36645,5
61.684837,75.869,153.76537,87.20752,5
50.932938,9.111838,151.70192,159.1776,2
39.815445,29.317404,149.52396,156.19005,2
99.05767,19.287945,153.65694,93.767715,5
39.79059,149.56613,150.53673,25.682766,2
91.821365,116.65704,151.60645,191.32722,2
0.7157266,128.66177,151.0714,170.61288,2
124.92271,41.126446,152.03296,155.61453,2
83.06352,34.316246,152.3406,196.9412,2
129.32002,118.61748,153.06981,191.01683,2
105.10845,93.54055,153.46039,112.55321,5
94.13706,102.18532,152.3169,82.954,5
9.442835,15.876836,150.03363,174.12352,2
83.82199,124.892876,151.55234,81.8239,2
80.1548,126.26666,152.47668,40.224678,5
175.87445,97.418465,153.34685,186.1166,2
134.7372,70.52379,152.08235,94.87101,5
151.90213,105.7939,155.77505,99.19815,5
33.896004,51.156555,151.37685,156.96916,2
2.7886667,6.7262177,148.8674,174.11249,2
150.51482,116.35632,153.77315,229.27992,2
139.39674,68.545975,151.23398,181.57549,2
33.698544,7.1920977,151.0817,195.04056,2
124.91208,19.51696,151.94426,206.82716,2
143.71785,16.036257,151.32057,206.47337,2
194.45862,117.24285,155.29193,38.832897,5
163.91965,75.165405,152.14204,152.63005,2
88.297386,28.524277,153.29234,127.39226,5
72.27113,78.546,153.46437,60.630604,5
104.5667,112.0435,151.86385,164.39107,2
157.18909,50.773476,151.63594,160.78154,2
12.521359,85.71316,150.40643,212.6812,2
126.671814,128.07246,152.9305,82.5892,2
188.76772,149.89526,155.86559,56.632195,2
90.79902,148.59427,152.31366,90.78923,2
45.81005,26.733202,149.81607,59.371265,2
157.70451,110.79031,153.989,104.87106,2
41.975,69.948975,151.6476,192.28691,2
89.36305,80.17818,151.74152,161.13338,2
166.03401,99.66504,153.69168,181.98303,2
9.04357,65.016014,150.70805,178.97116,2
113.89177,97.308304,153.01625,61.393166,5
135.98822,51.668583,151.37143,223.80933,2
103.60207,80.56068,151.84032,94.27784,2
14.974442,109.466194,150.64954,183.08047,2
91.56855,1.2437799,153.19052,126.114525,5
146.39827,73.2264,153.13972,92.34516,5
155.14981,42.816994,151.63914,178.9793,2
58.632378,106.15443,151.73672,185.28008,2
93.069115,149.34659,152.31197,180.94075,2
199.15718,44.918762,152.94624,150.224,2
180.09618,22.979343,152.15198,173.45653,2
133.15811,117.82198,153.16557,181.58015,2
187.84843,123.47616,154.54022,195.37949,2
183.14154,118.268906,154.14084,186.90402,2
44.16138,23.28734,149.91344,172.12273,2
130.42592,115.72402,153.28842,77.67688,2
118.46742,70.08219,151.5807,182.53825,2
139.36508,20.40754,151.60356,120.65376,2
27.641075,10.138204,150.18243,212.79443,2
153.33034,125.4187,153.86984,116.97076,2
76.52668,143.49747,151.4884,101.09715,2
170.34517,66.15745,151.82948,129.48862,5
107.85277,144.41132,154.22978,81.303955,5
198.00052,61.88435,151.4248,96.749245,2
57.654854,106.377525,151.72739,162.77412,2
114.514694,79.147415,153.26451,101.03234,5
26.047829,125.2045,150.94173,71.87885,2
9.016926,13.610191,149.66374,154.05397,2
38.62747,122.37311,151.07507,120.32267,2
199.11537,53.452152,152.46774,169.60863,2
14.454054,127.16372,152.21083,85.29361,5
171.98808,115.92673,154.02946,209.56361,2
58.024315,81.38887,153.37433,30.68208,5
51.699245,98.22993,151.97862,144.53455,2
118.7749,94.27588,152.37163,204.4703,2
97.78578,42.1485,152.2868,220.38998,2
139.96904,76.793106,152.61464,113.32396,2
73.693375,144.36247,151.22112,197.116,2
132.39276,70.93338,151.60078,148.67892,2
58.92458,101.9414,151.84752,175.40233,2
121.51317,26.701672,152.1295,174.90207,2
8.851945,149.22183,151.66226,97.76215,2
60.51799,28.80001,150.74483,222.58722,2
15.9555645,71.694664,150.71497,201.82716,2
136.44125,4.266262,151.60612,176.03346,2
65.047325,143.84508,150.7947,222.87819,2
65.91342,49.739357,150.93877,157.92328,2
55.460636,127.55491,150.97484,160.24829,2
77.49192,97.510605,152.0509,79.21687,5
117.23929,64.20589,150.84404,163.22987,2
179.11401,68.623566,151.058,194.06447,2
136.7669,31.845865,151.495,177.41026,2
47.597084,126.63927,152.64087,58.186153,5
81.36794,105.04561,151.4955,227.20663,2
84.255714,38.12199,152.12212,89.21029,2
154.79086,84.79397,153.34119,134.70654,2
107.9244,131.20683,152.42705,190.01549,2
25.474783,72.25032,151.16249,138.65239,2
48.110588,66.03017,151.80151,188.0242,2
118.533516,28.60093,152.31021,185.24046,2
60.487144,59.914665,152.10414,98.07116,5
90.51266,52.516983,150.79735,205.8892,2
143.09746,80.2724,152.9011,187.56467,2
7.365845,115.35801,151.23006,135.50337,5
140.67871,80.65088,152.98224,152.87486,2
162.66743,135.99971,155.76227,95.1389,5
190.77582,15.02146,152.72745,46.88916,5
72.197624,24.819355,152.15747,174.76027,2
68.23972,121.059654,152.9256,97.962456,5
6.4024396,98.979225,150.70502,106.63496,5
113.54961,136.77489,152.7568,78.8978,2
131.48238,55.11899,150.98927,190.72545,2
75.89946,74.258286,151.94577,159.64041,2
120.37678,30.793043,152.25772,158.44638,2
3.6411169,46.73992,150.90915,203.75072,2
149.47217,27.25911,152.37814,88.28843,5
88.417564,5.453929,152.44614,184.35956,2
78.13532,38.274853,151.38698,148.55113,2
22.225286,45.939865,151.26657,198.25598,2
122.353485,117.67941,152.74078,214.3286,2
164.07195,129.42722,154.14456,191.55719,2
94.62761,96.66802,151.52698,187.76312,2
5.9128017,97.50733,150.28412,169.96855,2
167.09044,43.839706,152.04517,119.267006,2
112.79044,87.33157,152.08173,182.31425,2
140.04852,25.844824,151.59479,43.518253,2
142.36255,147.95398,154.83737,67.49072,5
153.66907,145.94084,153.72852,61.97435,2
97.459076,21.547443,154.56927,134.67784,5
147.08183,49.488373,152.06541,81.07309,5
41.54968,74.01985,151.66621,159.52577,2
175.96469,80.645836,152.63815,158.37193,2
100.48192,60.655704,152.82378,84.03625,5
85.95272,96.37767,152.87975,155.50171,5
176.59912,130.47952,154.54356,200.08017,2
188.13422,54.645817,153.9237,127.14619,5
162.90303,23.398438,151.5415,188.42723,2
1.7154313,21.15282,150.65886,136.20827,2
170.97574,60.555607,151.0889,176.63548,2
36.933132,139.92525,150.70619,105.51258,2
105.13157,11.764856,152.6814,112.70138,2
182.13608,15.523938,153.71777,58.309776,5
153.08626,54.616467,151.28107,180.77492,2
178.10445,145.28876,156.09982,89.51299,5
86.1881,127.16148,151.68561,187.22153,2
100.6338,67.279366,151.52155,190.89801,2
196.3872,94.75359,153.51619,112.2313,2
41.469692,20.234606,150.0922,221.9365,2
115.08322,20.192043,152.41074,83.511635,2
98.59356,96.39822,151.53955,161.51009,2
178.69804,51.40178,152.25528,210.81989,2
99.45863,26.29738,152.95473,130.01463,2
63.443302,50.984894,151.45091,74.258514,5
149.55096,127.00091,155.15103,70.112526,5
199.13396,2.7869935,152.09575,148.87534,2
192.18944,65.691986,151.07082,184.50491,2
65.40116,112.460075,151.58142,175.41139,2
80.69608,98.06093,151.54117,180.6197,2
130.84198,2.4857378,151.78017,74.42639,2
125.623924,103.65995,152.85188,142.40533,2
104.19987,73.38241,151.79004,168.88783,2
199.89476,44.02174,152.94429,190.05426,2
37.288155,19.130053,149.89667,168.44402,2
185.93129,100.175186,154.4753,44.411236,5
98.73045,0.10596112,152.23502,163.96733,2
154.5964,32.896534,151.63646,112.539825,2
135.74818,47.912777,151.55858,197.7034,2
34.803528,71.117195,151.44476,62.845592,2
4.3310676,75.61842,150.27844,194.2941,2
51.118786,109.977806,151.61343,171.90407,2
140.82933,4.2333474,151.577,203.0389,2
152.41434,95.81206,153.70131,174.31728,2
96.68352,21.330278,154.09999,90.066414,5
146.52402,101.7178,153.78008,72.284546,2
26.117172,104.339645,150.98123,179.38934,2
69.55314,143.98758,151.38849,44.222878,5
21.09611,71.50131,151.08199,95.91608,2
197.8932,147.98859,155.7175,178.44246,2
146.72075,126.49082,153.55984,202.14465,2
182.34644,97.88365,153.3557,189.22444,2
136.00209,13.2968645,152.5781,125.15039,5
13.839899,41.72049,151.40074,104.933235,2
161.65099,29.979052,151.93593,168.63708,5
187.90933,108.82287,153.75961,170.54709,2
76.34208,70.64235,152.10454,89.04262,2
177.89311,129.88861,156.58452,62.98398,5
136.14073,35.347965,151.65894,142.31708,2
48.61192,92.67147,151.94852,208.6651,2
183.17693,83.92909,152.77386,179.17769,2
79.566765,62.110855,151.85646,158.52425,2
94.798645,47.978104,151.28406,156.36523,2
87.12772,115.14628,151.48817,188.16805,2
185.88676,83.17503,152.70403,45.111137,2
167.85448,4.2117233,151.50587,155.85138,2
107.22815,132.55278,152.39156,188.41573,2
92.591995,48.382294,152.35,65.86343,5
115.76456,22.210457,152.38449,173.19908,2
22.803587,120.63824,150.94765,194.98914,2
96.398415,94.165955,151.54189,185.13925,2
52.38265,53.912476,151.73555,78.54052,2
100.59498,70.593155,151.73329,174.26741,2
192.96362,143.57622,155.5779,103.222824,2
91.041916,18.955986,154.55214,79.9075,5
173.60094,136.82799,154.669,67.48441,2
126.640594,69.44588,152.76485,87.599525,5
65.09067,145.56857,150.75392,210.53871,2
38.561653,79.174774,151.66086,214.18932,2
38.63777,77.13158,151.59438,175.51764,2
132.28278,39.644382,153.60695,67.58964,5
138.94978,27.364689,152.72948,113.136765,5
77.31558,149.35335,151.46228,135.78384,2
51.43794,76.54771,152.27588,91.15027,5
117.19289,61.696507,150.6725,188.46397,2
166.88478,39.469597,151.96371,159.90076,2
44.247112,50.97561,151.80864,88.379585,5
165.47583,59.725903,151.04335,192.30704,2
89.01786,126.89277,151.71233,198.16519,2
116.11299,116.19864,152.40837,100.543236,2
98.69194,144.19704,152.53549,173.51765,2
41.41863,77.51959,151.70438,176.29617,2
17.29388,77.486824,150.7259,184.6174,2
45.578686,44.802975,151.03069,195.32607,2
187.05807,109.46812,153.74576,145.44388,2
10.234204,85.14723,151.57588,126.02693,5
43.001957,41.12096,150.85866,158.34465,2
109.79472,92.886314,152.20216,82.65049,5
45.825695,52.522865,152.0252,57.149715,5
20.358952,88.62352,150.70908,164.22934,2
86.10941,48.824688,152.53171,161.53519,5
65.387024,77.44133,152.02103,152.76231,2
130.26126,145.5467,153.38762,60.949944,5
116.81954,91.869804,152.28374,186.29088,2
140.28578,116.65861,153.47633,176.7566,2
131.30594,64.05306,150.74384,196.11882,2
32.606785,47.3315,151.30573,182.5492,2
31.62512,73.32326,152.14078,114.28746,5
28.360882,124.89497,150.88335,141.69963,2
193.72655,7.055486,151.98961,146.9414,2
161.60182,1.797613,151.45308,181.79443,2
90.54919,77.46543,151.77527,178.82626,2
98.808876,20.624697,152.92723,147.31671,2
180.5923,112.09111,153.87413,149.1041,2
29.849365,142.6156,150.81883,187.1237,2
162.2659,23.17065,151.57219,181.8281,2
95.13191,109.66866,151.60231,80.458145,2
96.28997,33.772606,154.6265,55.68884,5
95.740135,101.38822,151.43657,194.09645,2
174.44647,76.29787,152.0762,172.4326,2
20.425552,78.07419,151.34668,96.275734,5
131.02744,126.32295,154.32727,50.10099,5
93.831635,51.28012,152.06705,74.98787,5
158.07417,29.39044,151.54352,54.873974,2
144.96793,139.86702,153.35916,173.4327,2
94.21924,1.3817301,153.04587,93.199615,5
128.05792,2.5055325,151.87192,194.5887,2
17.54203,130.3728,151.6552,46.060215,5
2.4293196,142.49304,151.54486,210.14056,2
12.88163,21.414787,152.11827,78.57592,5
97.37705,118.48927,151.74113,179.3625,2
182.14203,39.15094,152.54257,163.03992,2
7.589663,24.716423,152.79092,83.92854,5
79.5144,33.756065,153.8731,135.30608,5
191.8158,94.59534,153.19093,154.08836,2
117.14545,145.30241,152.88571,165.47415,2
163.8339,1.8435426,151.64072,81.30854,2
138.41803,73.793205,152.20168,112.1778,2
19.533657,53.247383,151.25858,55.913406,2
110.58127,111.732666,152.0936,166.01564,2
61.61012,41.52291,150.02812,182.20186,2
46.940502,147.27353,150.43558,177.15565,2
142.52188,23.569374,151.3098,206.40808,2
82.9662,65.67167,151.89723,128.91528,2
103.146935,106.89968,151.71277,81.506256,2
117.22411,45.68909,153.81642,107.580925,5
71.96034,68.595245,152.06818,199.60019,2
127.62465,98.203156,152.92738,168.97855,2
60.312164,18.402885,151.66956,187.6894,2
186.78368,136.83287,155.15038,220.35811,2
107.75441,65.99824,151.6774,83.63721,5
42.58562,109.300514,151.4537,182.43571,2
6.344444,71.64514,150.44052,173.51884,2
65.186966,26.494513,151.5057,206.18883,2
143.64374,128.20781,153.41425,65.3802,2
18.244946,145.30974,151.29677,193.97429,2
113.26429,147.82634,152.90363,186.4391,2
70.26958,0.9179566,152.2558,176.66214,2
89.1859,35.57695,152.60495,131.87654,2
19.740002,29.091629,151.22275,66.48434,2
34.931408,144.61166,150.63759,184.6657,2
179.80554,102.06863,153.44594,215.57529,2
133.87146,80.73924,152.82512,163.43471,2
5.925844,136.32605,151.30347,184.02461,2
156.41855,121.3628,153.91296,163.70212,2
86.17765,132.06287,151.75255,147.11925,2
37.454315,143.2747,150.59665,199.08772,2
122.916794,83.214355,152.53973,195.91016,2
147.55893,80.563675,153.07431,201.87431,2
145.46983,51.425034,151.41931,171.11499,2
162.66379,37.017624,153.26437,98.407,5
56.668716,73.90041,152.01842,83.05032,2
126.638245,10.153287,153.20244,74.88805,5
139.57997,134.66768,153.25282,100.61139,2
123.50066,104.40861,152.76645,87.08955,2
58.391853,82.31301,153.01135,35.711693,5
78.14468,138.16823,152.12271,91.897095,5
38.195827,134.76581,150.83534,53.538963,2
61.726738,31.566473,150.47557,146.05646,2
103.98758,74.47483,151.86244,195.4568,2
136.64319,34.026814,151.54485,170.03165,2
90.29444,67.90811,151.8218,202.56726,2
81.31698,144.5536,151.63452,204.41647,2
183.79185,69.005,151.56328,95.87149,5
144.764,67.79286,151.02824,132.82112,2
144.64453,116.50894,153.69301,70.814064,2
125.14756,2.2626958,151.91273,172.04323,2
95.39926,96.68534,153.17383,85.388275,5
3.68723,118.96832,150.76144,166.9844,2
33.96588,149.94626,150.69513,174.15538,2
77.63319,147.29936,152.63669,63.061237,5
196.51909,100.86867,153.68573,120.05233,2
19.821598,99.16139,151.51863,105.00332,5
109.89367,7.1665215,153.48723,58.143116,5
59.161137,78.2946,152.06163,214.1129,2
89.96153,122.211365,151.6678,64.734406,2
40.67522,5.91799,151.43112,172.57637,2
103.488846,23.981792,152.88362,173.45506,2
76.45148,101.41614,151.56644,63.23543,2
78.03907,99.03368,151.92966,81.81066,5
75.566795,28.808144,152.17905,202.1229,2
135.99979,31.1457,151.5015,192.1656,2
153.85825,137.90688,153.73355,134.43321,2
83.91698,104.91011,151.69217,69.45943,2
175.84264,115.03146,155.5201,86.55474,5
177.04796,83.85368,152.98898,67.17287,2
91.521904,2.8165896,152.56207,102.4718,2
108.1441,141.73492,152.68398,164.20515,2
33.185368,18.00006,150.25026,53.64589,5
143.56743,145.01288,154.74246,77.03513,5
72.57922,143.54877,151.21666,181.44527,2
127.73417,16.272673,151.80783,176.41075,2
48.95972,25.756731,149.9636,193.6076,2
85.23929,79.78044,151.76971,87.57833,2
163.25296,50.228966,151.87378,212.919,2
120.62329,130.61732,153.0512,92.91887,5
81.79253,34.579845,152.18327,207.52904,2
119.46224,95.05506,152.41283,161.66795,2
4.9329,20.360962,150.69458,163.64197,2
23.006012,43.19829,152.47467,104.66369,5
153.72987,101.45872,153.7728,118.47889,2
87.14864,71.90337,152.20259,102.19078,5
46.490536,0.17128614,151.75293,181.21573,2
107.297966,77.100464,151.91908,172.50275,2
153.02803,129.66219,153.7465,200.60008,2
54.442276,129.12477,151.6576,93.25104,5
8.957241,22.842026,150.79874,205.53143,2
78.516495,100.09733,151.5455,191.60439,2
12.507417,111.65256,150.59296,179.83217,2
13.580505,50.88354,151.31502,77.35713,2
85.38392,1.7333157,152.50096,57.378754,2
106.94313,32.499573,152.81085,160.6297,2
129.2226,126.573906,153.04251,241.38681,2
111.30007,25.231537,152.60054,178.37593,2
51.9989,45.01821,150.85315,158.98329,2
182.40092,128.58667,154.63017,114.874535,2
117.92463,147.62703,154.68553,68.92018,5
55.06067,142.39412,150.48184,175.61105,2
35.114285,105.68828,151.25662,169.66968,2
2.6921918,125.67044,151.15042,45.111385,2
89.29721,20.766502,152.91573,91.71562,2
148.6338,51.766747,153.25198,106.41003,5
152.16107,114.3835,155.24251,62.85845,5
90.91035,9.582112,152.59889,180.56711,2
22.928425,54.383133,151.20953,152.69652,2
103.85494,131.39436,152.3175,86.57348,2
60.84443,140.61073,150.69475,186.75963,2
15.772533,102.42495,151.8351,121.09998,5
73.49544,136.5312,151.25536,173.93874,2
0.8947099,149.61565,151.73027,91.44754,2
193.14937,119.47912,154.40358,93.08493,2
145.37411,52.257378,151.41408,193.45584,2
65.84413,113.92049,151.51297,173.34221,2
117.72654,22.621807,152.56154,79.096756,2
75.615845,42.621635,152.4029,77.634514,5
130.1973,69.810455,151.39311,217.63147,2
13.537857,132.67448,152.95564,113.1255,5
189.07326,127.588875,155.08292,92.24579,5
37.193073,100.246544,151.42549,211.74261,2
114.810684,48.8475,151.66798,169.93988,2
115.4598,8.932132,152.65273,92.36175,5
62.391632,47.226402,150.71585,185.41853,2
142.18272,129.26985,153.41591,156.5492,2
39.040165,1.2128133,152.5867,120.8776,5
33.646133,56.418125,151.3664,132.15654,2
15.711948,101.62561,150.7028,70.07066,2
43.900986,48.861977,152.98901,85.62933,5
66.85902,75.84854,153.96187,131.89243,5
60.094673,44.789516,150.64716,104.04905,5
154.93536,97.616806,153.7248,150.28796,2
121.08615,148.44795,152.9111,191.19559,2
38.04968,26.87886,149.50331,185.32437,2
3.8769484,71.039955,150.4432,79.92469,2
52.092163,136.43994,150.64912,217.23688,2
13.775878,50.339787,151.11035,187.30882,2
57.303474,130.41025,151.56197,64.311905,5
101.70154,54.69848,150.80437,184.86234,2
149.93852,56.06433,151.07774,148.1985,2
128.30309,29.154804,151.85493,184.67273,2
118.76124,1.4404794,152.02402,185.22113,2
33.14073,71.97839,151.39009,181.1175,2
72.46829,130.77115,151.31854,175.42967,2
157.68315,128.2825,153.97086,73.00663,2
137.77834,136.82768,153.22212,97.77514,2
151.6329,46.800102,151.54247,218.49251,2
29.7864,105.296135,151.07997,189.96828,2
159.6877,50.122616,151.82384,80.90077,2
83.12865,31.145523,153.83284,53.37879,5
76.71307,98.816826,151.65802,160.17299,2
136.06973,128.2535,153.17415,61.778873,2
185.65744,136.36536,155.78766,133.6255,5
192.73698,101.24264,153.51485,32.18226,2
31.34994,117.0782,151.61925,82.2798,5
113.635956,46.70203,152.20775,107.513916,2
150.08597,99.34504,154.94415,79.20389,5
10.84162,136.25719,151.27983,176.0883,2
192.23073,16.428968,152.9565,99.21891,5
180.75676,26.816914,152.43704,120.80996,2
92.735146,9.721337,152.62648,165.32878,2
68.477264,81.750046,153.72142,45.88028,5
22.667059,89.67302,150.86165,216.18245,2
23.343712,0.017724575,150.70828,179.82964,2
57.806705,99.15026,151.91281,190.51305,2
150.34802,27.028772,151.28554,179.28278,2
58.71738,118.459175,151.97047,122.144485,5
14.414059,144.31702,151.43626,189.16235,2
9.385095,103.714935,150.39447,173.35895,2
119.78726,48.239754,151.75555,178.03981,2
62.563877,126.83566,151.11826,185.74338,2
122.193565,10.174614,153.12106,24.129164,5
124.41689,127.356476,152.7842,147.16313,2
56.340637,57.637867,153.45415,87.6455,5
36.397808,103.95478,151.35124,172.8449,2
162.1696,19.185934,152.71115,62.203884,5
70.820625,9.099601,152.89076,57.838093,5
192.37953,0.61804664,153.49213,120.346664,5
49.620396,65.41023,151.78403,114.513245,2
13.573329,74.17346,150.62317,94.76545,2
2.5242085,25.681726,150.83826,167.30916,2
4.171756,33.31478,150.98117,151.0693,2
70.28217,9.229016,152.2841,162.17914,2
147.17747,53.4083,151.29543,77.81003,2
6.534561,121.98636,150.85017,167.28017,2
58.818245,92.34018,151.961,170.3075,2
115.24425,38.733,152.52963,57.616447,2
38.460087,10.193806,151.16385,173.96913,2
121.375206,94.99081,152.5663,135.91414,2
132.6599,67.714294,151.19818,95.882545,2
30.751137,78.92298,153.00931,60.544758,5
36.86564,70.52058,151.52579,169.91693,2
197.8266,4.192077,151.95868,175.8346,2
78.04852,58.271988,151.63321,154.15263,2
71.08319,123.733284,153.2679,68.26017,5
8.034214,128.4311,151.05212,100.98251,2
128.09158,119.8193,153.25787,85.86467,2
182.69489,3.7889361,151.68697,174.47102,2
153.7017,72.793785,151.88432,192.73454,2
131.99632,15.281558,152.79312,91.402145,5
89.783585,81.947754,153.34712,79.26601,5
62.730133,77.42053,152.02193,84.90211,2
2.011166,45.628986,152.70973,101.56251,5
128.53506,71.57933,151.7099,184.20764,2
17.897448,76.1122,152.14076,98.153336,5
33.146946,44.03569,151.21924,202.66058,2
47.245445,23.125206,150.24977,174.46712,2
17.665356,72.016884,151.25026,123.81182,5
118.85174,83.0493,152.45967,62.06264,2
194.68047,77.356255,152.28964,203.87215,2
116.673325,85.23036,153.21399,56.658024,5
171.28645,71.68636,151.51242,172.25221,2
95.336655,116.39453,151.76259,91.07831,2
185.97029,75.73801,152.0145,144.79483,2
47.26331,102.33314,151.77039,185.30586,2
82.59255,92.31134,151.57169,57.2722,2
176.56754,27.162334,152.13959,185.56143,2
157.23009,1.6907903,151.40611,150.33281,2
121.048874,11.995158,152.4247,78.64984,5
92.29372,87.40938,151.51974,192.48842,2
22.070047,99.49024,150.73604,199.88255,2
72.16885,76.13302,151.96063,185.1489,2
159.46468,135.09813,154.00298,157.83777,2
157.06502,138.09639,154.65054,56.125008,5
176.97014,108.0332,154.16988,96.66182,5
138.64195,130.6827,153.25113,190.00789,2
118.0266,136.26006,152.76933,177.21558,2
139.59392,102.47413,153.51819,172.83176,2
138.07292,145.4452,153.45306,92.797066,5
4.098813,124.70977,150.9582,213.74248,2
130.05116,90.014305,152.9611,152.75041,2
152.32408,46.30456,152.52701,90.105034,5
53.48789,114.784805,151.43237,161.49324,2
107.06482,117.21515,152.7917,97.53307,5
75.269844,148.3645,151.2834,173.34357,2
135.70569,90.391594,154.73056,127.253204,5
34.48754,126.507484,150.92157,173.9057,2
82.496475,137.33351,151.60707,187.91658,2
69.41708,29.871288,151.55647,180.02443,2
17.083803,5.287453,149.58298,110.05918,2
85.99827,108.01469,152.1311,111.393394,5
112.38953,51.266655,151.33147,168.01143,2
182.7986,98.89888,153.6704,79.753784,5
102.33318,69.07824,151.65964,161.52138,2
66.11794,42.986496,151.8896,54.912327,5
14.254328,61.36242,150.9378,155.36093,2
136.09544,37.358776,152.265,92.995026,5
85.50829,73.34711,151.86932,191.13681,2
106.456085,134.00732,152.47542,149.18594,2
86.33005,124.94831,151.62796,179.37631,2
37.82204,32.924774,150.45174,85.81773,5
129.17479,29.302307,151.79558,45.480774,2
151.50314,73.666794,152.15045,143.40155,2
74.45174,58.96022,151.74107,178.16156,2
155.16269,71.981766,152.17111,66.26364,5
170.23778,1.4184145,151.48737,166.34787,2
160.84871,130.16734,155.2426,79.75866,5
55.833183,100.75748,152.07178,99.54933,2
40.956043,62.90104,151.52307,173.54852,2
132.37056,80.45735,152.78117,107.46477,2
175.5108,91.635826,153.20703,213.21443,2
60.693237,119.45694,151.39005,209.9352,2
65.02348,99.07712,152.56248,87.725845,5
156.90059,29.711815,151.64232,75.66959,2
44.520702,70.33919,151.74026,157.10825,2
147.58286,23.685423,151.31313,140.26059,2
70.780014,148.63788,151.47615,68.93037,5
147.18718,81.0629,153.14699,224.08772,2
21.277035,55.772297,151.14635,179.6563,2
108.31665,31.420897,152.72824,153.46786,2
0.3268464,56.05977,150.62637,225.37045,2
190.52596,133.03871,156.5034,85.02811,5
44.65146,6.575332,153.2144,111.35441,5
30.956547,99.21148,152.18077,77.76141,5
146.02325,74.088234,152.14165,189.13727,2
114.639206,116.60167,152.3635,162.70956,2
181.67134,118.224655,155.17505,52.28037,5
127.58475,14.012623,151.85242,105.16466,2
163.1459,75.44114,152.13142,149.75443,2
26.90339,58.29172,151.18224,196.53873,2
99.02261,49.364765,151.25429,199.44179,2
179.11897,148.76524,155.24661,174.62845,2
13.079731,97.05353,151.83914,100.4039,5
187.8914,125.01112,154.5121,186.38599,2
71.09637,123.61904,153.13898,73.26066,5
129.66203,32.884663,152.03743,105.58521,2
91.2338,41.76051,152.00479,194.50423,2
51.23837,112.83685,151.49654,97.59813,2
174.14597,72.354256,151.57156,191.80263,2
146.21906,25.10787,152.723,103.654755,5
70.50758,7.6483293,152.55005,82.79807,5
11.669921,116.38638,150.76196,108.69023,2
33.77461,7.240915,151.0697,219.48412,2
192.81252,25.13352,152.61554,212.87262,2
4.892473,120.17297,150.79657,184.57162,2
130.51897,81.969406,154.32204,108.486015,5
88.88732,96.8258,151.4598,130.36887,2
175.22572,17.540249,151.88376,218.2852,2
30.420065,143.92741,150.80276,180.35008,2
115.972755,16.654606,152.42633,28.309412,2
123.60567,46.293453,152.7445,124.81145,5
127.68242,0.37973368,153.43303,76.483055,5
41.740074,27.43546,149.44489,194.26553,2
55.83296,129.2681,152.0099,83.66614,5
32.656197,82.44002,152.03728,118.91687,5
80.18717,41.683823,151.15909,160.98079,2
179.84662,115.68372,154.0304,179.88245,2
129.64653,17.847265,151.73827,188.9455,2
115.09316,75.119675,152.05103,158.49828,2
100.65741,110.10755,151.73114,67.82803,2
13.422962,27.88175,152.81403,71.88421,5
9.210649,107.50222,150.41275,164.2921,2
42.50061,40.201138,150.75923,199.55356,2
129.35457,128.71523,153.02046,155.13405,2
38.65424,100.65681,151.64375,102.71585,2
76.55079,85.18501,151.84253,177.33388,2
130.97821,116.50652,153.14943,168.1633,2
127.974365,16.062874,151.8147,155.55707,2
194.73055,25.85026,152.64612,218.53035,2
42.201515,101.02525,151.63992,157.5117,2
171.29045,147.1799,155.63873,28.498652,5
193.02254,87.90483,154.73636,69.94502,5
76.86937,74.275154,151.96489,171.66644,2
7.5586195,25.86408,151.05383,181.66689,2
179.0634,112.562614,153.81516,202.42548,2
96.15411,76.23697,152.8903,82.94812,5
12.923523,93.836235,150.39706,160.65964,2
64.40244,140.20154,150.90349,122.787964,2
102.70211,78.05223,151.8117,232.14369,2
0.5792369,66.19437,151.40218,64.08704,5
152.21701,79.33941,152.86636,211.34917,2
132.2215,148.44768,153.02765,162.73755,2
54.81335,26.449697,150.4734,197.83682,2
30.219013,92.00042,151.27243,64.48634,2
60.705315,81.12529,152.09923,190.7916,2
178.15524,124.892815,154.37262,160.0515,2
132.27573,14.834949,151.85193,111.23224,2
91.66458,24.171043,152.89062,174.84724,2
53.865894,117.1687,152.2823,119.12283,5
161.61673,86.69765,153.34378,191.74477,2
150.80963,130.25343,153.6916,210.07344,2
178.45654,132.56735,154.7107,198.76653,2
55.139435,63.743454,153.67372,82.23784,5
86.020256,6.2279162,153.52809,65.52994,5
6.6314683,64.69714,150.62968,170.17972,2
124.544945,49.24203,151.62364,204.79494,2
102.299614,95.95096,151.99806,79.462776,5
33.494514,133.90677,150.79214,192.39812,2
5.54991,28.57231,151.03448,204.51436,2
132.0169,79.84761,152.68478,184.30591,2
136.7959,50.573204,151.43454,183.98657,2
84.31001,83.28716,151.70517,111.0744,2
39.947144,103.181,152.56752,81.799,5
73.38819,75.04556,152.49182,24.30007,5
158.25087,108.367195,153.86249,188.09273,2
114.29331,112.609985,152.26009,184.18382,2
48.683384,59.376434,151.63678,207.45206,2
163.15904,18.74753,151.4622,169.36783,2
87.93194,127.16777,152.87021,112.25044,5
180.76501,53.775127,152.0654,144.12617,2
72.082405,31.82027,151.61432,213.72371,2
118.21389,75.11237,152.54512,118.48544,5
183.83276,126.3665,155.85915,114.33337,5
32.41954,129.44728,150.8811,177.29541,2
54.780453,146.1291,150.44495,201.56555,2
49.274807,125.53051,150.99796,97.14078,2
119.7051,113.09812,152.55928,186.5936,2
73.83588,88.95067,151.9957,91.77285,2
136.94508,100.443245,153.41866,180.3778,2
65.78782,60.036076,152.6097,109.0467,5
141.75983,145.27512,154.07144,59.926273,5
153.41324,9.718959,153.10167,126.10397,5
72.3654,116.923775,151.43672,172.28491,2
27.68056,2.352957,150.9999,188.7512,2
27.231085,20.802889,149.76717,115.98875,2
161.29808,126.46146,154.03647,177.23428,2
145.87938,35.125484,151.35568,68.350975,2
89.36446,82.30339,152.53693,82.66604,5
108.10376,18.017464,152.66565,179.22166,2
46.513878,37.3176,150.06528,196.17107,2
126.87773,124.676575,152.95636,193.11192,2
109.13169,31.767336,152.73898,170.89868,2
103.78951,134.33408,152.4382,167.72417,2
128.95361,74.85442,152.38683,58.563995,5
48.174675,102.694435,151.73524,133.79889,2
179.62967,10.028206,151.82614,179.29726,2
12.754143,33.5731,151.2576,194.81705,2
128.99847,24.955961,153.27614,141.28482,5
136.39417,136.99747,153.0814,154.42332,2
159.27768,32.784443,151.62851,78.72658,2
128.61594,1.1932536,152.90323,90.05979,5
30.811527,27.05189,150.5418,76.28676,5
113.56759,72.83627,153.6933,72.68667,5
32.341698,90.27258,151.28851,181.28133,2
161.89302,109.18119,153.82446,193.0732,2
42.736,28.891914,149.56062,69.749374,2
156.54614,20.590324,151.33047,113.605095,2
115.882866,47.17279,151.92464,110.19283,2
20.990107,18.324934,150.99538,71.385124,5
129.5128,103.40913,153.51193,69.23569,5
187.2255,2.604931,151.6882,149.59047,2
128.8563,45.920887,151.85779,220.94585,2
82.407455,118.35296,152.29576,59.405792,5
7.337774,76.43851,150.38232,194.36797,2
156.151,141.29233,154.97195,107.09871,5
116.58894,1.6744723,152.19315,73.42294,2
165.09882,103.59325,153.7443,186.591,2
20.873718,113.81893,150.75502,172.62863,2
142.60785,101.41238,153.59485,185.78325,2
82.40494,119.85611,151.48131,202.97322,2
112.972046,100.19868,152.09691,207.74704,2
176.62712,129.96393,154.59052,202.79083,2
148.48401,24.244217,152.26889,102.99876,5
103.90787,45.233185,153.2293,95.390686,5
51.230385,108.03955,151.62747,227.8092,2
57.847008,75.12713,152.05786,196.9473,2
107.5767,91.22138,151.81783,145.85764,2
196.13298,33.27776,152.83743,191.11057,2
58.25579,50.008266,151.23512,62.85642,2
102.35145,90.713844,151.63539,194.61034,2
199.7606,122.12004,154.57787,174.01366,2
139.46913,107.09718,153.51033,133.38054,2
66.49957,148.57063,151.1885,54.016304,5
148.1334,101.56549,153.74066,178.6535,2
5.8656354,78.665985,150.31517,158.97665,2
6.924638,141.89078,151.51926,151.68762,2
196.88252,75.02204,152.61177,51.264725,5
116.22625,35.476303,152.59668,92.85983,2
103.98778,58.54004,150.72078,184.97903,2
131.13982,57.82448,150.70943,167.13419,2
155.62447,21.001358,151.9887,72.3771,5
49.69768,129.60889,152.6151,78.64833,5
21.385689,28.576366,151.364,55.49967,5
173.90271,72.99505,153.16704,85.62331,5
16.626562,59.52932,151.01962,119.93746,2
169.4709,98.454735,153.53429,152.72029,2
143.31485,2.4762945,151.56187,142.4047,2
127.14741,148.00334,154.35872,35.337547,5
166.55971,126.56491,154.17647,196.47514,2
102.60472,38.452126,152.73613,126.18057,2
84.54833,32.61969,152.58363,64.20318,2
52.526566,120.49544,151.23654,154.31323,2
74.86554,27.647354,152.19434,173.15463,2
127.89553,139.29869,153.67386,108.74875,5
13.70983,145.36234,151.41632,182.99556,2
150.74042,3.8635619,153.27213,93.92179,5
41.117462,8.640133,151.3712,57.627384,2
189.98589,123.79931,156.39394,105.01666,5
47.69991,135.505,152.15025,111.05278,5
73.57575,39.66717,152.56885,106.68702,5
6.427752,20.755287,150.75766,182.81342,2
19.36546,57.066936,151.15575,170.27007,2
113.39591,130.55267,152.5486,188.24551,2
156.15305,3.7091596,153.22063,100.14925,5
37.234226,135.15518,151.58392,49.018566,5
29.994724,26.308687,149.97766,110.074165,2
146.22194,7.4695044,151.45262,156.3069,2
17.327034,125.94012,150.95453,198.62268,2
45.788746,81.59143,151.845,188.89745,2
119.85638,48.742634,151.69505,185.40031,2
65.305115,101.58142,151.7775,101.14135,2
151.09232,115.10719,155.28479,41.527016,5
12.596477,119.967636,150.77971,168.40504,2
39.56839,47.966885,151.63446,50.80644,5
20.009207,131.81694,150.9927,184.50755,2
100.40867,54.016838,151.34573,70.62072,5
67.822716,122.36011,151.31398,176.2112,2
123.191216,21.014315,152.54016,103.27998,5
80.06275,26.988985,152.48601,181.87863,2
8.60065,5.4971375,148.8216,61.86156,2
69.48572,104.711655,151.73302,126.97814,2
124.57808,16.564835,151.97507,183.4545,2
47.600197,99.01999,152.23788,73.75954,5
176.44058,139.45718,154.94011,181.51257,2
72.21469,20.523354,152.21898,176.86061,2
66.58978,64.0992,151.93964,185.12538,2
36.69556,36.44895,152.09578,101.32732,5
61.462357,77.50228,152.23315,127.84241,2
190.70044,30.147533,153.5304,71.5113,5
142.0668,50.720978,151.57861,86.88649,2
27.376947,37.580048,151.147,150.78702,2
189.64565,1.5699188,152.17862,109.87651,5
116.46306,71.31719,151.70287,185.76799,2
199.20485,14.4340725,152.31403,204.32393,2
43.35284,18.77954,150.51933,181.33922,2
194.38832,92.9637,153.20181,182.24797,2
133.1656,20.115667,151.62422,99.704796,2
135.89705,1.771221,151.68147,38.60695,2
41.244347,85.004684,151.7521,200.75592,2
123.14833,98.73126,152.84927,97.9158,2
127.28847,139.30827,153.71455,97.46478,5
167.64961,121.98627,154.12312,166.163,2
96.64779,21.114937,152.84955,175.53954,2
111.87581,26.685593,152.61998,65.40197,2
0.457775,86.681786,150.14677,100.60474,2
157.97539,47.464172,151.72574,139.45529,2
111.37162,130.90527,152.454,84.241135,2
42.235565,53.21761,151.42603,111.987595,2
174.9135,71.74075,151.40817,173.26036,2
184.09325,122.90377,154.39888,181.90651,2
21.98574,121.73774,150.96155,96.94324,2
184.89915,24.35789,152.40413,216.82565,2
146.69028,124.01645,153.60039,156.12625,2
60.023457,112.82259,151.519,211.26076,2
141.5903,139.409,153.27888,178.35625,2
71.07342,102.652596,151.6833,208.09586,2
48.54475,17.469507,151.12508,68.09521,2
7.351462,78.2864,150.35149,162.18294,2
194.85316,128.41512,155.0681,123.98033,2
68.231544,137.86555,151.04175,176.45685,2
74.171165,50.99662,150.90242,196.83296,2
0.53886575,146.79543,151.6918,172.48172,2
123.46369,48.37468,151.72415,207.99263,2
62.237103,135.04277,150.91716,201.76657,2
118.27318,123.433334,154.04007,129.81422,5
98.25596,96.75529,153.19139,110.06808,5
43.321808,54.003918,151.47148,154.91066,2
66.101555,13.393994,152.05821,201.57097,2
95.05633,90.70997,153.30727,55.27372,5
129.99008,78.66913,152.53447,168.60036,2
133.83488,85.865616,153.13666,83.64837,2
164.04929,99.08791,153.71732,237.3365,2
49.117043,20.486874,150.72427,91.27495,2
171.44281,61.202076,152.18741,77.3279,5
121.02867,17.53416,152.16193,75.834366,2
178.31192,106.931145,153.68016,71.25838,2
129.28056,120.96907,153.02602,183.92683,2
103.54446,130.41823,152.24405,231.40909,2
53.09723,128.39145,150.96295,105.47265,2
52.518536,72.9051,151.90898,192.36032,2
188.64119,83.057,152.74509,147.06117,2
105.65811,45.67475,153.83951,82.34062,5
10.700889,126.73769,152.84578,84.689186,5
53.228714,148.2522,151.51627,102.32929,5
175.019,76.57943,152.1404,189.50328,2
168.87457,59.18129,151.16838,196.36327,2
110.96807,101.322395,151.98592,192.92812,2
87.0585,56.831223,151.12231,165.28635,2
155.47357,80.369255,152.95697,58.93274,2
69.02149,132.61595,151.09996,157.22421,2
196.40222,40.91755,152.89987,80.34323,2
14.562856,147.69153,153.20258,104.9875,5
70.899864,64.50774,151.98112,208.88184,2
68.11406,89.488014,151.9048,188.48613,2
164.17929,34.997463,151.7942,74.73975,2
86.80815,8.867132,152.8459,100.11483,5
172.68205,80.7008,152.87996,57.562862,2
180.33104,59.293446,151.48032,103.93099,2
129.1154,122.11975,153.03218,148.85689,2
77.6373,136.55943,151.49025,180.73882,2
62.74996,125.86402,151.28336,95.79444,2
157.79553,44.704945,151.70554,175.95143,2
95.15333,103.76601,151.56297,78.73495,2
79.638115,43.108257,150.87341,170.30087,2
82.00329,22.367287,152.64886,176.6953,2
181.48781,19.00302,152.112,163.20418,2
58.829624,79.853966,152.0774,207.9284,2
39.118496,13.37225,150.865,217.096,2
173.80089,74.1835,151.8511,74.1928,2
140.46248,2.8300843,151.61113,158.76741,2
198.86436,13.454625,152.29636,137.56311,2
132.89398,54.41416,151.03024,166.41505,2
166.84407,134.53403,154.32416,130.70445,2
105.21373,93.12157,151.70636,163.34712,2
133.06947,106.26372,154.43129,56.575893,5
3.2601113,90.7255,150.1735,178.1697,2
98.456795,11.06648,152.66779,201.99562,2
82.89778,148.99068,151.75894,61.38529,2
58.510647,139.93896,150.64392,183.5695,2
50.283524,33.106224,150.35469,95.11122,5
129.23611,148.09364,152.99504,150.73604,2
12.801331,139.72786,151.35393,84.06162,2
1.4031557,46.03706,150.8372,164.30539,2
162.05894,20.734718,151.50125,193.95944,2
164.17763,40.81456,151.8544,184.23343,2
42.58577,107.04722,151.54144,172.74908,2
149.75182,74.53737,152.2735,115.140945,2
75.50619,128.09421,151.36386,191.76503,2
27.10561,16.980192,149.51128,172.61449,2
75.51828,82.393005,152.43138,110.90325,5
28.233349,28.72548,150.45154,156.1325,2
120.00984,99.858185,154.38484,78.35518,5
109.32888,131.83423,152.42459,206.4673,2
35.400284,44.72442,151.17897,196.70604,2
129.06174,112.620636,153.08893,186.57277,2
80.90637,146.79199,151.63855,190.97496,2
100.196625,67.368095,152.25366,89.882866,5
111.00195,104.21135,152.01659,123.07057,2
132.48434,44.81085,152.02704,103.127815,5
161.42323,63.38662,150.81944,160.87634,2
75.70117,56.70343,151.48868,186.13171,2
70.96268,77.41576,151.96104,138.75497,2
102.857445,51.10108,151.13965,197.85358,2
78.832756,104.716095,151.56786,209.31772,2
70.54942,24.073359,152.49141,89.648605,5
20.609179,87.37224,150.75403,181.53336,2
21.66566,39.8408,153.09222,97.730255,5
136.00093,45.189957,151.69356,145.15218,2
92.69274,49.195232,151.05379,165.96457,2
44.387085,83.9016,151.88708,189.6001,2
128.43257,149.40187,152.93677,187.59084,2
60.39607,34.02493,150.10815,186.1005,2
78.20421,118.87098,151.4407,81.488014,2
19.685862,145.99117,151.30124,113.547585,2
193.36655,76.25994,153.09338,86.35264,5
163.74089,5.6812463,151.4688,208.31087,2
42.764534,147.67168,150.4818,196.3164,2
136.9626,80.7389,152.8895,204.89091,2
53.13069,4.83307,151.89592,79.54888,2
172.28859,55.196785,151.69919,193.59637,2
34.33086,102.851295,151.38431,156.05545,2
133.8748,26.705183,151.60023,210.3374,2
50.58728,52.415295,152.15652,76.27915,5
88.472244,141.64024,151.97603,172.38658,2
182.55875,22.853842,152.30507,162.53113,2
145.77293,23.892557,151.24713,209.63803,2
92.04146,37.31963,152.58926,155.51588,2
2.184769,86.59449,150.27942,95.71337,2
95.9958,121.34502,151.79782,151.60457,2
69.03466,134.3479,151.09781,112.87528,2
23.24765,148.05316,152.38423,65.9535,5
84.38979,79.23975,152.83432,105.17076,5
122.7864,90.182335,152.57436,176.20195,2
61.912724,72.77046,151.99489,144.88338,2
187.81262,65.97893,151.5207,45.127777,5
194.8478,10.932871,152.21957,187.86826,2
63.41536,141.03221,150.76836,176.7437,2
50.034782,111.69032,151.48505,195.34178,2
81.0802,5.884528,152.65329,85.16363,2
27.461933,20.99541,149.59048,173.24188,2
180.926,76.57963,152.4214,99.261024,5
3.8416836,62.525368,150.576,110.9888,2
67.141785,57.478405,151.7108,176.93906,2
141.7238,22.389193,151.33551,184.2707,2
194.54077,121.16354,154.44229,186.47206,2
142.99033,149.09592,153.3336,61.823765,2
91.51249,115.882484,151.51993,138.15878,2
154.28673,29.13921,151.4091,67.01501,2
120.58807,146.84467,152.86723,187.98424,2
155.59352,99.62187,155.49768,97.25642,5
16.53813,103.790054,150.5267,183.62048,2
188.61165,24.76788,152.47363,176.3415,2
74.591995,77.36188,151.92746,194.08403,2
2.3685315,16.07679,150.33604,171.22617,2
123.386696,8.995092,152.3794,58.605774,5
73.04059,123.278656,152.46664,81.8164,5
130.85895,95.73404,153.06392,38.930687,2
163.9075,53.742886,151.70059,189.51338,2
19.492693,116.372635,150.78584,203.45287,2
192.41461,54.19903,152.32535,166.70009,2
115.814705,78.41256,152.13158,167.88925,2
10.9464855,71.06579,150.59856,186.10925,2
155.9293,139.28845,153.85257,169.09128,2
183.9655,24.094336,152.96007,86.97173,5
85.70833,30.49327,154.19345,110.70017,5
196.0003,91.67182,153.34,75.80752,2
177.17247,34.62114,152.55392,59.60991,2
9.37328,73.77863,150.50783,150.8337,2
123.97022,117.78369,152.75261,181.239,2
149.78645,2.8487477,151.46478,212.42155,2
152.88756,3.6989558,151.48315,146.16132,2
102.139595,106.14328,151.60928,203.02582,2
60.098763,23.961746,151.66418,43.249073,5
11.539839,120.42332,150.82167,194.2211,2
161.95424,142.20348,154.19542,148.50496,2
76.84656,22.863142,152.43617,146.4021,2
176.31705,82.041046,152.8032,214.34842,2
131.32747,51.859177,151.3224,181.65056,2
136.7933,6.3834558,151.61514,160.94978,2
46.58861,49.955494,151.3114,165.44121,2
160.97502,103.11985,153.86061,185.17241,2
2.8121371,103.108154,151.87483,61.492584,5
51.605186,133.17389,151.86308,81.87953,5
25.857096,97.95802,150.98335,172.87595,2
97.96247,101.57889,151.46678,196.8625,2
168.05075,129.8491,156.05783,60.96139,5
124.432144,94.579865,152.7957,169.41301,2
88.09971,75.28908,153.06592,97.993225,5
185.7417,119.909454,154.64487,92.82645,5
101.178024,51.23833,151.09967,195.2693,2
154.06561,129.52469,155.31636,111.138664,5
193.23761,60.553005,151.52374,187.39484,2
27.137663,139.7354,150.96916,184.34079,2
21.63346,18.985308,149.68495,170.66727,2
173.66415,142.8261,154.99727,108.17654,2
92.81106,28.393677,152.95763,188.25044,2
187.68015,149.6557,155.62733,173.80487,2
130.2561,148.77017,152.969,182.26012,2
156.36096,137.12892,153.79616,72.708435,2
58.626358,117.21169,151.38654,161.48705,2
64.87958,75.617,153.80382,71.0181,5
130.9142,20.23539,151.73688,96.00594,2
121.7922,26.078476,152.15909,103.908424,2
199.26344,32.562798,152.81909,124.51532,2
78.289734,5.35659,152.36153,105.425964,2
120.29351,11.567064,152.10811,177.1976,2
1.8364891,3.099539,148.44695,180.96346,2
83.47771,1.8977525,152.30528,195.12427,2
105.056816,78.47921,153.33571,151.47548,5
29.669634,52.184963,152.53879,119.812355,5
23.698664,120.29531,152.03705,86.11073,5
68.49333,9.441432,152.15994,155.74062,2
147.20203,11.469503,151.36519,194.3651,2
195.12161,48.434036,152.80177,178.67091,2
132.44821,149.33864,153.0016,75.42093,2
154.68988,49.770355,151.61362,178.15013,2
35.346348,117.36257,151.11067,185.00331,2
184.1847,4.7053127,151.73817,192.28989,2
4.28987,46.885338,150.99226,114.12566,2
159.47086,102.42066,155.26085,128.42952,5
41.474575,0.74726254,153.36919,111.76509,5
42.42149,98.51229,151.65747,66.55111,2
167.09695,102.74584,153.68683,202.24953,2
44.238655,102.06168,152.15446,60.217037,5
182.40427,113.38322,153.94785,56.22143,2
153.69502,21.43469,151.3069,166.91933,2
119.97542,23.411648,152.19916,195.46825,2
138.4689,113.89494,153.4269,166.62404,2
98.78823,53.614475,150.88278,138.77309,2
80.97676,98.36695,151.56358,195.18831,2
145.35008,69.28412,152.3592,96.98349,5
70.9989,142.72032,151.08755,139.2483,2
165.62624,24.799828,151.63046,164.09564,2
134.79799,73.36537,152.6214,78.00087,5
121.67028,134.58293,152.84467,156.76106,2
3.1499631,134.26518,151.25858,209.87744,2
184.49861,105.07133,154.01509,61.500134,5
115.37441,138.71422,152.75883,181.20337,2
63.977055,147.66463,150.76698,184.7516,2
127.75508,140.28525,152.97792,42.758102,2
137.16635,124.19169,154.42413,119.54676,5
187.66324,148.62935,155.60167,141.04913,2
120.10176,107.091286,152.44443,211.54407,2
108.32612,20.838684,152.60718,194.27692,2
118.88499,91.65343,152.53098,87.77282,2
93.39764,138.80159,153.98524,113.10398,5
18.831604,91.90263,150.7697,101.80474,2
55.22695,55.26457,151.62057,195.29854,2
157.90984,13.347889,152.19139,121.338875,5
78.236565,53.12327,150.99948,111.51303,2
185.85954,20.408466,152.32709,65.11342,2
70.63858,38.025066,150.69556,94.10533,2
48.234985,98.80614,151.85617,227.38422,2
98.71401,63.971066,153.18805,109.85168,5
52.706654,16.183413,152.72069,72.38238,5
72.43718,12.796435,152.28795,164.0251,2
86.67698,137.71439,151.92418,81.69705,2
128.26407,112.36104,153.55733,105.63178,5
92.92205,108.20261,152.53276,82.660324,5
196.18796,44.67697,152.89647,126.347,2
54.772675,126.030785,151.05801,150.04065,2
104.4674,135.47255,152.5005,193.63501,2
166.59741,72.58681,151.65698,212.86809,2
42.688736,117.55256,151.22757,165.17857,2
117.83823,9.636955,152.15495,149.637,2
75.02475,137.89925,151.68541,105.39924,5
168.82191,129.06915,154.32796,191.55327,2
128.50996,28.705296,151.84262,173.26445,2
198.39482,29.411684,152.72653,179.70778,2
91.556305,130.58752,151.8553,166.28044,2
184.02345,101.98548,153.41927,176.47995,2
94.576164,149.53084,152.42625,188.12775,2
187.69339,28.08801,153.9068,74.23263,5
148.53937,99.28345,155.01837,90.04853,5
28.34244,39.430183,151.21437,163.76654,2
101.642586,36.98916,152.7576,150.39731,2
86.71535,148.35043,151.96883,154.3198,2
111.40866,26.662462,152.66678,163.81512,2
70.71887,49.67358,150.763,227.94601,2
32.634384,26.880026,149.78392,181.64755,2
42.422245,122.37552,151.04556,166.73227,2
182.13393,16.511675,152.05876,197.42,2
161.99124,95.29401,153.61896,158.37473,2
94.93688,12.619886,152.71652,207.31783,2
176.35202,25.094273,152.11465,169.48119,2
65.404564,72.44724,151.975,174.09627,2
192.15811,33.75356,152.74677,168.7395,2
86.78076,130.32945,152.55858,82.66084,5
139.22792,102.69419,153.52908,143.63832,2
115.91897,72.23691,152.73624,91.75054,5
99.49102,76.792816,151.92027,83.230606,2
38.580856,103.54972,151.49408,195.73767,2
50.22541,105.20343,152.61835,62.09626,5
73.70102,141.28282,151.28195,163.29204,2
9.668271,8.880611,148.98578,218.91505,2
123.8299,30.313026,152.06819,198.43646,2
188.70538,81.45787,154.09581,131.0489,5
41.81642,23.1796,149.91066,66.52569,2
161.66753,78.96285,152.70222,189.35277,2
167.02551,49.930378,151.95251,161.28586,2
136.059,0.1447018,151.74355,192.24525,2
127.63245,144.37888,154.23181,65.27743,5
185.56053,129.32265,154.79509,145.06447,2
187.26431,20.89164,152.34775,199.1155,2
137.28113,147.12431,153.12854,174.27141,2
71.3642,85.58999,151.83911,165.82582,2
9.627141,77.892075,150.47372,199.1932,2
180.4148,4.710777,151.72763,73.752686,2
138.54666,26.253735,151.4231,164.00815,2
124.55971,5.207601,151.89348,185.4587,2
52.677845,103.554375,151.80632,182.14221,2
120.046524,21.901009,153.89032,97.139885,5
126.20297,149.20505,152.98262,181.30823,2
166.51595,126.377304,154.17928,171.92087,2
169.07143,104.62887,153.74744,186.29141,2
83.224,79.05518,151.79059,170.7149,2
158.43257,51.990883,153.24127,133.37064,5
167.63188,89.14275,153.31685,170.3319,2
156.5149,97.90807,153.90083,66.586426,2
33.781933,104.08525,151.32181,108.83779,2
99.182106,117.22593,151.8071,158.14012,2
184.69643,122.1723,154.44202,89.39042,2
148.59111,7.0775704,151.40443,215.08492,2
116.62905,77.722565,152.16196,183.92995,2
132.40993,12.403045,151.62784,195.41722,2
119.64493,53.59879,151.06268,133.56606,2
48.063934,46.624718,151.3217,77.29776,2
184.91486,49.537476,152.79105,68.37466,2
181.0362,49.10686,152.39317,200.0574,2
59.71471,89.65285,152.03812,182.01715,2
20.997076,9.137281,150.39536,43.125782,5
109.227455,41.23268,152.49223,59.93981,2
74.388016,113.114296,151.50397,156.16455,2
159.90422,125.35053,154.01093,149.73607,2
129.7173,22.103512,151.75458,184.22044,2
137.77644,121.10684,154.64769,76.54038,5
11.897421,7.1787233,150.1108,87.54604,5
76.551865,90.29489,151.74023,190.33481,2
7.9517293,47.88348,151.02,188.34122,2
178.29303,103.56562,153.52765,186.47183,2
116.97751,62.52455,150.68228,210.24113,2
69.36323,54.199303,151.37111,166.98445,2
88.442726,6.884575,152.5033,138.11423,2
115.30432,22.912308,152.44624,165.20131,2
49.94449,78.95476,151.94241,182.27313,2
139.01775,133.83182,153.23402,102.93432,2
27.302002,32.396534,150.91798,133.87779,2
183.44855,88.528854,152.94711,189.98619,2
71.0719,69.83611,152.03072,188.56844,2
161.9633,19.066547,152.84422,99.43228,5
91.32514,123.000275,151.70094,170.78972,2
199.41312,112.358444,154.09465,179.55699,2
151.89998,101.245026,153.73982,169.34616,2
24.550219,129.68765,152.62906,105.46017,5
122.112045,109.1318,154.05653,101.56835,5
26.348686,18.874655,149.54211,148.35919,2
181.43474,117.04919,154.09059,180.51709,2
176.96568,137.7768,154.86504,178.71515,2
98.902626,19.265364,152.82266,177.93225,2
158.70354,149.61504,154.02403,217.49385,2
105.60694,109.72095,151.96608,90.09771,2
185.97383,97.451225,153.2416,171.51393,2
17.861778,61.430336,151.0493,185.41032,2
122.86569,128.00359,152.80502,186.40025,2
191.87364,107.95459,153.96509,117.20557,5
138.89192,48.772396,151.53041,179.90413,2
99.99263,20.24115,152.84558,181.26074,2
31.586199,61.556618,151.72855,81.05881,5
143.71294,29.058334,151.28639,197.45168,2
66.20119,78.33598,152.01851,171.62668,2
185.67105,75.33973,151.91861,202.2797,2
175.40112,113.23753,153.9092,191.87643,2
104.269356,18.991184,154.3476,120.46602,5
54.990936,27.53959,150.36041,173.96211,2
151.8666,98.49054,153.73802,162.56204,2
175.87448,49.89649,152.2466,176.57028,2
68.44058,95.899536,152.04544,87.64629,2
145.71843,100.052376,153.70338,152.47624,2
95.71735,81.58708,153.3732,101.402054,5
4.619314,129.60799,151.05968,178.40717,2
8.301429,120.60921,152.41988,126.52945,5
13.853042,9.065825,149.77534,76.156456,5
46.606205,15.967491,152.69962,80.683945,5
116.861916,128.82317,152.63274,180.81207,2
24.77817,24.340559,150.10834,234.59889,2
101.972885,26.453121,152.88217,180.99568,2
115.60158,10.47804,152.24655,210.3008,2
133.92986,0.3245436,151.83395,201.07825,2
188.26884,104.312126,153.53818,115.104355,2
125.565704,119.67474,152.84154,52.653378,2
11.897603,68.072044,150.70366,180.70442,2
37.854233,59.644333,151.47263,181.0491,2
189.59224,53.224937,152.39708,73.42193,2
50.625313,120.36499,151.2684,163.94193,2
90.132225,55.00418,150.86029,167.1322,2
187.9393,123.64621,154.52888,200.61497,2
73.01015,85.5476,151.92537,189.81853,2
56.65947,145.2106,151.72633,111.64531,5
82.9108,132.41605,152.98517,80.05825,5
158.08809,27.399046,152.75697,83.95718,5
74.70158,3.076978,152.23746,183.44257,2
12.764846,129.69142,152.832,81.71439,5
107.67593,44.599228,152.18758,47.248314,2
36.37998,19.49509,150.41153,88.52557,5
157.56915,113.595116,153.94325,87.903755,2
34.859524,31.540405,150.2199,170.55067,2
185.2968,116.9584,154.60199,111.586815,5
131.13547,98.22113,153.12903,151.23611,2
61.408207,100.307915,151.84166,157.19295,2
27.533922,110.133835,150.92905,160.58746,2
100.99774,136.40108,152.98631,74.49428,5
54.633396,136.47118,150.67737,152.7401,2
34.083782,38.76346,151.05359,162.2428,2
42.503,9.390543,152.72269,109.32318,5
70.75078,44.379723,150.31361,178.64769,2
165.9323,54.00005,151.6899,133.61523,2
1.2526752,52.258636,150.7039,170.38011,2
91.14784,48.12977,151.08136,193.52736,2
64.29851,98.20354,151.8638,188.37642,2
13.855399,0.50478214,151.32019,89.21787,5
53.376915,0.9997111,151.97696,173.91533,2
134.13315,48.05037,151.5921,146.62329,2
107.43319,47.48305,151.8058,163.04,2
133.97491,1.5035282,151.79189,163.32115,2
105.145805,107.166855,151.79504,177.66203,2
56.579937,42.00056,150.56825,101.43104,5
109.7654,38.966812,152.60785,135.79909,2
102.40113,92.95207,152.07935,112.19714,5
125.09282,0.19782712,151.88637,180.73169,2
137.55072,5.6703935,151.62503,192.11464,2
74.61364,142.20714,152.38821,123.45576,5
161.03015,10.770398,151.40988,163.03691,2
37.09945,59.43731,151.44402,183.43489,2
60.412567,98.235794,151.93335,191.52538,2
89.0663,62.212437,151.61238,190.14333,2
106.75397,145.48785,152.72733,176.59634,2
58.809795,91.71715,152.08266,78.28466,2
8.348596,126.967735,151.03197,179.44156,2
127.07547,20.70492,151.8556,209.7896,2
119.60999,110.95802,152.57076,188.23624,2
82.354744,120.07955,152.169,84.47751,5
41.302914,27.714846,149.50435,142.78273,2
159.47066,101.36885,153.73445,139.46677,2
19.363716,47.625397,151.21616,185.9459,2
130.62299,123.99402,153.03906,215.79813,2
49.05394,44.739212,150.98242,194.9621,2
19.365004,122.99415,151.33183,76.832886,5
189.77385,27.341534,152.56487,142.36104,2
180.68742,44.378162,152.54248,178.46672,2
196.3035,21.558262,154.1567,44.52877,5
88.158,29.326294,152.79285,158.0074,2
185.55853,43.673847,152.85376,83.315895,2
71.306305,146.10051,151.08835,121.2461,2
99.205894,27.7746,154.7665,92.00873,5
137.41606,103.79614,153.51447,137.62656,2
189.07272,111.831604,153.88982,208.24548,2
55.605003,133.58421,150.84402,172.38853,2
100.7595,117.42551,151.86482,193.73253,2
75.45905,98.464386,151.6681,59.405098,2
198.78807,15.341036,152.40045,182.89767,2
190.94789,97.3152,154.0829,108.1275,5
8.945629,46.863102,151.06729,167.32285,2
134.93562,130.73941,153.12816,179.75572,2
134.41345,129.8788,153.10185,164.68065,2
172.83627,124.80643,154.32976,210.92079,2
164.92479,68.85613,151.37798,59.399483,5
61.82476,48.46011,152.37329,68.94063,5
162.5046,82.7185,153.06905,178.6875,2
12.4242935,46.503582,151.19402,173.13773,2
127.06594,101.278206,152.90045,180.85919,2
28.904839,6.2363973,150.77214,142.26102,2
136.77992,12.224301,151.5045,180.23581,2
178.39339,21.72175,152.09514,204.30734,2
154.2375,148.66585,153.73488,188.79852,2
162.99896,145.45915,154.8009,83.71732,5
133.63225,30.045187,152.25537,33.08725,5
54.020515,125.26458,151.11739,117.68304,2
97.517654,51.44271,150.95352,191.2397,2
111.723755,108.13718,152.08952,140.92462,2
156.04274,88.16768,153.50336,181.99976,2
108.73369,4.6525493,152.25333,190.98729,2
35.03822,81.77564,151.52087,180.30473,2
175.62314,136.85623,154.77016,113.16314,2
185.6459,29.696901,152.82916,116.74897,5
63.145626,47.220085,150.7011,84.21563,2
7.712188,71.62561,150.4676,89.14294,2
162.40247,94.054054,153.56471,203.4819,2
28.21654,51.473698,151.26714,175.83298,2
91.98032,72.42641,153.29851,72.81969,5
147.06606,75.2864,152.28664,192.11179,2
72.02175,117.80473,151.42415,182.3667,2
9.978714,100.19083,150.24107,164.94142,2
26.611307,80.1103,151.22575,104.00365,2
48.720314,71.69393,151.8716,53.634743,2
38.609062,138.90811,152.38472,59.03439,5
81.90551,86.76581,151.69757,189.74422,2
149.30746,119.526825,153.71169,57.55732,2
74.440155,137.5958,151.29184,169.53014,2
184.80835,69.737915,152.93987,79.201706,5
34.179443,7.6953297,151.05397,160.95615,2
138.50829,78.61516,154.38954,90.70712,5
104.51539,5.6350503,152.36293,175.71077,2
63.3721,125.42482,151.18567,161.8656,2
138.63168,121.67174,153.35957,137.98337,2
51.47101,94.08115,153.27687,85.34594,5
129.13443,7.498388,151.8087,174.02586,2
159.75772,116.88156,154.03038,179.55943,2
105.74783,61.68125,151.13455,100.96854,5
32.180347,101.07631,151.2231,147.93074,2
143.68195,112.800476,153.75702,94.91505,2
51.509975,132.96928,152.2966,104.17618,5
39.679832,127.20216,150.89684,168.5892,2
101.943695,79.70254,151.77745,214.20653,2
34.636745,120.38268,152.30914,88.911255,5
164.76913,79.13499,152.67348,150.07227,2
48.31074,70.37848,151.80806,199.06023,2
86.59741,24.311476,154.04733,102.786354,5
153.87428,123.55652,155.46996,57.666744,5
131.12343,70.61681,151.75198,107.10714,5
60.76254,86.570335,152.0184,188.24254,2
55.32133,27.672997,152.091,89.37006,5
166.29102,65.189384,150.8679,133.28,2
187.22147,33.714245,152.62553,195.21133,2
98.69015,28.067625,152.8977,175.57178,2
1.9041793,71.13643,150.37675,113.45407,2
181.3924,22.185266,153.33917,73.278244,5
199.40234,128.70724,154.9765,103.51265,2
182.50967,98.48188,153.30452,156.18935,2
144.47661,65.74695,150.82512,169.10223,2
89.487045,112.63053,151.87663,82.86732,5
108.64392,75.144104,151.92056,164.37743,2
197.80852,146.43735,155.6687,165.39961,2
27.215233,70.90314,151.24178,103.556366,2
42.87307,135.57199,150.72253,160.89929,2
37.503246,52.597813,151.34628,185.11024,2
181.72586,70.99703,151.31978,153.75551,2
168.22702,95.92778,153.84056,122.81673,5
118.890594,50.096653,151.66197,83.2333,2
155.71474,4.325102,152.35818,93.85121,5
169.11972,33.653214,151.96179,167.8092,2
56.29352,21.25417,152.14703,93.82111,5
94.863174,122.539856,151.79143,189.37575,2
126.83022,19.370235,151.86147,218.84743,2
142.30544,22.563719,151.30716,188.31018,2
79.03275,9.319041,153.61024,40.86124,5
93.92002,2.575341,152.36504,195.90714,2
140.32889,97.769844,153.71036,122.70525,2
18.232698,103.07163,150.60806,205.70607,2
20.062477,137.49507,151.08702,123.928825,2
82.94363,15.054191,152.6389,163.55666,2
34.48673,98.93062,151.40565,187.39714,2
150.1364,78.620514,154.55812,75.49561,5
136.288,79.28494,153.79433,118.58646,5
137.95589,51.302795,151.3616,201.60202,2
126.28032,77.773994,152.38095,171.07045,2
14.959615,48.19151,152.03687,28.303009,5
44.91263,15.660192,151.06569,154.93703,2
191.65234,142.50793,156.04648,33.82862,5
186.69174,54.899677,152.09438,137.5964,2
156.58412,74.61144,152.21661,174.39244,2
27.105804,73.68436,151.16455,181.94896,2
194.93616,132.94128,156.6017,98.230965,5
3.6860476,43.098526,151.02313,135.90903,2
142.56543,19.029419,151.41031,180.5308,2
147.40256,135.43306,153.47632,167.55873,2
133.56635,94.96782,153.19676,154.35179,2
108.22783,2.5615988,152.16808,202.80899,2
142.5137,81.69127,154.96486,80.58924,5
186.39714,47.250805,152.72992,88.46066,2
95.07973,47.340736,151.37778,197.70074,2
95.787674,84.4038,152.95653,55.23056,5
32.93141,105.37996,152.63503,122.67732,5
62.817116,20.195803,151.78151,188.82132,2
14.230995,100.67171,150.41052,166.84608,2
144.73285,130.38463,153.48047,147.3743,2
126.51614,64.88046,150.90483,80.236824,2
132.28136,52.0766,151.26974,142.84113,2
182.96326,78.31606,152.29373,157.05421,2
89.82126,80.886215,151.6901,210.95905,2
67.11446,52.528065,151.52742,68.401115,2
22.690067,53.192295,151.20567,151.3839,2
133.78592,48.59609,153.14285,114.65284,5
162.05475,95.35046,153.59473,177.72548,2
10.463717,146.32172,151.64699,48.147995,2
186.38844,119.82471,154.39793,89.11462,2
130.16675,81.92558,152.74022,147.6983,2
5.6913123,23.666553,150.92638,86.5154,2
77.26603,127.74988,151.44681,103.76319,2
139.25864,60.88375,150.6303,171.41185,2
48.374508,119.150406,151.22166,202.9021,2
62.044014,145.91072,150.69704,78.69854,2
39.42629,56.785526,151.47919,126.77907,2
71.8305,17.214552,152.2502,190.55486,2
133.32002,118.808304,153.18915,179.16327,2
156.8162,0.9913335,151.46364,188.03387,2
117.39712,102.71198,152.3165,190.08644,2
76.130226,132.1986,151.39464,159.87794,2
31.685156,121.48221,151.44316,60.156437,5
45.272675,45.644794,152.79921,82.19753,5
183.45724,87.28276,154.00381,101.59625,5
3.4921272,57.35851,150.75629,181.33792,2
53.934235,83.20927,152.05919,198.9775,2
162.82094,18.171438,152.08078,77.45952,2
85.84519,53.35522,150.83223,208.19382,2
22.975183,136.98013,150.98444,213.2648,2
22.970102,37.34034,151.27275,179.07466,2
116.52677,65.97381,151.3205,104.422455,5
125.49511,77.57933,152.41737,79.26656,2
84.94646,21.075748,152.73938,169.69049,2
120.14327,50.50562,151.50607,104.35224,2
83.48051,118.88235,151.50241,203.68576,2
46.297894,127.49582,150.90692,155.86812,2
86.9853,45.888454,152.85756,85.97551,5
73.885185,127.87762,151.31267,195.90625,2
186.0224,55.016953,152.07574,194.61926,2
100.10378,18.116879,152.7571,154.15997,2
99.537445,124.41638,151.9734,178.70642,2
119.372,27.891548,153.9553,96.57205,5
149.62927,109.45233,153.82742,200.73975,2
180.22908,146.26668,155.44792,55.682724,2
113.37556,101.03895,152.24554,77.33577,2
159.23686,44.477623,151.7962,106.17948,2
77.05662,127.2357,151.43391,182.91133,2
147.6525,82.8569,153.2016,89.882256,2
101.524124,11.761429,152.66397,200.31746,2
133.54903,50.423523,151.45631,89.522766,2
187.58351,56.238617,151.96259,138.50555,2
71.371864,147.00674,151.07816,186.49817,2
67.09716,71.633934,152.05475,124.969345,2
3.2131689,50.791225,150.89893,213.81073,2
152.96191,99.41022,155.29753,57.760963,5
10.669639,147.73607,151.56499,165.69914,2
99.26413,136.08539,153.7384,18.693233,5
80.54869,53.479713,151.0036,220.00604,2
153.04599,16.570263,151.32513,183.8234,2
2.8178003,136.32056,151.46501,171.5155,2
174.64714,79.43872,152.54633,191.95273,2
105.34959,8.953896,152.75748,79.767586,5
184.45248,84.90501,154.56795,94.070465,5
50.568523,140.55614,150.60922,69.68576,2
169.82368,81.86565,154.5105,96.49873,5
8.974491,115.5759,151.03108,88.508545,5
131.78526,116.684105,153.19551,178.62947,2
145.86224,123.986984,153.6298,204.3976,2
8.961295,2.2438312,148.8651,201.11255,2
140.13208,51.36135,151.41647,159.38637,2
21.458757,48.24957,151.22458,157.92659,2
161.00961,68.86095,151.20152,115.36199,2
158.14906,86.59359,153.38022,135.52708,2
116.50301,79.04998,152.23355,147.45845,2
30.627943,86.34755,151.30379,123.47282,2
66.729065,46.611702,150.52362,208.87625,2
55.76502,84.95736,153.64703,97.70516,5
135.43047,57.476547,150.73842,187.08492,2
117.99942,129.11862,153.27135,105.815765,5
54.74354,141.32158,150.57529,147.64789,2
120.84741,120.885056,152.65552,181.82503,2
90.34891,54.59903,150.84724,177.05083,2
56.108143,126.88282,152.72694,132.68004,5
91.15526,11.874245,152.72037,118.46518,2
36.995186,35.72251,150.664,70.21593,2
44.475414,10.896586,151.40607,88.758286,2
66.65279,48.999832,152.35179,128.77263,5
111.67304,126.00034,152.39107,175.00278,2
139.39354,0.25688204,151.708,213.05998,2
60.211887,72.02846,152.41177,58.319176,5
143.04657,1.8249832,151.50505,38.010654,2
130.53688,145.67273,152.9195,195.33994,2
196.7762,2.3974931,151.9057,175.59329,2
20.646368,49.49091,151.24518,203.13138,2
98.760254,129.85303,154.02794,53.82847,5
13.968031,105.586136,152.32993,86.38724,5
141.95358,121.019104,155.0464,67.38996,5
134.17326,119.76195,153.46198,74.484695,2
194.63664,133.67412,155.45915,63.99973,5
105.48965,93.166664,151.74945,176.21194,2
53.201843,24.350218,150.62659,185.13815,2
100.74199,43.875412,152.10602,76.82543,2
116.22349,69.2147,151.47574,163.13141,2
155.16002,25.055782,151.40613,157.42747,2
24.28234,54.92886,152.9497,122.82974,5
87.49802,11.377506,152.6565,89.94371,2
5.858264,98.631,150.27734,85.0027,2
177.57819,4.7211413,151.72214,99.184654,2
68.59524,23.25837,151.96916,186.67737,2
150.14716,104.56489,153.8524,101.57513,2
40.1596,34.006214,151.5358,61.460358,5
143.51682,86.200714,153.32411,86.772514,2
86.349174,119.02888,151.57811,190.73125,2
187.92627,126.54745,154.57631,179.82571,2
84.40342,54.2663,151.91594,103.787,5
39.15983,104.34013,151.46925,120.82484,2
168.18225,73.18454,151.79312,175.48434,2
111.681694,116.25626,152.21585,185.91992,2
127.82944,67.30417,151.12483,186.1615,2
126.67532,86.16349,152.71451,213.44902,2
58.55465,121.498955,151.30504,203.5405,2
130.08397,35.861027,152.19281,107.14946,5
108.97691,35.08104,152.78229,93.137924,2
43.252674,100.88174,151.64137,69.62989,2
127.13195,25.700075,151.98743,85.81352,2
7.7192416,106.722015,150.40569,195.64455,2
116.61556,72.392746,151.73085,147.4038,2
94.73001,143.65999,152.38104,100.82604,2
48.596825,95.60831,151.88939,160.50351,2
65.38958,32.04391,150.92711,102.21776,2
115.62781,81.31475,153.27731,109.26826,5
87.67017,124.95744,151.83888,57.35223,2
178.24774,59.472477,151.51984,114.17082,2
168.66977,26.950697,151.73155,178.19598,2
121.260025,112.97651,152.60805,125.61046,2
44.49752,16.448462,151.5703,98.21783,5
61.14884,59.874523,152.18202,120.66778,5
194.92094,134.13503,155.14528,71.72687,2
84.36585,148.7751,151.79092,173.25415,2
32.87497,131.03867,150.74925,173.24393,2
111.28004,50.532127,151.45453,173.40503,2
168.36679,20.75697,151.67734,53.38107,2
186.08966,52.498554,152.73776,106.61564,5
91.91435,21.999731,152.86563,197.44508,2
127.00143,15.345572,151.86201,210.57076,2
138.06517,24.40968,151.47801,198.12271,2
41.554222,127.11523,152.2806,72.84601,5
113.88636,124.50054,152.4788,212.54414,2
26.165123,11.009996,149.97902,155.73048,2
126.84797,133.27191,152.91788,203.56052,2
188.29875,134.6423,154.99864,160.50262,2
30.413483,0.34233895,151.24248,176.70233,2
75.36619,0.4060273,152.2585,181.59178,2
68.093575,74.700905,152.0096,170.85661,2
174.23344,97.51616,153.40807,184.4799,2
123.981735,35.196846,152.04283,93.59398,2
122.036316,53.800182,151.09828,165.38123,2
149.00398,97.3744,153.7919,177.30821,2
59.287525,2.9056635,152.0335,170.73482,2
121.37305,82.9104,152.46169,137.97589,2
43.43537,32.51045,149.64127,155.55087,2
121.48568,103.60625,152.93616,96.3914,5
60.836784,62.415714,151.86984,216.07884,2
163.92046,24.608463,153.30885,97.86522,5
87.56564,129.12712,151.75343,167.39232,2
72.421326,83.80321,151.90224,213.29887,2
53.515907,123.62806,151.16035,166.01303,2
150.3474,121.80964,153.8172,93.87364,2
179.92247,149.10464,155.33112,153.02382,2
116.69738,124.382965,153.2431,92.08429,5
68.14769,71.44709,152.05833,118.97152,2
84.695595,79.06432,151.73175,214.54903,2
126.587265,69.365845,151.40532,180.63324,2
160.79381,78.916885,152.72256,154.79176,2
154.75331,37.865955,151.52513,167.7463,2
34.427273,54.918434,153.14146,53.787304,5
128.45938,2.2962399,151.88745,79.69454,2
98.83568,53.87318,150.99657,63.54977,2
12.958448,149.96971,151.85411,96.5068,5
132.24377,128.30795,153.10507,143.21739,2
93.04274,124.90318,151.81026,196.0667,2
113.580536,106.238014,152.17973,160.4223,2
122.37531,70.38061,152.21588,89.85184,5
47.21698,91.978806,151.90399,77.22822,2
165.12524,43.26432,151.99245,184.89626,2
172.04007,119.37792,154.10445,95.516464,2
145.59087,6.0604835,151.52809,183.21335,2
170.91327,62.112015,151.00162,151.80751,2
193.99956,4.6555758,151.974,113.48292,2
34.470592,25.889423,149.55556,162.63522,2
81.385414,98.26665,151.46327,173.15424,2
21.102428,70.74016,150.92737,220.53549,2
146.9188,147.44553,154.81764,48.775078,5
146.90617,100.33147,153.70775,166.12813,2
131.68185,123.17428,153.07465,184.43286,2
154.1872,99.57534,155.48888,114.482346,5
66.95506,3.1851294,152.16374,193.52812,2
78.22503,16.53508,152.44331,138.12204,2
153.29428,75.33953,152.29797,175.94244,2
64.6847,98.704384,151.90753,184.954,2
53.157555,149.2944,150.38237,56.5376,2
103.24735,32.201996,152.84969,167.93314,2
113.29925,38.593933,152.52412,201.89638,2
24.188246,96.17649,150.86264,177.48006,2
4.1746345,135.57465,151.32018,198.82472,2
121.78666,119.228096,152.74153,213.93994,2
73.31738,2.6423597,152.27208,40.096497,2
62.382717,101.83353,152.12967,112.12507,5
44.790123,16.502422,151.39137,128.10216,5
59.50793,111.125206,152.28929,130.98543,5
27.591295,3.2826664,150.91922,173.74097,2
194.16399,56.10429,152.15842,214.63374,2
37.848484,52.919437,151.38002,101.64812,2
137.42569,56.3944,150.91266,164.96988,2
80.8572,125.88708,151.75705,137.60912,2
167.52345,2.9739404,151.8899,88.52848,5
171.96129,137.86015,154.56105,180.18494,2
159.86649,123.5691,154.0255,190.12741,2
110.40638,49.159832,152.83482,114.7196,5
71.12785,107.74395,151.6296,183.72905,2
158.36548,107.124985,153.84593,91.114,2
189.26855,72.52671,151.53801,185.87636,2
99.973404,141.16766,153.18251,98.39328,5
175.71028,24.035318,152.65033,68.49543,5
104.180664,96.30526,152.92653,78.5859,5
192.55507,149.34677,155.76454,173.39948,2
38.61294,140.98595,150.57442,233.02686,2
126.289925,66.45448,150.9285,190.72156,2
27.900457,65.52007,151.22217,197.5319,2
62.310944,76.35995,152.01628,158.82501,2
92.14453,66.98124,153.4207,88.65838,5
160.54869,110.24028,153.9753,86.33108,2
164.49005,18.520618,151.58319,198.00172,2
124.1352,0.69511384,151.9404,157.42912,2
153.2124,128.26361,153.79764,156.37888,2
89.28621,96.458725,152.92046,76.0167,5
175.97827,2.6835787,151.67708,75.13593,2
106.653496,63.371067,151.00269,172.86072,2
5.067136,137.98752,151.8391,94.99943,5
19.183586,119.81352,150.83527,192.17894,2
183.98509,72.0733,151.99768,71.19171,5
144.22064,87.59233,155.20808,43.323902,5
171.91357,26.785568,151.89136,182.68687,2
88.56277,91.84668,151.48663,139.83249,2
192.78902,75.84926,152.08586,206.8881,2
145.38467,65.124405,150.75017,82.30627,2
10.7617235,39.015472,151.66646,63.50268,5
146.58406,47.640015,151.5575,90.02253,2
197.53172,101.61911,153.5504,156.7295,2
36.23847,93.80447,153.26506,87.21195,5
177.17064,111.36212,153.86339,173.02571,2
92.01906,58.329945,151.0517,199.2389,2
44.66447,82.74297,151.87901,151.0185,2
51.040184,68.45978,152.00764,111.817345,2
111.251175,99.60803,151.95317,180.90755,2
0.54287726,99.71682,150.29153,145.06894,2
55.286114,67.33548,151.892,175.15894,2
172.00824,105.01058,153.6576,194.08394,2
149.98756,146.80379,153.72433,84.59508,2
168.13655,67.30243,151.73308,73.87256,5
115.583626,122.86482,152.77942,88.222855,5
67.22407,50.67822,151.02559,223.0732,2
144.52759,50.182693,151.4573,102.96027,2
141.95233,74.8423,152.29706,163.55698,2
89.12053,147.90712,153.85057,135.06519,5
54.638042,21.346296,151.12431,196.4974,2
137.55365,125.679985,153.30325,101.13754,2
160.02106,49.29734,151.77048,190.19118,2
186.41208,79.37486,153.17236,111.022385,5
123.74379,27.90542,152.03142,168.43799,2
83.444115,53.598114,150.89331,200.58551,2
42.331642,145.93452,150.45671,202.12814,2
71.108315,98.344345,151.7462,173.38667,2
131.07858,97.996796,153.18654,189.06992,2
190.00862,139.09882,156.79132,111.934296,5
15.980871,103.2052,150.52763,172.66678,2
189.53067,106.20563,153.5945,135.42798,2
181.73352,25.218561,152.31218,182.18848,2
68.446945,48.40426,151.91403,112.157135,5
51.331192,97.48226,152.54616,121.41665,5
14.04893,148.23933,151.46048,171.20752,2
180.08128,73.05029,151.58688,198.00806,2
19.633703,28.087688,152.31137,66.72937,5
128.22859,26.441437,151.77907,156.62817,2
115.65091,38.552795,152.4363,193.75034,2
101.96776,6.098396,152.92628,132.93242,5
73.54492,67.89167,151.94899,197.79654,2
56.83155,102.60528,153.55376,118.52106,5
174.35318,98.877655,153.49191,156.33084,2
38.443604,131.06198,150.82231,188.36928,2
82.72818,147.46606,151.77477,191.95113,2
123.278786,105.72822,154.58002,74.61469,5
19.90978,120.69492,150.89188,205.22601,2
120.418144,144.21223,152.89449,158.01025,2
87.86873,132.28157,152.83942,92.70751,5
55.108448,31.745134,150.0468,100.211075,2
59.822422,84.1186,152.12022,153.47192,2
48.87853,79.58818,151.99756,112.42834,2
44.26379,70.85752,151.7729,82.312195,2
178.11035,132.72685,154.71548,182.2606,2
22.380297,104.52247,150.75638,156.47028,2
33.12909,30.794235,150.28682,157.09093,2
199.82736,50.18139,152.69717,163.95395,2
170.86618,126.40136,154.29602,165.73586,2
24.932343,77.05111,151.01389,167.20842,2
126.22129,19.327515,151.89685,184.21587,2
117.86741,120.79014,154.43301,94.54295,5
164.08838,124.81441,154.21211,110.32977,2
73.96037,76.322075,151.97028,180.72992,2
111.097855,1.6442059,152.13503,194.10051,2
135.75848,6.933372,153.38037,72.15409,5
6.647234,103.68623,150.29454,170.70766,2
141.66483,114.596466,153.55754,192.20613,2
165.52763,149.57219,154.55243,182.4234,2
21.404104,49.903656,151.25041,172.23238,2
1.4052255,84.05133,150.12248,177.40771,2
71.96555,143.94414,151.46692,88.31692,5
89.528465,38.509583,152.37206,55.20936,2
72.87239,93.8119,151.72592,193.96608,2
36.596333,121.69496,151.0017,179.05652,2
116.471634,16.053497,153.64452,107.29949,5
92.23902,116.04737,151.61844,158.6593,2
11.910499,34.555035,151.56268,99.90605,5
161.73343,97.320335,153.64313,162.62083,2
195.32376,104.42334,153.6026,195.63835,2
160.43683,14.337137,151.44081,44.33339,2
40.300114,101.09362,151.59662,176.57228,2
33.046364,110.593864,151.11957,177.12375,2
144.02881,30.279732,152.49046,100.51558,5
161.61757,134.90234,154.34921,121.112946,2
49.90876,8.711591,151.71114,159.82567,2
30.821444,126.81034,152.69926,90.87203,5
35.82028,69.19384,151.44124,173.06981,2
7.950643,47.997562,151.3868,119.317375,5
187.19221,20.99571,152.33466,169.89151,2
0.081157714,36.90551,150.88382,152.77515,2
69.43989,112.293625,152.49956,62.68761,5
143.76389,116.71066,153.63142,200.36974,2
170.49857,35.478233,152.05023,204.30362,2
137.20116,119.570526,153.37137,62.988018,2
72.32863,98.2567,151.71732,178.73425,2
69.32114,24.554676,153.53578,108.59504,5
116.031715,16.265694,153.36671,96.339775,5
135.72345,113.76084,153.35405,176.66594,2
41.119953,51.73734,151.37486,157.35002,2
78.513405,71.49422,151.9357,71.30524,2
99.44619,147.42374,152.5756,152.63007,2
190.0442,144.31862,155.50528,200.20375,2
100.22728,122.788376,152.09766,38.063587,2
125.76858,69.27107,152.55252,65.095276,5
62.665897,26.646875,151.31473,183.06781,2
30.544456,50.62608,151.25584,93.231926,2
168.47758,112.255226,154.8267,128.53636,5
188.69882,106.14535,153.68579,194.91339,2
6.4549932,88.32429,151.08382,62.473095,5
143.9924,51.269295,151.44925,178.33945,2
171.88728,11.29623,151.63867,167.07019,2
49.439186,126.39749,151.02141,162.82596,2
24.971165,91.206184,150.94513,159.97128,2
147.95032,134.10545,153.52202,82.61264,2
171.99583,146.2956,154.82158,204.29376,2
139.62495,96.94492,153.45728,184.57573,2
162.59125,84.00037,153.65862,89.35023,5
71.1266,146.1683,151.0674,145.69223,2
122.26319,125.363174,152.7932,67.91894,2
112.93807,111.19481,152.18365,170.13965,2
4.050391,35.11403,150.97992,159.9935,2
187.21457,51.624218,154.20743,79.04921,5
159.16388,66.784515,152.58739,93.01398,5
47.563175,76.13581,151.86711,186.61751,2
106.060394,9.4601965,152.45569,197.42014,2
182.77396,24.795658,154.22505,75.08588,5
12.68924,125.96145,151.23885,61.393738,5
178.47453,96.38086,154.5522,49.939655,5
70.57273,24.669209,151.98123,159.98932,2
103.58457,73.55336,151.86835,175.54033,2
48.38047,72.62694,151.88754,196.7941,2
10.937538,49.630245,151.05508,152.92001,2
44.613194,92.58653,151.84637,192.02681,2
83.96117,13.856393,152.68982,120.69243,2
196.93988,3.7795167,151.93045,186.08476,2
51.119877,149.22383,150.4033,205.59404,2
143.02675,2.8367105,151.569,196.08556,2
31.097513,139.0885,150.78639,181.03658,2
166.98647,131.64044,154.34572,60.744793,2
91.471756,85.18752,151.60141,182.00117,2
116.62555,108.50589,153.9599,140.321,5
165.06294,81.906685,152.96568,175.17851,2
178.48672,15.410961,153.2158,99.35472,5
116.920494,53.55045,151.09131,104.00449,2
117.79275,0.6652351,153.76706,90.01675,5
15.6205225,99.83146,150.47696,153.34395,2
42.063786,147.8206,152.31786,92.24331,5
34.679367,39.126705,151.79283,87.568115,5
57.739937,146.43074,150.6851,49.582096,2
8.382899,139.52568,151.3896,188.63766,2
174.9535,57.067207,152.28575,125.60277,5
16.50815,138.0191,151.67413,68.77979,5
168.20337,28.184517,151.81406,174.3014,2
85.80474,51.301422,150.77159,204.78464,2
51.25361,27.60559,149.98132,167.4463,2
188.91429,74.02311,151.73256,129.89665,2
192.7678,111.60485,153.90082,161.53745,2
17.310795,46.067574,151.27858,173.43715,2
40.381065,97.222466,151.65063,173.94568,2
33.686665,126.17989,150.9216,183.29674,2
141.99733,52.61007,151.3264,194.38667,2
21.228622,54.954235,152.6638,69.70931,5
73.96744,30.047071,152.38559,70.38807,5
175.09106,136.68552,154.96167,66.25752,2
163.33232,82.14678,154.29611,140.66928,5
102.19823,51.417973,151.10907,173.94362,2
71.769165,124.0769,152.86746,110.86285,5
89.22821,118.21057,151.58443,179.6212,2
79.58643,99.370186,151.56139,171.97171,2
149.27692,23.636013,151.27118,166.94453,2
199.35248,109.23541,154.87589,120.2059,5
73.330086,26.175663,152.12303,87.706406,2
100.11612,117.06379,151.79745,204.15678,2
89.81158,26.539501,152.86322,96.39433,2
77.37757,129.4686,151.42313,167.21494,2
83.410515,33.699646,152.33836,170.87364,2
115.94546,133.5814,152.96066,95.04763,5
8.433951,30.79045,151.16359,170.8317,2
109.47542,15.06455,152.53545,181.69717,2
195.58376,58.91365,151.72627,219.94257,2
20.942598,74.687416,150.87817,185.14803,2
57.09146,112.79477,151.561,171.74431,2
12.69335,78.03313,150.52373,203.03497,2
172.72478,96.32143,154.66515,104.39723,5
42.279762,50.777195,151.55568,74.97118,2
163.4026,16.455036,151.4795,183.95032,2
159.57704,19.012306,152.8464,76.590416,5
81.41964,42.954353,151.05421,161.00696,2
118.29753,72.98544,153.62535,24.66604,5
79.55186,36.256916,152.79956,96.023346,5
94.82225,71.56903,151.93483,123.74249,2
113.68851,111.97432,153.72388,106.76098,5
72.430374,59.037716,151.77655,57.01814,2
174.66202,82.4309,152.81586,172.76202,2
80.951935,1.9773369,152.30156,167.80466,2
22.658995,23.260277,150.1907,163.2006,2
76.24706,44.826008,150.54411,203.09717,2
161.42703,97.63834,153.6108,181.88383,2
59.735195,59.04067,151.84761,110.86469,2
114.22666,90.88326,152.10504,191.88795,2
182.62918,70.73261,151.25845,185.75787,2
166.29585,106.80801,153.79077,194.24731,2
68.790146,99.924675,153.40746,116.04313,5
132.59734,66.6981,150.99432,162.72415,2
169.99345,125.82743,154.53891,136.80525,5
180.95784,100.02053,153.35002,168.18298,2
194.46509,106.3675,154.36818,85.806465,5
140.05922,57.13843,150.75978,192.3298,2
108.68003,20.532162,152.59862,192.40318,2
136.91513,110.13572,153.39713,100.3906,2
107.50696,75.82324,153.54419,55.24356,5
154.40866,5.1990204,151.45125,84.088196,2
49.791637,80.25826,151.96497,162.80145,2
69.64567,76.44904,152.52338,126.62089,5
161.53056,49.49184,151.81339,213.31056,2
81.56993,52.528175,151.22617,161.46599,5
78.962715,0.2354454,153.30113,59.877613,5
28.276047,99.22791,152.13747,104.34686,5
131.87332,123.67617,153.16649,193.17873,2
8.384954,38.970695,151.60292,97.7776,5
73.37651,23.548334,152.36253,84.69015,2
157.28015,101.62324,153.81151,167.19107,2
176.14171,109.69879,153.97295,124.43515,2
16.211432,44.49149,151.30621,77.489944,2
166.75822,126.10539,154.96904,76.004196,5
161.24886,97.0331,155.22664,90.7226,5
23.19425,40.087097,152.79478,98.40977,5
48.831722,138.118,151.35838,81.54852,5
81.264114,111.22633,152.42574,125.31903,5
122.180115,93.37617,153.76366,126.92527,5
127.94728,16.45051,151.79077,190.29668,2
132.59473,91.80329,153.20084,86.69571,2
194.63434,14.158311,152.46942,67.15244,2
35.184765,128.46283,150.95041,82.223366,2
81.94466,52.31721,151.83704,115.944695,5
91.05699,1.5630765,152.31317,188.95992,2
154.59283,145.68674,153.79744,169.80055,2
141.07007,51.83753,153.10669,109.68693,5
142.30104,1.7933085,151.76332,63.71124,2
119.512215,9.464186,153.54562,117.64583,5
102.31685,145.82434,152.68472,66.55468,2
11.217413,62.58469,150.79134,117.476395,2
32.486324,99.79518,151.27364,175.6717,2
193.55481,0.48616493,151.73865,176.07785,2
21.611052,88.15913,150.75966,167.95087,2
56.11952,68.89238,152.04279,85.23482,2
63.016685,29.057955,151.03123,196.4882,2
134.71895,33.1361,151.61827,151.00526,2
123.96009,32.981236,152.38298,72.910645,5
83.43322,80.22524,151.74596,150.33118,2
47.698547,106.666466,151.66054,204.85107,2
27.404146,7.800307,150.51611,143.9891,2
0.7602542,42.01001,151.34074,106.52414,5
78.46112,21.901405,154.2246,74.11209,5
67.059685,101.28446,151.80482,50.767384,2
187.18575,5.854747,152.03806,99.64404,2
73.85457,10.812638,152.3692,143.53404,2
196.15744,100.059875,154.70453,119.9364,5
189.93735,149.43507,155.6906,124.856926,2
155.58638,67.36899,150.95558,168.72617,2
117.166695,88.697685,152.50243,90.2389,2
139.57933,116.696754,153.50423,216.04999,2
136.43575,143.63763,153.08829,88.433105,2
191.20053,84.89495,152.85094,236.589,2
105.63756,88.995285,151.75423,107.30041,2
18.159998,71.27404,150.91254,185.707,2
92.7218,123.07194,151.74203,197.85344,2
124.705795,30.308224,152.04628,146.85677,2
80.482285,125.77669,151.56662,107.156334,2
44.260643,49.328094,151.33324,165.88377,2
57.42795,97.46307,151.95895,170.14568,2
112.51783,130.38101,152.55453,182.11537,2
138.83723,102.27877,153.47255,195.07002,2
158.37721,44.01284,151.735,155.41078,2
67.27288,98.987755,152.16058,60.344234,5
56.53898,134.95715,150.70638,192.12445,2
169.95032,46.051327,152.14871,142.18373,2
175.29076,99.21679,153.46269,194.47029,2
39.926147,20.87886,150.30675,96.39455,5
51.973507,72.29347,151.86104,173.32866,2
150.0613,145.36919,154.21075,116.17629,5
28.038464,144.45174,150.92513,185.18703,2
30.213879,41.55103,151.25542,184.40526,2
12.203866,63.683884,150.85121,199.0559,2
110.76032,100.62193,152.1972,129.01251,2
110.905975,128.88234,152.68205,76.04096,2
112.54061,4.2618985,153.13695,97.945694,5
174.10455,29.124502,152.09975,82.21796,2
99.4489,130.69745,152.17305,66.81775,2
84.84961,56.97255,151.5319,134.70207,5
129.72273,76.76797,152.34561,202.2673,2
89.841644,91.41611,151.5355,174.09862,2
82.64709,105.77921,151.45093,192.22856,2
12.129157,92.10096,150.47504,111.24001,2
89.60201,19.419546,152.75842,155.13513,2
158.00595,1.319628,151.47643,180.39682,2
159.29628,126.76569,153.95787,187.63113,2
112.21965,132.47054,152.58908,158.76193,2
170.1939,31.480242,151.94945,134.41211,2
182.37668,53.07296,152.19331,185.08514,2
62.160122,92.07412,152.03882,180.28206,2
14.132947,49.59253,151.07478,185.6798,2
91.492905,26.980495,153.41678,88.85205,5
177.58678,128.8712,154.5685,63.992085,2
92.60488,28.634243,153.12294,59.018227,2
29.718185,30.580225,150.56207,174.73224,2
33.31888,86.27349,151.44395,144.24545,2
180.08296,25.539217,152.57854,98.94567,5
124.234856,85.600204,152.63075,200.3709,2
11.49143,37.858063,151.2549,187.42575,2
52.254784,104.42522,151.78099,148.18762,2
29.055254,134.85432,150.87067,190.47667,2
194.7353,131.48466,154.97571,173.07578,2
76.93669,11.583909,152.3361,181.71883,2
121.68378,75.640236,153.95636,89.22318,5
102.82593,30.05249,152.93396,146.18015,2
172.2157,38.764187,152.11456,182.32303,2
72.95711,47.60416,150.7043,88.76176,2
19.259037,121.14207,150.88118,212.28336,2
140.66956,79.56305,152.87141,162.931,2
129.96733,87.36531,154.27249,112.54815,5
121.305534,107.62448,152.61627,93.89489,2
162.83133,130.53273,154.48569,105.498375,5
42.49308,24.152641,149.70093,157.81625,2
163.6863,144.15468,155.1101,104.71785,5
91.77526,114.43341,151.57462,165.29636,2
17.353615,113.766815,150.90959,114.41605,2
180.4489,19.025688,153.6016,125.78785,5
195.61618,56.537643,152.08064,159.46158,2
16.742935,136.92757,151.13673,170.95929,2
136.85187,79.862076,152.95897,90.45225,2
7.3613653,49.771072,151.19748,73.284225,2
91.01344,21.238497,153.86613,93.89694,5
47.599304,31.009212,149.49023,237.43541,2
196.3796,134.34196,155.14659,174.85538,2
126.16645,8.710212,151.91443,164.9469,2
79.55649,110.43677,151.47693,194.84116,2
87.17685,47.346306,150.9309,209.31915,2
128.65659,97.260345,153.83856,138.87029,5
89.28427,85.234375,151.56017,172.13892,2
41.186886,86.10802,151.68687,77.05584,2
51.15692,34.797623,149.60518,153.99637,2
159.54533,79.179085,152.77095,157.52449,2
71.98515,23.16786,152.17464,82.412674,2
124.13808,148.28201,152.88751,193.10143,2
30.59505,110.02323,151.05577,168.31174,2
81.569824,136.61778,151.59859,154.86984,2
59.713295,69.18863,152.01247,150.43286,2
27.002338,118.072716,150.9423,172.77031,2
34.013012,84.37153,151.4449,187.36014,2
68.16856,67.44074,152.05646,176.66995,2
61.49518,117.02018,151.91733,100.58943,5
87.939514,30.14667,152.766,175.60504,2
110.55389,77.538734,151.99532,201.3901,2
130.0219,46.173428,151.74045,170.5088,2
131.49617,23.423985,151.61926,93.2355,2
114.083725,74.246735,151.98729,215.07697,2
11.339207,52.055046,152.75381,74.4246,5
144.62491,113.80227,153.69008,155.12796,2
130.39247,8.69973,151.74805,181.77615,2
31.90385,54.24218,152.50461,55.029636,5
46.610935,51.70871,153.27791,101.51855,5
137.76282,0.726902,151.69504,191.178,2
80.28044,138.82722,153.35623,65.3363,5
181.31723,47.51547,152.49542,175.02454,2
180.1719,27.869032,152.27745,170.18518,2
152.74146,107.68852,153.87201,115.17152,2
89.65987,115.100296,152.9517,125.78439,5
124.35435,103.877975,153.07509,123.68296,5
98.15008,18.77972,152.82677,170.95378,2
30.821856,106.90999,151.17943,169.00006,2
68.64783,36.94424,150.56993,180.8161,2
37.142326,108.367004,152.62892,155.4391,5
185.79472,44.52201,152.73164,185.83162,2
141.35866,1.8035756,151.56326,172.44688,2
149.98204,45.754757,151.6164,219.18976,2
182.30534,116.209885,154.08641,166.45288,2
186.36139,146.94962,155.5363,165.35468,2
132.71156,86.056816,153.04034,78.54623,2
146.1809,124.75536,153.67429,112.567276,2
130.84578,27.651516,151.73686,168.44826,2
86.9635,66.565475,151.92793,197.82182,2
164.2144,109.523895,153.8491,180.33232,2
30.595259,73.43745,151.25461,190.41193,2
107.343315,116.352455,152.0158,148.49817,2
193.85405,72.87509,153.25085,77.65704,5
79.837906,31.227821,152.33148,182.16924,2
165.964,16.601044,151.63486,87.35375,2
70.8244,109.7702,151.85742,92.50136,2
87.73903,11.839475,152.55971,179.77371,2
48.92097,25.363026,150.02269,191.94499,2
40.368107,20.368603,150.0123,193.2168,2
122.07577,101.58278,152.73932,103.17051,2
154.51585,24.743498,151.3397,169.39626,2
160.99057,101.50822,153.7829,159.3836,2
54.40172,25.957676,150.56746,118.236755,2
139.37523,71.36631,151.67274,98.446655,2
7.7248845,61.904995,150.72006,168.93655,2
82.58478,31.184038,152.47513,188.39384,2
73.48861,39.294006,150.80595,185.74675,2
42.71155,148.16597,151.72195,81.94626,5
49.61461,17.347168,151.19165,165.20036,2
43.619816,36.12971,150.10548,151.05379,2
80.393845,50.286144,150.78127,49.441753,2
80.093475,77.61514,151.90549,90.2068,2
118.1188,9.591858,153.9274,101.863,5
141.33417,97.894646,153.57509,68.43729,2
160.99333,14.057319,151.46681,105.46066,2
95.87857,49.83563,151.07948,165.57457,2
198.81267,100.9007,153.64294,108.86158,2
186.97073,111.20797,153.81718,180.09978,2
19.203499,105.99599,152.36737,41.617165,5
54.521854,76.57021,152.27354,78.687386,5
114.57393,41.46268,152.57368,130.13939,2
129.72456,124.921844,153.22813,50.09436,2
100.93725,75.99248,151.81744,186.65869,2
63.99552,99.91151,151.85526,196.58209,2
73.69999,45.952106,151.97276,61.654755,5
71.13819,8.584612,152.20335,98.39982,2
31.1336,102.95101,151.12097,181.38567,2
8.572136,22.03133,150.83615,183.62065,2
158.91302,115.74063,154.04408,82.252914,2
76.97072,127.16567,152.7352,88.51898,5
89.76128,1.0736619,153.80042,88.392235,5
154.6147,89.31416,153.5118,204.01224,2
88.03049,104.51306,151.50157,86.34254,2
18.077112,84.08854,151.28195,118.54914,5
4.6681166,78.82316,152.22374,101.45498,5
88.435005,95.363464,151.4636,114.23766,2
164.70836,35.152325,151.76836,87.61939,2
106.22332,25.611486,153.1141,58.535084,5
22.135046,87.41523,150.81332,187.52025,2
161.76645,41.163395,151.81789,203.14749,2
23.282932,100.43953,151.46027,109.62266,5
61.813175,100.699394,151.87485,162.49304,2
172.27736,105.022125,153.66457,205.62534,2
41.22763,35.12551,150.23572,193.02701,2
13.454873,106.219444,151.7276,81.4955,5
85.24884,10.603794,152.54826,169.97234,2
45.73165,149.45027,150.33484,162.26344,2
192.63065,34.74151,152.75368,101.48862,2
61.91719,125.50948,151.16862,167.62375,2
184.96169,11.77117,152.10033,121.1484,2
140.72368,100.03481,155.01683,111.42434,5
62.020054,109.49289,152.00887,61.93406,5
120.25651,129.01958,153.43108,91.83812,5
5.5129457,64.37254,151.3498,92.308136,5
119.29588,71.429794,151.74203,45.330513,2
167.2099,70.74216,151.35422,187.89919,2
163.74037,1.6052686,151.5366,180.54172,2
96.99041,2.1197891,152.34961,157.49864,2
168.63371,47.070896,152.06752,191.01393,2
169.09769,63.382767,150.87433,185.0972,2
84.61653,47.15593,150.84303,98.22238,2
160.73726,143.86346,154.31969,91.51117,2
191.64015,147.19577,155.7051,184.15347,2
141.1985,33.621788,153.13931,89.94873,5
164.84819,48.392757,153.2479,87.68956,5
105.028206,28.537092,152.88808,173.01326,2
86.242516,83.683365,151.80132,108.17229,2
151.00974,84.62533,153.31573,217.04471,2
125.21376,60.64504,150.54776,196.20934,2
141.57463,133.68816,153.47336,112.44805,2
73.694275,146.29916,151.20546,169.18655,2
133.90036,138.10233,153.05139,172.83716,2
164.78784,123.08556,154.59265,102.13339,5
131.86407,124.404045,153.81004,101.13166,5
89.6112,71.00094,151.98608,81.783226,2
114.9825,76.803314,152.26888,91.10522,2
1.8840609,41.785343,150.93898,187.52411,2
113.98829,127.71365,152.54402,194.12462,2
82.36873,91.9966,151.60347,160.29224,2
178.7695,2.0888119,151.56282,183.87639,2
50.305832,0.49155137,153.44958,81.36921,5
122.35679,131.11943,152.79697,156.40257,2
2.5994391,36.168148,151.76273,80.49875,5
65.41579,62.18944,151.89496,177.28676,2
135.5682,6.125083,151.66737,179.69942,2
87.88112,5.403176,152.40501,167.78261,2
123.54661,146.46326,153.10593,94.19441,2
14.040156,3.4703574,150.85608,47.376633,5
76.51045,54.73129,152.99072,71.60142,5
157.53696,70.11598,152.57831,82.224045,5
80.20601,95.52872,151.5965,190.66173,2
198.95721,66.34049,152.37248,81.622406,5
12.383027,124.01808,152.40475,114.41355,5
177.56223,49.609196,152.66586,55.46041,5
188.39476,74.32212,151.78014,80.93312,2
78.9917,14.407014,152.47444,153.69601,2
45.803093,41.35044,150.68188,198.53299,2
22.360876,49.33687,151.25166,178.38223,2
111.03044,19.021612,154.1117,114.89515,5
40.067505,141.92662,150.59383,191.03719,2
134.94731,4.2885275,152.72368,86.14537,5
131.84636,119.944695,153.11781,173.68167,2
123.518654,25.865452,152.05034,177.05444,2
94.14394,106.09068,152.98256,92.121056,5
118.54576,21.856222,152.32344,190.56549,2
85.77664,22.884207,152.86317,124.94512,2
198.13531,111.86803,154.03027,144.34956,2
164.42686,96.28709,153.57205,188.99374,2
129.63304,132.69528,152.98132,142.80234,2
19.286749,97.70953,150.65533,132.30612,2
189.87277,46.565784,152.7937,210.71791,2
31.831568,52.248356,152.35966,116.22091,5
62.94583,96.33424,151.90051,183.32204,2
125.9513,130.75157,152.94614,101.43739,2
130.63838,1.815999,151.89125,117.99447,2
135.13228,26.770388,151.57646,177.88078,2
78.69311,49.220192,151.9385,86.468285,5
7.8492227,149.6523,151.71475,190.05228,2
48.744995,54.749134,151.5281,204.87779,2
141.96762,50.14871,151.47864,156.76817,2
5.591154,128.59848,151.0879,199.83801,2
136.29578,24.681578,151.50908,199.39532,2
179.99431,72.09164,151.44511,179.26741,2
145.64066,28.258518,151.26567,164.08424,2
85.10054,147.88974,151.9241,197.35397,2
21.464737,92.94769,150.7544,192.8708,2
70.02506,123.56443,151.3075,171.21077,2
61.68098,103.61415,151.99484,114.24895,2
162.16283,141.80768,155.95924,93.06631,5
183.12874,124.11899,155.79503,148.15762,5
89.9128,120.392,151.65642,198.57913,2
159.05629,49.69155,151.70366,159.77292,2
26.947826,2.5546103,150.95668,193.91759,2
14.905253,68.6464,150.7513,97.71141,2
142.53474,109.590645,153.65689,213.6966,2
117.276405,49.841442,151.5465,144.59251,2
7.193148,72.85975,152.21805,106.146965,5
155.63216,55.01687,152.68924,65.95633,5
2.5943449,101.55584,150.26108,98.8258,2
181.71614,8.84614,152.10907,106.94666,5
139.36844,117.79378,153.48387,178.83443,2
60.599064,0.38492215,153.5282,90.81839,5
72.95442,115.47688,151.96587,84.04809,5
12.97734,51.21352,151.12376,188.03226,2
154.7679,41.942844,151.64319,203.64319,2
100.42348,95.28421,151.66125,70.595024,2
100.752144,26.697653,152.91476,196.22604,2
24.058306,47.81802,151.23189,183.15668,2
38.47475,116.37527,151.20312,90.09507,2
78.28897,51.856483,150.869,203.28325,2
123.487816,19.54781,152.0007,179.25179,2
125.64553,51.238274,151.34978,173.74661,2
75.797874,106.1955,152.7264,85.03146,5
106.15278,53.046017,150.94786,139.0928,2
36.251034,113.39659,151.28676,116.32541,2
21.4728,73.33811,150.89835,152.0645,2
194.64517,132.46909,156.60966,108.25362,5
119.58804,39.92602,152.25122,160.09229,2
52.378242,33.549896,151.231,117.5537,5
23.914644,113.560425,150.92674,151.8968,2
24.059034,108.763794,150.87215,172.91035,2
162.59514,69.04542,151.72845,76.82714,5
29.671894,92.571465,151.18796,203.83824,2
72.890144,79.4044,152.50862,96.862045,5
198.96414,26.09488,152.6809,61.886517,2
32.83427,68.659386,151.38342,103.68415,2
43.404125,79.69281,151.99884,60.116856,2
158.23763,75.42405,153.58304,100.220276,5
181.58183,2.2558546,151.5599,195.66965,2
45.731537,28.45781,149.55855,136.99934,2
1.3463324,77.342804,150.26648,199.58907,2
199.37466,42.240017,152.9148,178.90202,2
159.16895,144.23161,154.01416,189.76993,2
154.50722,143.12595,153.8936,105.61694,2
177.01186,105.21457,154.57013,111.65057,5
49.782684,53.783974,151.75623,113.89792,2
151.4464,38.23598,151.49997,179.25522,2
31.395151,64.82755,151.36229,75.39507,2
31.93245,86.76381,151.5753,47.305965,5
195.60298,27.262241,153.71617,70.178055,5
93.92077,145.30003,153.27121,113.03582,5
183.66101,9.606411,151.86674,155.92752,2
149.77518,111.023445,153.8534,152.56898,2
145.962,48.818336,153.35976,136.1335,5
12.303647,105.437325,151.85655,86.48005,5
17.482885,30.449535,151.14876,174.72723,2
6.8875103,108.318535,151.79005,87.79478,5
153.55911,4.0997276,152.87186,100.38257,5
131.59398,125.17449,153.10132,107.18365,2
134.66377,75.22278,153.34727,109.58125,5
151.03833,65.83409,150.83212,106.49069,2
108.16958,1.7047931,152.15436,216.50615,2
180.4512,94.110634,153.238,161.00833,2
125.58446,110.59092,152.86096,173.37508,2
168.33499,103.85065,153.75464,147.13397,2
53.553684,25.989859,150.41971,168.89648,2
128.60175,123.5096,154.51431,114.62378,5
59.816864,26.817373,150.9516,205.26317,2
45.834362,137.58215,150.54532,215.74794,2
167.74666,32.21777,151.80223,200.20865,2
101.263214,65.11004,151.39915,184.00745,2
153.3952,42.01338,151.59991,194.45142,2
1.4084593,72.19325,151.25778,107.655876,5
6.249022,63.4221,150.64955,169.54752,2
2.4891572,137.35909,151.40538,155.04893,2
171.89146,43.846268,152.17548,167.34555,2
127.85713,39.898293,151.98807,155.51291,2
126.14024,51.479492,151.35942,159.32901,2
171.98537,54.47539,151.7894,171.19891,2
154.32253,93.75026,155.42854,109.01512,5
156.67215,25.538471,151.38362,193.65784,2
179.41425,125.12855,154.43118,186.48097,2
33.705223,98.98028,151.73228,100.39399,5
48.741062,19.62487,151.11226,100.24042,5
6.9128237,55.988846,150.86168,184.40607,2
193.44485,77.6619,152.30975,183.91685,2
6.848948,144.77992,151.5289,195.46828,2
166.49974,76.142586,153.64302,86.79018,5
124.144485,82.742355,152.52257,174.04828,2
15.338913,148.53317,151.3639,195.43268,2
130.2697,27.96806,153.3551,118.71338,5
92.00466,101.13174,151.41127,95.197334,2
87.946724,149.22171,152.0809,170.55829,2
75.76589,119.72184,151.4579,100.45645,2
111.563896,23.52831,152.59828,152.69675,2
142.41135,53.689655,151.22859,29.302938,2
80.69443,24.49335,152.54344,184.17108,2
14.198493,129.07079,151.69582,94.739815,5
5.1982374,122.27489,150.8756,191.11462,2
53.493065,94.40617,152.03096,149.83476,2
113.134926,10.035081,152.24985,175.55449,2
127.122894,75.4627,152.25551,175.47227,2
87.247215,7.703613,152.646,55.767178,2
6.1844034,2.6731212,148.83083,133.78625,2
169.36243,121.76844,154.19302,180.89922,2
94.50018,35.12402,152.7869,74.25793,2
158.16196,11.624712,151.42245,87.5108,2
32.282803,148.58168,150.70854,188.89474,2
6.0023403,45.437126,152.69946,57.987675,5
135.28693,32.30262,151.59436,178.79684,2
161.85435,122.81689,154.07816,183.24167,2
50.665424,44.05001,150.89485,123.70866,2
187.77026,130.27711,155.83891,92.36417,5
109.81892,23.85389,152.8351,78.47155,2
32.884552,58.538628,151.94374,65.794464,5
129.88878,53.851715,151.09253,173.89212,2
12.614652,77.752815,150.51648,58.329933,2
169.06232,109.24539,153.84084,193.33273,2
175.54213,97.9126,153.40724,107.683464,2
118.17287,145.1919,152.90015,171.66956,2
191.02573,129.50371,154.87958,185.44907,2
104.92242,147.40007,153.95242,131.99272,5
192.32214,13.966717,152.18367,164.21745,2
99.88836,117.53253,153.40298,82.547165,5
115.10379,130.62656,152.83255,45.15933,2
179.81958,147.81526,155.2844,186.73166,2
193.18095,51.882225,154.28935,43.76167,5
82.83876,31.766363,152.54399,166.71109,2
194.12502,42.581264,154.6608,117.41242,5
100.34909,90.66087,151.5635,193.1956,2
44.63452,129.3004,150.82652,195.09332,2
6.2656527,142.34561,151.49196,185.77078,2
22.831272,118.40183,150.88887,180.93866,2
9.919756,77.175674,150.42722,157.15991,2
138.5366,98.420944,153.48274,226.19608,2
190.99843,73.46834,152.3641,54.246674,5
172.74518,70.88643,151.38104,62.847332,2
121.81581,53.084934,151.12642,200.25168,2
57.659763,125.085945,151.08661,194.30833,2
9.549189,51.702206,151.00966,159.20445,2
126.937225,149.07748,152.97786,131.62965,2
100.74053,32.874355,152.89517,155.84511,2
74.26623,47.328644,150.52998,40.89447,2
70.19221,97.430466,151.79909,155.34903,2
77.57886,71.79039,152.13298,96.87079,2
51.17296,117.797554,151.31856,186.16455,2
148.76283,105.526115,153.75853,180.70166,2
193.52908,3.008776,152.24815,130.56941,5
127.512856,127.70259,153.02658,201.2137,2
4.005901,75.77679,150.35777,159.95334,2
4.2908673,91.657646,150.22986,180.17041,2
176.92676,0.3859006,151.52747,174.13213,2
34.482292,0.34442163,151.44658,186.8064,2
177.94872,139.89052,154.94391,219.16321,2
142.41791,102.54779,153.62042,174.41545,2
126.26384,94.82405,152.85997,54.153008,2
24.02407,121.439316,151.45354,0.654365,5
60.27037,2.2318468,152.03337,154.45728,2
63.523293,74.85592,151.99916,196.68819,2
131.80048,102.39992,154.69533,63.175354,5
87.760056,137.9804,152.14697,125.19608,5
78.58525,11.647604,152.43144,180.3822,2
164.47522,73.21095,153.03766,142.90543,5
41.12902,101.878716,151.54802,161.40411,2
198.7315,132.98283,155.08693,199.8198,2
47.224545,146.92297,150.58446,95.88881,2
194.25699,59.5502,151.641,89.4656,2
144.1138,24.637234,151.30309,147.77182,2
62.421406,64.84877,151.95338,167.5404,2
193.06543,57.69436,151.8968,184.51608,2
118.668915,119.60821,152.5579,124.541824,2
42.72136,99.33819,152.95396,67.67444,5
183.50957,77.732506,152.21925,163.77196,2
188.64467,146.6876,155.51369,168.98117,2
13.245941,81.39531,150.49974,197.77881,2
171.56702,40.467045,152.6673,134.79541,5
6.683958,115.74549,150.73224,64.55212,2
57.028755,113.491394,151.55594,65.09931,2
132.09575,3.7066891,151.73824,184.67935,2
127.09773,57.785343,150.61302,155.16586,2
158.0629,3.309329,151.5095,162.9884,2
158.83711,49.71782,151.84265,66.85601,2
49.617252,24.443066,150.24954,221.68176,2
88.14489,138.12834,152.60342,134.67984,5
134.44801,2.530025,151.71782,63.83451,2
21.96806,33.10905,151.82834,55.43581,5
115.25594,53.19228,151.09526,124.00484,2
58.02413,23.77023,151.1205,181.53996,2
186.58508,100.70364,153.44496,155.67374,2
154.62573,4.5645967,151.47597,168.34335,2
84.85579,140.253,151.84549,199.52274,2
194.08513,43.943634,152.872,174.14076,2
159.5182,139.56213,154.4295,87.262,5
163.27469,125.27397,154.12267,126.759895,2
119.07855,3.2581353,152.00272,155.59184,2
63.76049,19.31999,151.8048,168.71895,2
173.55565,106.26092,154.812,106.61427,5
37.44768,34.73197,150.4453,184.07246,2
17.4832,117.663414,150.76503,226.9007,2
7.404965,65.38816,150.61728,94.44136,2
154.95497,53.624786,151.50484,104.35113,2
126.60107,35.057842,152.10591,55.00442,2
159.68967,8.331289,151.4014,188.10828,2
64.37266,19.351904,152.58632,97.37645,5
22.616415,132.03976,151.32268,115.42893,2
86.81874,138.62462,153.60405,107.435715,5
65.3869,99.52354,153.49538,86.23095,5
136.91151,101.25803,153.48405,182.63995,2
24.68309,147.70056,152.86658,72.435005,5
43.609608,100.276375,151.6859,177.6373,2
4.660827,53.53471,150.82466,161.41814,2
151.86365,119.95834,153.8281,192.22763,2
74.721664,146.51208,151.25716,200.61191,2
191.2666,86.093994,153.02066,77.61729,2
175.85564,95.91457,153.33356,212.67767,2
88.05866,137.75577,151.87923,161.1574,2
27.430332,111.82443,150.99197,178.73486,2
67.55895,90.07124,151.89189,190.14035,2
47.213448,133.67853,150.76505,184.717,2
184.4206,23.1789,152.44823,184.3656,2
24.202044,85.17811,150.91011,149.37462,2
180.07303,117.3,155.20915,63.795143,5
43.043266,99.681335,151.72406,161.88788,2
103.00378,94.82421,151.59344,110.73631,2
110.85599,77.26911,151.96346,95.467964,2
133.09695,33.59452,151.71829,207.50525,2
155.43947,79.49096,152.82716,177.05074,2
122.93486,46.80486,151.90584,79.29294,2
107.00336,141.27605,153.68073,64.17148,5
109.17276,141.34807,154.00877,108.54481,5
19.91469,94.36295,151.44365,65.42853,5
141.29999,75.62159,152.37622,200.10649,2
178.29979,94.62565,153.2728,206.07169,2
9.946576,15.293138,149.93445,158.38785,2
139.81566,96.48173,153.47894,169.44193,2
132.7034,73.98023,152.07655,89.84901,2
0.32154727,27.033215,151.41447,73.56973,5
6.824567,116.00741,150.63496,126.9933,2
101.1951,7.7649045,152.49196,178.33519,2
180.58917,122.97179,154.62022,77.10274,5
9.035442,66.41446,150.62534,179.34845,2
76.25373,99.71703,151.54153,208.6174,2
156.8367,82.3057,153.16699,154.25797,2
53.66807,105.759315,153.63246,87.879234,5
186.65071,79.882835,152.44391,166.07301,2
45.4369,44.052452,150.97766,169.32939,2
110.56177,3.1344323,152.13849,177.24046,2
5.6199265,106.319595,150.4206,193.34145,2
86.56359,123.22053,152.62738,41.27323,5
145.29828,15.380986,152.68549,83.361275,5
191.91531,49.888344,152.66136,188.43979,2
81.32841,79.56874,151.8028,174.95424,2
175.17262,27.158155,152.10222,193.31107,2
109.726585,74.78908,151.89452,161.895,2
3.596819,126.434685,150.97063,167.051,2
81.44174,70.87937,151.98262,183.39314,2
83.74311,46.58678,150.86913,157.7888,2
146.07878,125.03847,153.62216,70.28844,2
26.619461,103.325745,150.93938,162.68892,2
185.59172,34.397606,153.34673,116.049774,5
1.7814507,1.1589986,149.51474,100.462326,5
90.02187,140.968,152.02765,143.48616,2
16.175287,71.03876,150.88843,90.43774,2
10.216538,59.38264,150.82498,177.52167,2
47.36797,111.35937,152.84073,85.157326,5
1.5067948,117.115776,151.45941,106.881714,5
115.77767,0.85175157,152.00021,199.79361,2
195.48798,51.13612,153.4047,150.46722,5
116.699905,112.33387,153.22821,46.840218,5
37.673885,24.889189,151.29257,79.80549,5
4.5355387,68.020805,150.50389,169.07326,2
147.99614,124.93344,153.66312,198.01315,2
121.992004,43.36589,152.1126,184.84909,2
143.58577,56.587517,151.06293,126.48625,2
150.32494,99.73327,155.64801,88.60785,5
49.661583,85.732056,152.17255,97.09022,2
85.07084,74.43031,151.90462,95.12874,2
113.0046,40.514526,152.44133,188.9867,2
59.973125,96.36089,151.93124,167.76663,2
134.29588,38.599403,151.72327,166.2157,2
176.84721,75.93546,152.06992,212.46722,2
29.063278,74.47989,151.19589,122.78139,2
115.999565,26.600615,152.45203,87.05107,2
196.91118,53.62894,152.43277,141.87909,2
128.70279,94.30647,152.98537,188.83302,2
14.362909,91.28556,150.44554,155.7447,2
44.4773,108.626785,151.52776,182.66502,2
172.21518,112.78985,153.95891,166.59296,2
148.57227,8.539567,151.40012,195.4997,2
146.76933,100.84609,153.74278,177.01515,2
1.3211281,142.37085,152.07431,116.27454,5
138.95929,70.621544,151.53004,151.76714,2
41.519794,96.39662,151.64386,198.62779,2
106.92437,123.69999,154.07578,78.81275,5
100.83237,26.60294,152.89825,196.93456,2
93.79611,136.38342,152.92245,75.879875,5
39.32642,131.80606,150.79208,158.43842,2
58.670067,54.386204,151.58212,209.90703,2
5.815694,98.69696,150.27654,194.91039,2
151.93236,102.23356,153.7944,202.11566,2
169.75081,28.021973,151.91461,211.04991,2
27.163218,47.221405,151.2647,200.27708,2
19.501661,149.15337,151.29407,188.48697,2
33.523243,53.080444,151.388,164.61008,2
192.31085,19.11424,152.4271,218.75142,2
168.57957,149.3094,154.66374,85.3129,2
93.15128,109.40347,151.55267,168.95729,2
100.13914,127.8967,152.08652,190.22319,2
19.078064,54.096592,151.71136,64.22453,5
42.48742,76.66153,151.7775,162.71143,2
81.455574,94.43589,152.26102,88.6927,5
141.73344,25.393515,151.3564,191.074,2
186.52695,60.624783,151.3515,167.80553,2
189.79552,34.20087,152.73329,163.82643,2
18.32813,43.97007,151.23546,177.3868,2
74.173325,55.789993,151.42155,207.15173,2
163.21236,0.6905375,151.47787,177.5392,2
156.29805,58.523632,151.41716,72.245834,5
100.794846,121.9621,152.00888,112.223976,2
17.641182,11.597966,149.24011,165.80072,2
106.325676,102.7396,153.54745,64.24213,5
137.80443,14.291095,151.5032,183.09053,2
144.27225,47.055805,151.58276,183.26666,2
43.244095,148.95134,150.43045,82.80691,2
34.918953,127.77042,150.89203,164.62093,2
147.31552,148.86581,153.39482,169.04193,2
185.15253,75.65404,153.66565,134.99814,5
83.400055,0.3851688,153.47159,122.10837,5
55.60442,4.5032744,151.90102,171.51846,2
129.4053,77.908745,152.47758,185.19057,2
11.99221,133.69151,151.13376,143.48012,2
132.04443,31.782837,151.71089,141.38464,2
141.78702,80.87077,153.02441,148.12764,2
102.85373,5.4323077,152.3543,113.882225,2
155.25098,16.809483,151.40936,171.30118,2
58.787113,56.41546,151.74982,107.98179,2
76.61959,74.93841,151.9292,187.49397,2
10.51521,49.541298,151.35204,98.56062,5
33.636486,25.87551,149.68057,170.07764,2
93.46991,122.70156,151.80292,104.63605,2
85.43042,148.21771,151.87584,177.89677,2
168.08273,26.578346,151.7573,79.62919,2
103.72216,23.856888,153.11089,49.197426,5
89.961655,54.255356,151.78804,62.56659,5
38.23289,70.7006,151.55316,158.98186,2
0.33688343,54.04122,151.27614,115.658424,5
8.116754,29.820005,151.10883,162.96877,2
158.27707,40.85644,151.81918,93.99238,2
64.154915,6.843308,152.06224,164.64793,2
100.7518,102.25601,151.59079,166.53108,2
171.6527,103.319374,154.38576,79.30805,5
105.11309,52.058323,151.07368,164.88264,2
85.34596,2.6031115,152.42462,103.67304,2
113.829216,64.69597,151.11125,106.218285,2
184.4528,97.53827,153.24625,184.24057,2
167.88943,103.76998,153.71033,171.92862,2
153.15204,125.71432,153.87534,93.78098,2
26.12353,76.227295,151.10614,179.94066,2
8.479258,49.392807,151.00752,212.56657,2
161.53642,52.539352,151.63655,215.27022,2
175.14073,24.851896,152.0346,181.30498,2
58.535164,60.106377,151.81274,224.6471,2
52.370872,125.01766,151.11873,195.9695,2
59.82833,49.9302,151.17174,83.91254,2
90.10885,38.98214,152.8049,89.42379,5
111.92141,96.960236,153.75511,31.493858,5
16.408514,26.82102,151.05151,183.8374,2
185.7591,105.74106,153.56682,163.81802,2
99.17283,114.46393,153.19446,103.9867,5
89.631,76.285934,151.77458,158.61182,2
98.97548,75.207504,151.80219,162.19942,2
89.61846,99.11575,152.08978,138.01556,5
139.74936,69.72814,151.43633,158.15294,2
19.353817,130.65001,151.28311,38.15546,2
73.98657,93.44098,151.77066,189.6527,2
120.262596,1.0768121,153.34778,49.235664,5
85.25681,45.8211,152.82532,51.1708,5
73.956055,54.59286,151.32176,191.0461,2
36.874138,63.20762,152.34439,90.82864,5
83.14902,125.164925,151.53362,223.72424,2
125.56348,116.3849,152.89456,165.90854,2
100.75706,21.53471,152.83313,173.86937,2
55.567993,20.008171,151.33809,168.87828,2
193.123,119.6527,154.42812,78.84237,2
50.29996,33.89439,151.28503,46.183445,5
14.3620405,62.266228,150.971,97.40536,2
191.14597,139.80627,155.36906,190.35738,2
33.844746,47.150955,151.2642,159.88864,2
96.19076,117.32726,151.67308,207.73466,2
28.09802,46.42821,151.29347,192.46594,2
111.95577,8.400054,152.30507,78.590546,2
53.180683,26.689812,150.3249,91.09668,2
155.48314,55.321495,152.14948,81.57389,5
175.30824,104.478645,153.62073,174.31558,2
74.57836,4.353051,152.31575,206.30215,2
23.948372,29.51823,150.86072,182.00198,2
179.88408,6.0237045,152.14241,91.19362,5
198.75345,149.99246,155.75296,199.4534,2
142.82607,124.242676,154.50798,103.7366,5
143.66733,1.8506953,151.64478,159.54446,2
182.01329,121.747986,154.33951,177.98276,2
164.08186,143.19806,154.34052,201.38632,2
35.84817,121.65445,151.32527,110.780815,5
124.02191,87.921425,152.67674,168.65265,2
83.490326,26.090307,152.65788,91.59793,2
151.26198,27.483812,152.83505,120.497826,5
18.722954,131.51453,151.11343,88.87054,2
198.31795,73.79952,151.95921,79.71455,2
41.961945,54.977573,153.04427,73.61931,5
100.73644,92.031975,151.74469,53.835625,2
110.46655,0.78734994,153.96255,96.78013,5
163.37427,134.50758,154.19527,183.94897,2
76.060646,126.983284,151.38498,149.28708,2
43.104137,148.90268,150.38327,164.89542,2
2.7217119,26.834541,151.20108,101.28895,5
137.43959,99.900986,153.46083,189.22093,2
107.29332,136.32637,152.52805,158.21295,2
143.95439,131.51234,153.44556,199.17613,2
115.40536,49.96069,151.53296,146.73796,2
2.3000338,59.18698,150.65723,160.77274,2
102.12697,0.7656131,152.26431,199.72939,2
113.829956,28.24595,152.56934,181.97806,2
85.52315,109.67904,151.6405,129.89018,2
21.38092,127.53736,151.30049,87.04796,5
147.3996,84.93813,153.36406,179.51822,2
84.3444,98.11773,151.5147,182.06296,2
110.283295,48.70654,151.66722,165.88153,2
146.5134,108.5883,153.7394,149.05719,2
65.07502,69.276085,152.01338,187.06725,2
50.33925,137.12515,150.66624,182.38113,2
146.7757,79.24722,152.90964,139.50526,2
36.68021,147.49408,152.06073,105.39136,5
170.39514,50.50607,152.01677,163.97568,2
164.20879,129.41801,154.09023,172.62926,2
152.15266,133.36066,153.68787,197.07979,2
49.050472,100.49787,152.3329,97.19267,5
146.00873,49.1682,152.71747,102.37905,5
31.852467,26.832499,150.09018,107.74128,5
2.3155344,35.100677,150.97278,178.78679,2
40.790867,147.16861,151.3441,82.822235,5
195.28815,107.29156,153.77002,64.93774,2
44.761864,129.2837,150.84052,224.08229,2
72.56144,147.07864,151.15254,177.02602,2
160.403,2.1803048,151.43794,177.384,2
61.973526,45.085503,150.42912,199.79172,2
68.92749,149.07109,150.9075,187.41017,2
67.18267,64.10528,151.97409,158.37723,2
47.609818,23.10091,150.23975,87.048355,2
142.32553,119.87101,153.77255,63.36968,2
142.4282,3.1473904,152.23288,128.05788,5
178.415,61.2201,152.12914,97.21573,5
56.779266,91.22342,153.18906,52.494835,5
88.64919,17.40851,152.7833,156.34404,2
2.345202,130.9878,151.21132,64.1695,2
88.19316,144.3048,153.03745,140.75392,5
124.42553,78.6958,152.3617,177.31352,2
189.40065,25.168344,152.52115,170.94296,2
47.944286,49.33817,152.09085,118.9171,5
11.203342,65.69093,150.76723,96.81784,2
14.321141,70.41693,151.25346,99.22244,5
85.8835,146.24084,151.87619,163.08707,2
178.8461,46.695786,152.44247,192.06044,2
149.86368,64.21907,150.72183,181.25783,2
74.76349,19.57148,152.54317,70.894264,2
31.98042,18.366907,150.94879,92.27928,5
181.42348,123.52619,154.40466,141.19273,2
135.88512,129.83678,153.21147,172.51527,2
126.976204,98.961105,152.90865,197.43953,2
25.220098,67.97841,151.14209,85.5715,2
166.30325,119.364845,154.03044,87.00089,2
164.85017,103.5652,153.7594,182.1509,2
134.30952,94.72669,153.22429,138.92697,2
54.377827,147.0756,151.08463,82.52769,5
58.78616,146.01573,150.58972,74.664185,2
90.510994,69.38739,151.86838,174.43166,2
26.724827,13.126854,149.78459,187.43729,2
27.379486,73.01544,152.74123,109.75413,5
17.791162,117.77561,152.47722,70.15491,5
163.54228,5.2906194,151.53127,120.12787,2
164.03265,56.47011,151.37245,134.40013,2
183.92381,138.4506,155.16692,209.60242,2
107.308464,70.26163,151.7305,189.66612,2
0.7287992,7.929632,149.15755,173.1722,2
108.788574,145.32039,153.61874,87.31953,5
61.431602,116.290474,151.47322,65.033394,2
180.56122,91.63344,153.38019,30.18799,2
139.93866,54.57374,152.88023,65.75757,5
40.38305,6.4926596,152.9651,60.283806,5
149.1444,119.84733,153.94258,111.99441,2
96.2927,32.247433,152.96127,185.83249,2
135.28116,69.8911,151.43147,166.15742,2
166.73631,31.17158,151.8178,194.98152,2
143.19475,146.7906,153.45056,119.00295,2
177.54819,103.32376,154.44849,126.23437,5
172.89151,95.39633,153.48318,48.06282,2
193.20197,119.00995,154.39444,72.10167,2
197.3646,133.21579,156.06235,89.70254,5
54.137337,79.92996,152.08806,213.50815,2
124.45038,122.66325,152.9805,110.07694,2
190.69157,55.886307,152.05637,175.05728,2
10.640236,48.580284,152.83702,81.73568,5
34.168686,74.90826,151.45967,166.97336,2
28.192368,15.765209,149.61429,160.25941,2
28.936316,26.48961,150.05641,106.823845,2
43.43105,17.763489,150.88295,44.01201,2
165.2226,55.524162,151.46861,161.04996,2
75.47145,33.498306,151.77534,179.16663,2
113.954506,100.41644,152.07948,178.2408,2
26.49207,127.3398,151.71378,127.85876,5
115.43367,73.40368,151.91278,188.14485,2
181.16347,2.3673615,151.59752,180.95433,2
49.534477,30.396915,150.85641,57.210144,5
55.651176,81.08525,152.01788,222.62148,2
11.658318,17.592072,150.16298,110.23464,2
160.1428,111.0077,154.3854,69.619644,5
50.00034,73.03177,151.91136,206.44005,2
116.76528,28.401363,152.37497,165.22893,2
82.0558,9.9336195,154.29222,58.650417,5
34.24099,0.8426063,151.35835,151.69354,2
113.674545,96.568855,153.8207,61.77388,5
57.01066,124.650185,151.1374,179.8955,2
151.54102,48.54747,151.6234,152.34712,2
4.359308,3.6790035,148.57343,152.48703,2
167.8714,147.00888,155.15707,121.00459,5
165.78761,135.02393,154.2932,172.12865,2
28.395891,120.01779,150.9552,225.6642,2
69.059814,51.14823,151.80113,100.353264,5
137.75044,5.5771723,151.58112,176.59138,2
150.16972,101.103325,153.78722,152.48393,2
133.07317,7.586158,151.69193,181.07268,2
10.491611,145.9395,151.51239,157.11497,2
111.34972,50.204212,151.43161,182.1936,2
75.927795,131.34074,151.3744,184.3895,2
171.27628,119.101845,154.08472,83.59421,2
183.26384,34.560627,152.50818,166.89026,2
75.69369,81.38826,153.1372,119.6021,5
55.725384,143.31546,150.66933,82.5732,2
196.54533,123.24246,155.48854,73.81671,5
172.98508,99.45833,154.85614,74.67293,5
125.53649,142.95505,152.92963,184.98608,2
12.365512,48.018105,151.66539,60.46683,5
164.42358,100.14024,153.66725,192.97052,2
6.626636,16.944386,150.33467,182.76941,2
185.69626,68.49809,151.11272,151.38036,2
169.8002,14.989972,152.02711,106.05111,5
96.464874,125.31493,151.90527,41.18898,2
83.32502,2.1643212,152.28374,87.12045,2
10.425122,106.32471,150.42377,169.89748,2
129.61089,73.785995,152.22008,26.805302,2
127.722824,35.101307,151.91844,188.96788,2
151.09897,106.7407,153.81342,170.55263,2
78.21709,25.197151,153.54079,93.387054,5
88.50999,78.53367,151.75278,168.60117,2
75.139404,139.3923,151.28601,188.93929,2
43.61326,146.15527,150.42764,192.27765,2
152.18048,144.31361,153.60555,175.91168,2
11.645993,91.52451,150.74196,37.724953,5
118.66802,5.749513,152.04433,174.78381,2
59.110092,62.37309,151.88197,44.088,2
64.549446,38.616913,150.25856,138.58337,2
180.92462,71.38621,151.37068,162.4835,2
92.00725,129.15347,152.7083,68.9382,5
42.119286,15.687148,150.88,126.45908,2
79.02149,116.79215,151.48091,87.2061,2
151.71442,108.51027,153.80748,168.81366,2
127.99046,53.584217,151.13278,166.17793,2
115.366486,71.47619,151.80084,99.2971,2
119.30804,99.86963,154.11253,65.42882,5
178.58759,62.605625,151.04048,151.70934,2
198.6936,27.380032,152.73643,202.95212,2
15.814863,72.58682,152.45248,107.65013,5
78.27833,149.55928,151.50995,201.91272,2
185.84653,50.71972,152.47824,207.55669,2
140.63374,40.886982,151.5552,202.21483,2
172.84277,97.3758,153.39989,194.14969,2
18.365633,42.91121,153.16269,89.73602,5
38.961884,21.160412,149.78088,132.29222,2
105.26181,101.07415,151.77702,139.33409,2
100.6175,0.5077582,153.67374,92.39895,5
148.52902,4.9588375,151.45256,135.39305,2
21.888,52.603226,151.2389,168.52911,2
141.59491,103.11172,153.6642,173.51044,2
15.795438,43.90673,151.27432,181.95099,2
183.39772,80.90773,152.56236,178.3801,2
20.3392,29.8444,151.12236,191.45248,2
64.69512,23.622808,151.70317,77.12906,2
46.324913,23.095972,150.12152,197.9821,2
21.990381,25.839682,150.59233,166.90317,2
37.535164,0.031031257,152.12386,90.57717,5
65.08251,50.944717,151.41711,124.04773,5
112.78275,30.887514,152.57689,187.36795,2
20.734127,78.77277,152.69511,53.08295,5
31.570185,25.759659,149.74838,85.19259,2
78.65406,149.21654,151.49007,73.12001,2
133.35213,5.8825397,151.85349,109.77515,2
137.70598,129.74629,155.11531,101.98393,5
158.6604,2.0660024,151.46921,179.72375,2
118.95886,47.7099,151.9209,63.6586,2
54.225426,61.18824,151.73451,192.85936,2
5.2870464,78.161736,150.34439,175.90242,2
140.46585,91.14674,153.44313,206.09018,2
64.088554,24.09827,151.68819,206.24188,2
34.717377,20.15942,149.70706,186.12614,2
157.9096,91.470764,153.59912,209.33228,2
42.98035,114.531654,151.33817,185.99644,2
165.4906,131.93001,154.23715,186.45934,2
113.38058,76.361275,152.01756,194.14658,2
2.142295,125.70217,150.98222,131.19252,2
92.19042,128.65787,151.85487,186.31848,2
137.17775,13.656613,151.5427,158.05542,2
126.36279,82.53539,152.65022,164.04172,2
136.0361,68.74282,151.24413,177.98509,2
194.69867,65.66553,151.2243,92.2484,2
43.430527,4.2228875,151.59412,204.17233,2
0.17345157,91.90333,150.20882,75.6893,2
157.05928,43.675808,151.92734,85.40943,2
21.664078,68.817955,151.03,179.56398,2
138.6981,48.536163,151.55553,156.39424,2
41.581604,132.46826,150.71507,171.31773,2
12.895331,36.86326,151.24065,176.63121,2
0.09247787,118.48779,150.75444,170.28563,2
115.391624,133.07314,152.62923,185.95274,2
22.826765,30.851784,151.05008,168.87717,2
28.632446,139.19315,150.87486,206.22795,2
161.48018,39.15947,151.74716,181.62607,2
62.217403,62.145363,151.96448,116.23967,2
118.67308,100.92085,152.38167,92.42847,2
0.3367551,29.74538,150.80978,166.53728,2
57.12251,148.56897,150.85062,73.10415,5
18.669018,94.44921,151.14777,127.155975,5
129.69923,146.47089,153.01704,195.09258,2
55.08265,12.928526,153.26997,67.71603,5
187.6132,139.76782,155.28667,216.7565,2
140.51813,22.356161,151.40306,180.89963,2
71.36161,28.161129,153.14413,34.815594,5
95.58668,116.0288,151.69339,187.90036,2
46.066296,28.242863,149.53683,169.64471,2
66.425415,117.78374,153.34583,67.95535,5
165.40694,120.00084,154.52046,83.95281,5
120.639336,31.443653,152.77286,98.23933,5
120.54101,115.557396,153.08623,61.49529,5
19.303793,0.82307446,152.00122,94.35472,5
81.19442,66.023735,151.96815,157.32039,2
9.994844,58.816605,150.86931,167.00279,2
135.63959,102.20528,153.39502,166.93921,2
72.33425,79.93316,151.92667,87.2501,2
144.24602,35.88937,151.75638,93.81701,5
173.73125,44.112366,152.27226,117.707954,2
82.99784,26.64548,152.63492,64.22214,2
139.98447,6.412692,152.74979,110.053444,5
157.20915,54.741898,151.39987,157.16153,2
34.27949,145.24011,150.66103,196.60382,2
89.07845,83.37725,151.72339,98.11582,2
113.476425,116.974625,152.6799,49.055954,5
87.333496,7.3047776,153.47424,87.09865,5
117.195984,129.63197,152.69695,205.30234,2
174.10938,55.54117,152.14867,75.52044,5
118.59844,144.99135,152.87177,209.31325,2
32.122795,81.93418,152.97675,72.28213,5
122.32401,16.7509,152.064,72.99661,2
80.71812,120.078156,151.46481,173.05704,2
191.22197,123.3845,155.94688,104.31173,5
107.213135,22.252567,152.7674,214.41257,2
181.65224,114.63352,154.03607,173.38087,2
144.25403,6.690122,151.48926,175.09923,2
38.898956,124.391426,150.96358,185.11479,2
189.29823,124.57374,154.55437,209.48787,2
128.92702,79.23797,153.66328,43.842552,5
168.95177,133.03882,155.89462,119.65342,5
116.877266,105.49736,152.31757,145.19904,2
3.8592155,122.39124,150.866,178.09041,2
102.67459,52.856674,150.94284,100.68529,2
101.49526,75.39639,151.90385,169.11981,2
161.97313,71.57318,151.5594,95.0014,2
189.49791,103.75449,153.51784,167.33128,2
106.62305,61.175636,150.80685,164.88512,2
183.69981,72.41581,151.47855,138.48843,2
66.955986,93.71681,153.52956,72.412964,5
168.61165,6.7106667,153.34654,89.7858,5
147.56616,123.228195,154.69792,72.32062,5
46.784588,79.158844,153.20319,96.45454,5
113.24851,45.7967,152.06464,204.93588,2
198.07744,94.32946,154.15306,93.137924,5
146.41678,0.26861715,151.68356,167.77753,2
147.66756,75.11804,152.30968,175.57855,2
68.07483,46.896824,150.60738,95.668335,2
8.210759,100.970985,150.59349,105.30719,5
7.6098065,3.166535,148.7317,169.43738,2
54.2557,130.15489,152.16364,50.921177,5
190.26242,77.20736,152.34705,76.46136,2
92.720314,83.54525,151.6505,84.216385,2
75.78261,118.67003,151.4333,204.33324,2
102.28771,113.15098,151.83267,203.42218,2
42.732586,81.01339,152.14511,37.443867,5
190.21455,91.74217,153.1727,67.20003,2
124.38958,10.458723,151.88258,181.58794,2
116.31956,118.81517,152.43408,127.510254,2
10.220696,92.31913,150.25652,208.75148,2
86.19333,84.15841,151.6775,192.41539,2
126.422966,91.650734,152.81644,199.92392,2
139.60713,29.682508,151.4106,174.60406,2
164.02626,142.86116,154.40396,154.30283,2
194.34119,93.413445,153.21698,186.45729,2
145.20375,26.083344,151.32103,91.36668,2
54.818256,17.644808,151.42503,182.00436,2
65.0189,21.912228,153.51163,79.970146,5
78.85136,63.073666,152.46426,80.09647,5
175.48541,11.500849,151.79099,30.785688,2
56.056953,149.71315,150.41258,169.16006,2
82.34589,68.6908,151.94824,194.65736,2
104.11648,50.499405,151.25375,142.81578,2
2.9539936,5.330745,148.68677,174.63159,2
122.04404,19.642286,152.2934,32.105274,2
198.44087,146.99287,155.66743,133.43918,2
6.9582405,135.84645,153.01645,91.71284,5
23.720198,140.07092,151.01442,162.76038,2
94.45526,48.608315,151.15207,163.10527,2
15.832712,117.279305,150.78113,165.24382,2
66.74919,110.98841,151.62695,170.4607,2
186.67009,148.93373,155.62013,165.88559,2
145.8369,0.20329778,152.52914,32.83733,5
124.75019,123.3266,153.93953,79.57552,5
150.01332,72.25402,151.813,182.71278,2
175.2867,80.068184,152.60522,154.96346,2
168.60094,77.85403,152.91353,107.115715,5
182.75777,50.88477,152.39291,188.21071,2
172.68869,47.92439,152.23975,162.76428,2
197.1741,134.75333,155.08678,136.23877,2
33.473423,65.34768,151.38321,207.22891,2
167.02625,89.36098,153.29716,107.88328,2
27.770277,1.5924695,151.3942,93.419815,5
102.80432,56.380867,150.71274,175.29042,2
90.57809,94.18094,152.68956,45.26554,5
176.36989,97.10502,154.64812,118.41191,5
136.9473,18.450956,151.49217,171.64265,2
34.758236,147.98918,152.18196,129.01402,5
57.670002,39.997208,149.90018,167.43964,2
47.346916,140.0078,150.53743,194.4467,2
45.227753,50.148556,151.3216,179.15288,2
170.40764,149.98851,154.817,179.00212,2
140.73001,24.226557,152.22142,42.26486,5
173.34944,124.157555,154.2694,170.87698,2
118.93056,78.80303,152.28314,156.74452,2
79.80676,104.74524,151.4739,181.13647,2
0.8990756,21.7042,150.6775,183.14388,2
8.246322,49.624687,151.0288,171.14453,2
20.07706,21.478462,151.70746,98.95419,5
128.6919,66.442505,150.99907,174.52583,2
128.89726,98.80706,153.23587,88.94415,2
141.10326,6.891699,151.48296,206.19937,2
170.9813,45.91325,153.96294,81.3801,5
165.65924,102.23965,153.74716,189.17015,2
102.29752,43.229397,152.30933,193.41176,2
149.46935,30.777405,151.28966,181.91225,2
97.969315,103.40473,151.567,156.60857,2
89.702805,13.78724,152.64984,94.85139,2
162.6835,75.327194,152.12703,201.90019,2
16.607954,52.771427,151.17917,176.2701,2
72.63924,106.90258,151.56335,189.10272,2
56.040394,31.40001,149.99939,180.05466,2
166.53638,2.6102326,151.47012,156.24466,2
121.012535,51.934494,151.32318,200.11021,2
72.29053,49.06398,150.60591,177.13234,2
141.14578,11.589372,151.4978,193.12396,2
151.20259,88.88412,153.48915,163.00589,2
83.965866,33.121223,153.27284,68.08672,5
18.83547,7.724309,149.56377,190.23222,2
59.44516,148.20094,150.56319,198.41594,2
157.04123,3.0657518,151.48387,180.83075,2
48.38035,86.61684,152.00224,51.30104,2
124.854805,67.71768,151.37384,71.23909,2
41.823296,84.22907,151.73018,190.89801,2
177.00848,6.174378,151.67139,188.00449,2
43.6967,109.82417,151.45335,176.6429,2
128.63199,67.653015,151.1663,213.4815,2
95.06336,67.64686,151.7558,169.37834,2
73.40055,105.46627,151.59805,194.65437,2
109.89506,113.14806,152.0692,178.13692,2
104.643684,57.140614,151.33725,116.31112,2
54.720104,14.932081,151.66571,161.49918,2
152.0409,56.904446,151.44373,61.346855,5
66.61088,134.41733,151.01923,202.97539,2
143.38521,98.99459,154.11359,74.57448,5
199.60359,128.97281,155.31973,82.75505,5
186.26218,13.086808,152.10968,217.96974,2
30.704336,6.8687963,150.88692,197.5451,2
23.324469,74.789406,150.99463,159.27507,2
105.48137,64.9876,151.28728,59.284805,2
191.84288,107.71611,153.7128,154.34322,2
39.279133,44.609325,151.30212,99.76527,2
112.51339,34.632507,152.82857,118.42951,2
176.13756,95.86352,153.46436,126.03104,2
177.34229,103.626335,153.61002,152.97897,2
109.77123,134.8347,152.5461,211.6285,2
74.25134,95.47376,151.84183,107.13383,2
190.24397,8.353131,152.00357,71.046,2
138.29857,32.61934,151.50789,157.11128,2
49.182663,48.174976,152.05174,94.25911,5
113.23045,24.69289,154.20924,90.53861,5
164.57144,23.655964,151.61372,144.62927,2
104.25082,19.595034,152.67447,160.42856,2
190.65677,124.032974,154.52005,153.4796,2
131.0833,128.89526,153.06053,183.14903,2
166.23427,114.08647,153.95547,162.23857,2
40.81932,1.0842229,151.62105,173.6506,2
53.491234,119.24596,151.25218,121.63919,2
80.58876,46.039574,150.71286,189.6355,2
91.30826,42.67588,153.61389,90.15153,5
79.70902,4.345352,152.39043,189.8107,2
53.32834,34.190495,149.62048,200.44269,2
38.90156,72.308075,152.66135,72.52293,5
175.4959,1.2565358,152.52806,113.48039,5
20.241226,2.2306917,150.25443,178.99677,2
23.176094,145.91737,151.18062,91.251755,2
154.63205,147.74208,153.79567,198.65944,2
29.267925,68.28155,151.21779,195.00438,2
35.813797,66.596985,151.46472,176.8762,2
12.797277,78.48445,150.52576,142.4967,2
15.703116,27.212082,151.09372,209.4995,2
131.61449,84.842995,152.94206,170.1316,2
192.51753,9.673357,153.84201,91.140755,5
83.30134,136.94948,151.78644,109.643005,2
125.36314,25.840046,151.99564,164.87978,2
189.40836,138.70883,155.33598,176.27428,2
131.5762,121.54639,153.17082,155.50873,2
85.93934,49.41427,150.77579,155.87193,2
1.5521584,26.989538,150.86688,173.67622,2
36.06975,123.79178,152.92369,91.48908,5
125.70957,53.64044,151.071,193.11794,2
79.94776,125.75293,151.48865,203.40765,2
103.43097,147.78369,152.70604,201.91249,2
53.26916,134.31415,150.71558,198.93762,2
95.7224,114.88542,151.64363,178.76982,2
199.96295,134.10524,155.17299,164.28453,2
19.041962,145.50665,151.27072,173.31845,2
85.11963,64.85709,151.89986,121.002945,2
80.72716,147.19699,151.60228,188.9755,2
140.42177,40.834576,151.66624,175.34836,2
155.55193,6.74006,151.36263,187.24452,2
110.64468,0.8190205,153.91362,86.21735,5
191.32886,97.191,153.32237,194.7553,2
175.84477,76.46224,152.7999,94.34948,5
95.18492,113.438194,151.56352,146.61006,2
176.27695,49.51327,152.64923,133.62874,5
45.361343,40.704334,150.65152,181.86438,2
63.015575,63.197243,151.88908,164.1972,2
117.23539,95.020706,152.27858,186.57057,2
148.0797,105.770355,155.68172,91.50539,5
29.816696,100.27485,152.03267,99.5593,5
93.39882,6.6584935,154.22023,86.100006,5
122.24381,26.94408,152.14053,183.80763,2
29.661917,38.3734,151.20435,205.92091,2
136.55019,48.22676,151.55664,157.64935,2
25.185692,103.35621,151.68459,77.964226,5
192.24356,45.955345,152.79782,198.24107,2
63.424133,3.2571738,152.09372,189.23572,2
147.71744,39.072983,151.46332,172.64929,2
86.48018,148.20152,153.14314,48.337803,5
158.38586,118.84435,153.93367,177.19504,2
48.051167,77.4941,151.91045,181.14972,2
132.05128,126.9586,154.64395,102.04765,5
38.951153,104.78626,151.51685,234.6043,2
140.92783,105.03647,154.01328,55.23753,5
4.3677998,30.068165,150.97949,145.865,2
124.63948,60.330822,151.77307,65.50214,5
123.49013,71.07914,151.6991,185.80006,2
31.578884,13.25365,150.18694,189.58835,2
140.65947,23.440905,151.4082,101.473915,2
82.94828,20.863451,152.89561,50.835976,5
129.84282,42.788784,153.49132,77.326775,5
194.83679,44.80849,152.86685,156.3691,2
184.48065,26.565948,152.42001,143.33162,2
172.31082,36.628254,152.1516,178.50302,2
53.634174,71.90491,151.98221,179.73448,2
0.7036151,79.1112,150.22676,174.70248,2
150.08162,120.19066,153.7391,208.44748,2
14.097599,77.888054,150.61284,161.8257,2
44.502197,30.751526,151.29276,102.59594,5
57.959812,26.800339,150.88171,128.01385,2
181.20549,74.08924,151.74135,197.1935,2
151.48547,106.14904,153.79518,164.14359,2
67.574554,115.413925,151.47382,195.06038,2
75.77587,25.904955,152.30624,56.678097,2
179.37029,74.99704,151.95917,176.15442,2
189.0671,51.18489,153.38918,114.48646,5
159.32312,99.21155,154.50572,74.55519,5
144.85645,53.683372,151.27397,215.14844,2
21.570389,121.824036,150.87312,66.643585,2
52.811466,80.88798,152.21983,67.018745,2
62.50044,108.042656,151.67249,169.53712,2
115.1697,64.14064,150.88469,187.77777,2
25.193138,85.489876,151.47092,96.23697,5
130.7232,137.36404,153.06976,93.2701,2
3.5337443,25.338774,151.78033,122.31089,5
137.82385,54.11427,151.11592,212.36227,2
163.1688,142.75485,154.25912,161.64171,2
26.57651,21.419506,149.65102,200.94585,2
9.968709,3.5196092,148.88441,194.63625,2
89.76083,107.00915,151.45737,75.917465,2
155.34631,129.95734,155.46706,61.164497,5
93.25452,23.050138,152.9319,88.12906,2
41.71117,72.98939,153.2651,74.12098,5
34.504585,144.61853,152.43657,108.94787,5
191.62169,66.286835,151.06503,209.42926,2
97.93916,49.51341,151.22499,187.52432,2
110.58455,69.53311,151.60211,172.83656,2
113.960236,45.340702,153.40503,104.430855,5
84.44316,87.82892,151.55952,210.13171,2
42.805912,72.54739,151.76025,170.79521,2
77.31569,85.04444,151.76924,190.22557,2
161.43402,115.77698,153.90944,195.66216,2
59.49086,144.699,150.59605,183.44922,2
28.271498,74.83091,151.20969,162.29135,2
86.74966,20.358562,152.76036,145.94691,2
92.11016,22.267448,152.86203,179.21136,2
154.4308,94.79689,153.63828,174.31854,2
92.93176,98.18217,151.44028,160.5462,2
121.75354,39.092644,152.16588,215.02882,2
55.90513,54.348465,152.761,96.24573,5
26.037296,27.624475,150.53044,173.86052,2
67.412605,122.78223,151.3146,172.92279,2
172.81139,104.25888,153.65988,199.6725,2
155.18756,0.40095845,151.51181,195.29608,2
191.96822,100.611855,153.84233,101.26708,5
94.32282,135.19046,152.10205,207.05751,2
89.2524,108.86658,153.03078,85.537056,5
28.471323,118.06881,150.96404,175.35545,2
44.722576,23.374645,149.96744,57.57153,2
82.934845,148.08028,153.11978,61.429317,5
125.66795,140.43596,152.93715,154.8192,2
16.079838,24.685394,152.67227,141.88484,5
172.6476,22.179178,151.86028,168.0714,2
56.913406,62.329857,151.89429,106.85504,2
27.74816,74.24438,151.17035,134.94055,2
137.77692,127.890305,153.47423,86.28007,2
99.28127,95.94924,151.52473,180.73262,2
1.0839599,5.8334155,148.95306,61.48987,2
13.479673,56.82226,150.95099,177.78477,2
3.8559036,143.46382,151.55045,177.3529,2
106.06502,148.80444,152.75108,159.90442,2
37.433,3.1968744,152.30206,94.2973,5
78.23254,128.84373,151.78554,71.01201,5
172.58884,40.90002,152.22961,110.85266,2
108.30263,54.591827,150.81897,160.7591,2
145.35556,114.53064,155.39348,114.98128,5
61.29241,99.81409,153.7821,79.81139,5
169.18214,52.847168,151.94484,54.635452,2
182.69212,147.84222,155.42426,173.65842,2
21.431276,70.42863,151.00793,181.66019,2
20.613457,76.60832,151.25505,91.98927,5
158.15112,79.152214,152.79446,221.89217,2
175.9142,85.26886,152.98415,193.3702,2
81.429344,43.093193,151.0478,173.38336,2
161.89722,82.63937,153.116,151.17963,2
53.991714,107.51249,151.72624,224.96634,2
29.030659,101.99902,151.06506,166.40132,2
19.484156,123.09263,151.68028,71.75126,5
17.641357,126.658745,152.73543,79.00361,5
169.76654,127.78345,154.38399,99.50836,2
100.39164,77.058395,151.77525,98.17563,2
77.12944,72.58432,151.94194,184.35387,2
71.13971,120.40025,153.01347,107.67122,5
61.894665,17.686728,151.83455,161.9655,2
189.86267,13.52306,152.67538,90.5984,2
86.83384,93.84432,153.10008,58.18238,5
61.216694,84.367966,152.0229,176.83214,2
111.06988,125.99404,152.37558,173.17354,2
20.225283,17.03428,149.66092,87.262474,2
97.46642,17.421137,152.79572,84.725426,2
163.03065,146.35022,154.35234,107.88987,2
55.79864,25.620867,150.72284,172.50827,2
62.30096,64.755646,151.9456,175.47047,2
82.628525,49.311073,150.6563,168.4146,2
58.913055,83.24123,152.0971,58.986862,2
34.01742,0.045256544,151.37364,168.93393,2
130.79189,80.788345,152.8535,91.20481,2
161.36519,27.796656,151.51706,198.61935,2
100.25786,47.91069,151.53464,171.36353,2
148.76033,77.116554,152.60294,142.1398,2
170.56741,14.775036,151.66216,201.122,2
169.53209,76.04241,153.78789,127.042366,5
108.85195,82.3467,152.92638,89.81241,5
146.73514,144.23486,154.4774,60.71341,5
129.36552,16.772976,151.77802,169.44215,2
50.587368,29.599764,149.69688,178.8404,2
64.44886,51.09791,151.16812,188.07681,2
68.58704,1.8874599,152.19658,179.26942,2
191.15529,92.16781,153.17433,103.65058,2
77.177025,20.352327,152.45209,156.99174,2
122.22247,116.69835,152.74872,201.71219,2
39.14505,142.57253,150.5744,130.44847,2
59.34975,1.0791082,153.39726,91.17769,5
114.82064,70.002815,151.60135,199.828,2
109.70583,149.25256,152.7677,149.32062,2
68.84599,24.568874,153.62498,69.9861,5
75.64353,59.849754,151.78908,170.62442,2
191.6257,3.483256,151.79271,180.72911,2
48.43044,126.58966,152.88957,79.86705,5
136.58391,28.432852,151.5263,171.91046,2
50.555244,144.981,150.42316,211.3568,2
53.646275,92.78582,152.03809,113.854126,2
160.13588,82.76359,153.16719,83.56577,2
8.978535,41.892277,151.13321,203.51402,2
166.5993,77.199135,152.37987,213.6966,2
35.69402,6.197527,152.06589,60.43176,5
43.778915,44.23478,151.05678,95.86562,2
86.31327,109.4316,152.1373,99.33814,5
144.36127,121.75477,153.60579,173.8685,2
6.5754523,22.535604,151.2856,81.8281,5
87.92933,22.368288,153.41447,77.94789,5
181.16592,62.40217,151.10611,215.8529,2
195.76845,29.220459,152.81667,65.25603,2
148.89473,43.854,151.61627,135.05882,2
180.97455,149.47092,155.34514,59.524494,2
70.42874,76.15367,151.96565,173.86447,2
69.31234,63.308014,153.2731,69.92648,5
158.85355,13.604667,151.75555,85.85494,5
85.4036,31.071093,154.11147,86.137344,5
199.28503,41.491135,153.02641,108.43541,2
166.17287,72.49011,151.67892,149.44211,2
21.477167,75.40596,152.08987,63.58788,5
22.34846,93.49213,150.7372,176.76909,2
67.43314,120.94025,152.84235,63.980972,5
20.34429,40.5409,151.27303,178.71301,2
128.67682,31.901676,151.82468,186.98804,2
117.66151,129.0613,152.6441,191.07983,2
192.36456,2.5097165,151.76532,177.04514,2
154.33296,52.059196,152.86406,49.397087,5
42.508442,64.41752,151.6132,189.02318,2
48.78077,89.2953,152.01617,110.98075,2
101.23428,25.486732,152.91335,203.38171,2
138.6616,9.041753,152.1837,118.32679,5
172.69838,5.806968,151.56857,178.99403,2
46.211994,84.91066,151.88086,173.07024,2
138.95386,55.932,151.01538,174.56596,2
152.2114,80.64069,153.0969,102.1839,2
22.397297,101.339264,150.92381,69.171104,2
39.228405,102.255066,151.45908,193.12595,2
27.65248,54.15631,151.31967,147.46318,2
105.0901,128.92065,152.2179,193.59312,2
141.9389,41.67183,151.54773,133.57896,2
189.31725,75.46179,153.60924,55.29514,5
17.49423,102.899315,152.36417,60.55757,5
161.53494,95.29545,153.60973,102.50562,2
45.842964,125.60247,150.99966,102.371925,2
85.591606,148.67468,152.0451,59.209183,2
192.41544,44.06537,152.88846,182.1942,2
83.97192,49.977047,150.74193,134.03265,2
87.05158,72.1951,151.92426,162.99837,2
13.361116,32.19921,151.25896,81.797844,2
79.18627,100.04689,152.98557,56.171688,5
15.831882,57.854263,152.6417,82.85003,5
103.21533,77.030495,151.84608,191.2513,2
93.75699,44.734013,151.78085,72.72014,2
140.54903,117.91644,153.57361,170.08069,2
130.16232,24.648111,153.42372,89.754776,5
15.576077,37.69836,151.27437,171.6363,2
166.53728,139.9876,154.39136,188.40714,2
52.829487,145.24829,151.33008,104.051155,5
47.99783,18.391172,150.92236,196.6083,2
179.26985,39.10214,152.47165,175.53279,2
157.85493,124.94327,153.92542,78.67351,2
92.32982,131.27866,151.94681,187.77342,2
56.405556,97.47701,152.43231,133.36148,5
143.20622,89.1738,153.67532,90.21451,2
129.4415,85.227646,153.82227,114.24434,5
105.05442,141.09305,152.98395,105.94351,5
140.44788,50.44275,151.44495,104.32607,2
95.14461,70.346954,152.48279,89.86502,5
167.9993,40.952072,152.06145,104.82809,2
132.487,104.39102,153.24374,193.95735,2
82.553154,116.57298,151.47096,197.5073,2
93.194756,119.7063,151.73396,184.34607,2
179.7228,108.586426,153.7519,151.29102,2
33.10037,27.788383,151.5951,90.844345,5
72.11949,125.20688,151.32997,147.18037,2
166.61383,100.31128,153.614,187.05415,2
181.6936,32.100742,152.47966,118.38659,2
7.29306,42.89841,151.10083,184.93443,2
175.51422,131.4724,154.589,200.7448,2
186.31985,78.56769,152.28966,181.95634,2
12.580368,29.020592,151.19638,162.9455,2
191.28172,51.80497,152.54158,166.4971,2
132.31033,149.94801,152.98685,179.12613,2
178.13866,95.10647,153.39357,73.825935,2
5.509948,95.989235,150.6039,60.71905,5
142.54706,27.79493,151.399,178.41275,2
30.771215,10.887886,150.44943,190.67416,2
110.56652,20.519648,152.58559,91.39099,2
179.60411,113.929375,154.25406,96.46766,5
138.28555,30.52002,151.49213,208.47528,2
109.180374,3.5323699,153.87492,104.17762,5
113.89637,104.04607,152.13213,180.45103,2
43.90083,6.698713,151.5722,166.04185,2
26.474882,79.691475,151.08449,192.40326,2
39.583717,26.037226,149.44034,162.70059,2
59.346153,125.54486,151.19388,77.68396,2
90.48358,54.15076,150.79738,194.61061,2
118.84997,129.64423,154.59052,99.177895,5
74.35227,102.93971,153.10924,183.29675,5
123.86444,104.987526,152.69116,185.91275,2
85.0269,148.62732,151.88235,200.34105,2
94.92217,107.553276,151.53096,142.5764,2
146.74191,48.285313,152.4933,79.945045,5
82.64271,44.992542,151.39589,66.123474,5
94.52457,75.50261,153.51291,113.60455,5
65.22594,124.87074,151.22003,191.82564,2
35.05548,31.177343,150.19762,185.39435,2
54.98633,60.84993,153.53755,140.6217,5
164.26416,99.3005,154.88084,112.77452,5
158.43945,91.24385,154.52196,63.612247,5
15.962564,102.24287,151.47105,97.63843,5
46.54388,72.59619,153.5101,103.21595,5
83.72057,77.45018,151.89609,116.4463,2
111.75419,145.65724,152.77145,159.6765,2
79.36617,51.75027,152.59433,73.945335,5
1.8579713,122.74805,150.87193,191.89497,2
83.416954,100.15264,151.47322,193.36258,2
95.586655,53.242077,150.77742,160.1523,2
142.9175,28.692625,151.51645,153.6171,2
138.01605,26.71613,151.58989,61.098576,2
127.294815,91.268074,153.85216,73.397484,5
91.64937,65.584946,151.67006,151.87987,2
48.368076,34.20674,150.75334,82.32933,5
0.52584165,91.97196,150.21254,201.79709,2
195.31659,48.259876,152.82591,191.72165,2
90.939606,137.8827,152.00859,179.41283,2
46.921837,51.86976,151.43536,183.14546,2
175.72762,51.913124,153.98143,98.200096,5
3.2445354,56.11514,150.76291,229.07956,2
175.10817,36.092266,152.2573,173.27013,2
133.04568,29.699535,151.67052,100.068665,2
125.92798,18.308416,151.9009,186.05684,2
94.695786,145.29065,153.181,81.83218,5
155.45795,27.172094,152.30426,98.04554,5
87.8549,127.586754,151.67258,174.5671,2
158.98166,43.293472,152.61278,52.823753,5
24.783985,106.86142,150.83586,178.26317,2
157.74304,118.97895,153.9897,71.557434,2
164.34111,122.317894,154.07176,162.89732,2
130.30405,148.48227,153.55661,101.09187,5
177.08606,53.201874,152.06593,92.07681,2
178.98996,148.64935,155.41823,104.249825,2
103.08008,75.98757,153.34322,63.37724,5
83.98163,89.622375,151.58093,201.5788,2
173.7321,37.220093,152.21811,170.0784,2
190.72044,93.90359,153.21046,174.55954,2
9.523773,16.368837,150.75543,132.1803,5
150.13951,84.41218,154.55269,115.49052,5
145.43942,31.726532,151.29962,157.6173,2
68.47005,1.9429479,152.19183,165.68436,2
194.13417,108.449585,153.80092,176.85876,2
188.02277,21.222996,152.33266,171.83128,2
148.68657,28.381285,151.2639,180.89941,2
177.54137,127.87188,154.47346,197.20134,2
76.195656,128.11897,151.4172,106.13133,2
12.777481,45.976738,151.20042,210.28398,2
4.2437673,148.19023,152.79012,58.59827,5
124.55925,147.74704,152.93402,162.71687,2
195.95468,9.795762,152.16833,167.48164,2
37.56102,78.32086,151.60466,208.73112,2
162.29889,80.831314,152.9395,171.5338,2
156.04102,42.198982,151.6786,196.33032,2
43.36684,46.988808,151.22908,103.800354,2
106.54293,24.00625,152.76585,167.3019,2
154.8662,144.36603,153.81194,138.70007,2
90.67726,87.36075,151.56238,188.80281,2
65.78535,126.17786,151.16917,207.10994,2
88.34516,65.60107,151.99721,93.80857,2
172.13606,45.42907,152.24268,178.2817,2
138.7595,131.69586,153.31589,207.93338,2
5.587439,133.45044,151.2653,146.12827,2
47.69596,126.2593,151.00577,208.63228,2
134.35802,123.96503,154.84062,82.208405,5
83.380775,69.27488,151.92079,205.87233,2
76.05456,134.40637,151.40799,51.871574,2
132.24411,79.22524,152.6705,205.7852,2
35.759357,23.4038,149.4538,178.93442,2
52.746994,120.485695,151.20581,197.80911,2
40.522705,14.478925,150.88487,56.800125,2
97.01249,21.354414,152.9329,135.48274,2
176.90085,34.450695,152.74924,37.872288,5
126.21656,129.43486,152.87404,171.18399,2
169.96573,94.732666,153.43095,190.56969,2
21.334494,73.67849,151.0558,98.2005,2
88.57648,106.22626,152.56483,80.25055,5
48.419296,74.93781,151.86104,158.47258,2
68.47249,9.942273,152.1874,187.92088,2
10.532609,27.347187,151.08586,193.03871,2
181.24492,80.64839,152.61359,190.48358,2
130.90096,123.748924,154.83476,97.76569,5
16.976398,134.6391,151.15147,192.54199,2
25.10492,141.20438,150.9358,158.32317,2
90.309074,103.03991,151.38771,181.65485,2
84.45219,97.38569,151.4963,139.0313,2
137.07295,51.359066,152.6633,108.19264,5
80.40956,2.3689244,152.32262,155.11078,2
175.97212,51.076084,152.85582,113.84441,5
104.33625,5.212602,152.33719,149.7312,2
195.38174,79.258644,153.41817,86.83009,5
101.28448,119.41075,151.94933,41.887756,2
120.428276,148.24527,152.94286,186.80956,2
194.99345,1.4824572,151.89732,173.4898,2
10.417755,5.3484406,148.93266,47.976295,2
96.11941,147.09698,152.40851,169.26862,2
178.94078,92.62097,153.23239,83.01341,2
129.7319,24.844133,153.45157,77.670235,5
108.10108,29.159264,152.78589,95.645744,2
193.8161,44.894623,153.04704,100.380905,2
151.53938,44.345043,151.64131,214.86256,2
90.099304,28.286705,152.87833,212.20956,2
197.28214,80.81466,152.8572,134.503,2
193.26675,52.26774,152.48456,187.80878,2
133.78116,73.62005,152.09962,192.15373,2
170.60599,134.36633,154.47737,166.79234,2
42.33243,69.44031,151.67622,164.87872,2
66.08242,102.1904,151.78706,178.61388,2
63.76256,110.91849,151.71489,65.725685,2
33.213108,42.43389,152.75284,91.31597,5
179.2301,113.84583,153.96828,145.06989,2
154.58691,16.233599,151.33528,175.36963,2
55.168644,32.301994,149.86066,184.83954,2
99.97633,13.131578,152.68042,192.53658,2
190.93706,51.709736,152.57776,164.22032,2
177.52211,1.4036565,151.51244,183.79845,2
82.30696,49.316536,150.66473,225.8691,2
90.32229,46.59108,151.40514,111.58174,2
94.41198,34.72126,152.90025,59.234653,2
145.14676,82.70723,153.37694,110.17881,2
169.36465,69.15068,151.19193,184.2104,2
83.46313,34.06141,153.79095,70.78267,5
34.157112,46.471283,151.32323,205.56032,2
99.95973,82.96924,151.75151,128.61667,2
50.230213,53.95663,151.56847,154.23521,2
127.50732,40.706253,152.1504,65.58441,2
41.43127,97.59996,151.99196,85.46214,5
47.838226,72.63393,153.55536,71.329796,5
122.943825,50.452732,151.52031,213.4628,2
186.318,49.709793,152.68172,86.484215,2
102.027725,121.84486,152.01598,162.9467,2
193.80429,73.69484,151.79143,155.73012,2
113.968956,66.09149,151.76273,29.14919,5
90.70588,54.190506,151.68814,97.51482,5
41.262592,105.34536,151.5096,184.83394,2
184.543,69.12951,151.15416,180.4932,2
49.69457,25.255419,150.12737,184.79654,2
28.392061,98.89952,151.41776,40.252075,5
182.36983,27.082815,152.39839,150.01447,2
45.85195,50.643906,151.3494,63.10916,2
151.36374,105.18653,154.69731,88.7903,5
92.93205,134.04008,152.01794,205.50716,2
164.27908,127.42932,154.12814,198.56262,2
149.17091,144.62288,153.51639,175.43987,2
166.0194,122.51388,154.11914,202.26718,2
158.10439,4.638445,151.52052,115.98258,2
191.24063,89.14012,153.0189,147.38666,2
82.818016,121.173836,152.67917,82.48998,5
98.11509,47.34349,151.52614,214.90958,2
160.97566,101.63837,153.75903,61.437405,2
55.07408,71.60865,151.91876,151.17075,2
63.056156,24.732517,153.28217,118.176384,5
51.963123,24.680466,150.43748,171.2178,2
56.493484,118.34991,151.30699,187.08847,2
125.026306,126.78434,152.85732,202.57661,2
192.60852,18.323483,152.34589,163.43623,2
80.54876,22.536993,152.59172,218.1418,2
172.5673,73.3724,151.68544,135.7133,2
122.98493,35.4522,152.17464,69.07067,2
155.92917,49.936504,151.63979,193.67328,2
51.641914,86.525375,152.07571,72.11083,2
153.66019,68.43283,151.11317,228.2841,2
158.7711,21.344608,151.41605,172.9569,2
27.477732,72.73462,153.13759,89.09776,5
90.98265,77.78015,151.79553,172.12555,2
56.341,54.950615,153.26933,83.554504,5
189.06668,52.390114,152.50769,159.84894,2
45.690613,106.21276,151.5976,184.21553,2
64.89635,126.42937,152.69359,61.377476,5
5.839499,34.433792,151.12143,132.94194,2
75.96481,84.71769,151.7956,202.49612,2
107.08402,27.282421,152.78441,157.8637,2
111.84439,41.297012,152.52473,126.23988,2
55.32292,50.80337,151.4593,62.679317,2
77.189255,114.1882,152.39206,72.72062,5
195.6506,106.44687,154.2468,45.9459,5
194.13281,104.94318,153.59554,180.35443,2
144.55696,21.845238,153.03682,51.450558,5
142.20049,131.72633,153.49565,147.25027,2
182.68295,127.96074,154.6488,162.09666,2
83.220695,96.68805,151.4981,187.7302,2
39.688213,83.848694,151.6969,194.95798,2
28.569693,86.64951,151.29207,98.990456,2
77.02774,80.03092,151.94092,127.06031,2
35.727795,107.52349,151.35841,25.837343,2
21.206692,101.59661,150.78656,123.346985,2
170.13358,18.529074,153.35567,80.05931,5
66.91568,95.2963,151.87665,175.58842,2
26.502228,78.157265,151.07867,177.22095,2
167.01236,107.02925,153.75694,192.25763,2
86.66309,81.480644,153.22476,69.97725,5
62.3107,19.791008,151.84958,124.26061,2
72.52524,18.9075,154.01688,94.36458,5
103.19224,99.69132,151.69002,190.17113,2
159.20248,133.98535,153.93027,188.28287,2
84.798454,78.11634,152.43053,73.81364,5
182.78177,106.36689,154.3056,77.65157,5
133.95296,61.66144,150.61644,178.01645,2
52.82003,111.490005,153.02754,65.34452,5
24.354366,22.119736,149.89612,180.90857,2
100.273994,69.418625,153.22641,110.15221,5
149.56084,21.929897,153.08046,114.36654,5
56.668373,79.959015,152.06932,193.49216,2
180.8158,49.36622,153.07738,74.89096,5
160.51732,147.43182,155.61311,79.41703,5
171.40617,84.36525,153.00696,177.44357,2
12.331096,38.92485,151.49863,85.95914,2
92.73329,41.519905,152.14143,121.72142,2
180.4496,135.64647,154.91708,190.58054,2
193.28415,88.59474,153.23343,85.34951,2
11.264305,30.089962,151.78883,86.38975,5
126.64618,77.005005,152.50735,91.74668,2
22.11048,43.002945,152.88649,61.446705,5
34.669613,17.520712,149.89194,193.31488,2
97.8107,26.854437,153.22209,80.94817,5
35.284847,74.56153,151.49904,179.51709,2
2.8652778,74.14968,150.2351,165.29144,2
3.1604152,56.781532,150.8419,110.9226,2
137.90434,4.5009737,151.6028,212.71825,2
65.99259,30.370045,152.25015,71.27355,5
6.9522967,111.28992,150.50822,152.08934,2
86.62321,58.995827,151.40126,204.67294,2
104.84826,139.82239,152.678,104.19554,2
167.72357,72.211655,152.42796,109.15223,5
153.57971,104.50065,153.8223,76.292244,2
121.43996,147.58528,152.91747,168.25351,2
125.10104,7.281503,152.84709,77.43726,5
21.154953,127.585815,151.4157,103.56882,5
90.37322,44.269585,151.5615,89.28226,2
51.821705,104.50394,151.76286,207.35602,2
127.29473,123.666214,152.90602,229.22548,2
109.84339,92.45902,151.85739,167.41386,2
142.55627,20.334757,151.33342,231.33926,2
118.5369,136.64578,152.79533,249.02206,2
175.57947,71.90394,151.44759,154.14366,2
198.23813,32.39926,152.94424,76.42938,2
181.65524,138.66771,155.05695,174.14136,2
175.70195,52.480434,152.07155,150.12126,2
126.31515,45.267982,151.79475,189.35977,2
115.99926,111.26643,153.40468,50.87185,5
95.53244,32.71084,152.9268,181.9919,2
35.046757,53.92145,151.64447,124.616844,5
153.95215,149.92735,153.77478,155.10307,2
151.9307,58.865185,150.88246,206.77701,2
6.4027734,120.41479,150.8226,171.59631,2
73.35614,53.17382,151.17963,156.01538,2
24.043835,22.198181,149.95148,182.60695,2
109.67743,100.56998,152.22206,113.656235,5
138.87025,69.05892,151.75436,73.37275,5
122.48866,147.50172,152.93677,161.64742,2
142.25777,68.20163,151.11824,157.93219,2
121.003914,3.800442,153.78831,100.629654,5
142.61241,99.21573,154.54866,126.26048,5
125.653755,123.24405,153.9773,52.1039,5
187.75713,73.374176,151.65988,195.22205,2
132.74821,66.46664,150.90388,206.0273,2
101.533844,87.545685,151.6296,180.80164,2
17.570831,149.77519,151.47528,65.09851,2
4.65099,139.47774,151.90231,110.95878,5
36.67802,81.9216,151.60217,199.10287,2
93.72966,71.33291,151.8423,177.6374,2
193.85597,2.4434443,151.85869,175.45544,2
131.37267,75.596855,154.08139,61.700104,5
128.65501,38.063515,152.00218,101.051186,2
74.154205,30.34149,151.93779,172.25424,2
149.18121,141.18318,154.24327,113.23746,5
63.86975,74.04512,152.05128,99.914314,2
21.930016,112.66014,150.78189,143.07088,2
148.73164,130.91444,153.62674,183.74138,2
29.86333,3.5130825,151.04579,189.51889,2
18.5764,107.3716,150.67345,193.84872,2
165.9313,65.46328,150.8959,111.79713,2
166.89651,58.8916,151.32176,68.61824,2
117.111725,10.692573,152.44453,103.13361,5
11.924514,43.9516,151.34972,122.194374,2
197.45348,24.165077,153.4474,71.61602,5
160.26355,87.22087,154.47903,117.14241,5
178.65947,9.063374,151.80562,187.1108,2
198.05038,31.179356,154.02092,107.37069,5
157.44862,129.8358,153.9446,183.89359,2
82.38733,4.76667,152.41734,135.72127,2
122.37569,32.289715,152.26164,113.22889,2
93.876595,93.90529,151.45645,182.35365,2
194.57196,62.820637,151.70987,44.770027,5
45.887375,138.1555,150.57695,199.55283,2
128.46349,7.713816,151.75694,235.27292,2
117.313614,23.10225,152.35596,58.038692,2
84.8745,2.3395054,152.38031,176.46906,2
52.547142,75.55489,151.96597,229.86493,2
194.17442,114.380875,154.027,185.00032,2
17.619938,30.333134,151.17508,187.19763,2
138.52727,145.53392,153.1242,197.13396,2
41.38264,130.35342,150.80971,190.5538,2
8.7194805,72.88655,152.1438,105.710976,5
11.050373,30.753262,151.1984,163.86343,2
163.86845,124.447716,154.10579,201.78714,2
4.0254083,48.605663,150.88922,154.7088,2
107.751625,26.80679,152.8436,77.778,2
103.85542,24.810076,152.85687,183.36992,2
78.37425,5.6024714,152.3415,175.30511,2
74.785416,9.673779,152.31879,186.63885,2
6.851029,15.570959,151.94762,75.86333,5
56.31382,116.16987,151.41727,181.90967,2
58.93096,29.199366,150.51898,210.65752,2
66.13264,26.294474,151.61598,174.1145,2
63.396492,91.4877,152.34933,55.625202,5
26.691187,147.87253,152.68477,151.53427,5
109.972275,103.1098,151.97821,182.76508,2
93.393906,83.4508,151.68135,203.695,2
169.94725,134.1429,154.4738,89.39212,2
10.960023,106.26222,150.46162,189.69478,2
150.9221,142.89182,153.62619,207.65225,2
172.12791,16.085768,153.05748,121.605896,5
100.242645,100.38002,151.61678,175.35872,2
10.75544,43.158653,151.191,161.8385,2
47.63961,99.494446,153.5361,80.57581,5
173.4323,144.86084,156.61533,113.47248,5
19.633806,21.083405,150.78665,103.584175,5
123.28116,144.89487,152.96323,163.61661,2
67.022804,119.64921,151.39299,182.09474,2
38.600567,32.589294,150.01236,42.414974,2
121.456635,17.162376,152.10867,41.18865,2
59.74921,1.3021393,152.1043,161.3322,2
105.17605,69.78064,151.71867,172.0176,2
105.196144,140.077,152.51312,128.47304,2
145.82642,149.62552,153.36232,163.19331,2
136.29276,33.32864,151.54831,197.51875,2
142.44429,94.92021,153.6748,91.23769,2
169.26591,10.991892,151.62352,93.701614,2
100.373,96.850784,153.25566,48.50281,5
149.95963,48.396595,152.93924,140.57481,5
128.84074,148.49376,153.3889,99.34958,5
188.36526,51.594585,153.95647,63.312576,5
129.87643,49.563072,151.53107,202.51465,2
129.62003,21.922785,151.76262,199.2712,2
168.4852,103.09871,155.03156,75.94256,5
23.890253,47.757298,151.25812,206.6233,2
96.45127,78.59469,153.4147,110.01941,5
138.85054,58.26189,150.76585,168.8993,2
174.79987,130.80684,154.5966,147.20195,2
58.492126,27.202877,151.6088,99.841354,5
141.33672,100.14244,153.60544,186.00594,2
163.72551,130.0607,154.1212,179.18446,2
121.918945,98.300835,152.60907,197.5091,2
29.658604,55.664135,151.32347,181.23149,2
26.864618,134.5742,150.95737,198.24329,2
162.02612,102.2451,153.83183,156.00093,2
96.29609,13.339461,153.41446,99.47024,5
121.52886,120.47182,154.1671,58.02903,5
192.99431,92.57826,153.15149,170.94016,2
114.571365,128.54695,152.59467,122.73749,2
47.848663,10.001007,151.5769,211.84738,2
197.51721,46.48135,153.47038,81.365234,5
112.813736,149.0818,152.86716,78.23112,2
36.87029,51.559265,151.36029,178.30835,2
100.19405,49.383305,151.849,101.80601,5
137.38889,127.88761,153.2487,175.64159,2
73.08618,100.177536,152.69849,52.60968,5
108.090416,1.6287524,152.47804,54.400894,5
12.550036,148.09119,152.72621,94.416985,5
101.97122,128.30774,152.17572,191.55244,2
58.911667,105.61317,151.81862,176.27065,2
197.84637,26.055714,152.66776,117.7025,2
156.88223,20.539463,151.36098,88.085625,2
25.207273,100.39243,150.90248,204.8122,2
140.74098,83.96912,153.19818,170.84407,2
99.85187,74.79529,151.75307,179.952,2
158.32297,48.528053,151.74171,212.89624,2
31.378227,25.328743,149.73512,189.3182,2
44.539547,124.83466,151.01382,218.14696,2
174.97984,69.012634,151.56042,53.059513,5
4.3470106,90.55617,150.18776,200.495,2
88.01313,71.52269,151.9358,66.06523,2
95.69694,75.42725,153.29057,35.124516,5
157.31825,109.72755,153.87634,162.07787,2
9.070755,21.558104,152.38007,88.60791,5
10.056459,70.42395,151.11108,59.06641,5
176.91484,35.21383,152.33871,193.39854,2
157.64139,34.699226,151.53981,159.08807,2
41.719135,3.2995067,151.61745,194.06245,2
10.71635,127.10372,152.35896,85.55189,5
187.12135,9.169209,151.91025,182.9381,2
24.793056,24.875063,152.11072,54.414265,5
146.69774,4.6219654,151.48723,214.48248,2
88.42796,127.8614,151.73196,81.57548,2
190.9687,147.2536,156.66803,71.77477,5
16.724682,81.79415,150.6039,211.07635,2
184.70276,147.22112,155.48041,188.70016,2
145.01166,0.028320266,151.59483,162.92516,2
97.43272,68.59683,151.71024,178.8242,2
111.814964,21.653708,154.30011,83.187096,5
194.70811,18.001163,152.39311,190.73972,2
5.346911,100.15946,151.4703,121.9735,5
26.315811,46.96417,151.25491,161.03412,2
151.68056,27.419271,152.69487,67.42465,5
8.59688,26.826967,151.18861,64.974884,2
135.37366,10.24241,152.57233,143.95636,5
44.994064,100.52377,151.73206,168.96837,2
194.06876,44.573437,153.04402,109.487,2
185.85349,45.154404,153.42908,75.46424,5
158.8437,21.167763,151.38199,199.4428,2
169.77567,31.091084,151.90462,200.20055,2
52.569263,42.18173,150.42282,200.62228,2
193.29025,42.524277,154.45868,30.844221,5
181.9583,101.768265,153.50089,28.129417,2
21.17952,120.3887,150.93718,176.41512,2
103.14177,93.320435,151.61014,207.65248,2
141.6625,103.82196,153.6262,72.31006,2
86.62824,118.65149,151.59824,199.00006,2
2.5341945,23.344728,150.74464,190.48236,2
198.99155,62.983055,151.69748,75.93745,5
22.36067,98.17072,150.80266,203.90569,2
90.36188,89.30268,151.50024,206.75131,2
77.10898,56.692257,151.53746,65.14311,2
124.7155,31.271461,153.01944,60.75869,5
150.74309,144.66995,153.57426,199.8715,2
80.23954,142.14896,151.59605,165.30489,2
31.418428,58.601196,151.33807,187.6917,2
168.63516,26.032625,151.80946,74.26013,2
138.92252,48.45795,153.04393,87.49659,5
188.64682,149.72731,155.65611,176.63422,2
170.01,54.81676,151.64188,169.95184,2
181.03192,48.382397,153.7741,103.79908,5
197.44379,118.80332,154.3752,179.2397,2
12.214985,74.873405,150.59473,157.88608,2
72.87998,48.863335,150.69017,158.8277,2
163.26826,34.731327,151.7408,98.02475,2
38.393806,99.57048,153.22044,64.49677,5
72.51249,136.18117,151.21922,154.52667,2
64.43122,108.59701,151.62955,193.078,2
171.74829,54.09586,152.42706,85.660904,5
93.04684,98.44413,151.42906,102.54791,2
53.529938,101.83827,152.0839,83.12832,2
94.33154,89.921425,151.4965,167.0551,2
41.292984,145.63814,150.75342,92.39517,5
112.26691,125.51575,152.38736,80.934875,2
41.380447,20.14112,150.13106,177.24478,2
128.6719,125.23954,152.94685,208.723,2
176.94324,80.34688,152.58508,183.4555,2
131.04698,125.55851,153.02895,77.78378,2
133.64803,9.933232,153.38031,97.44399,5
33.530827,109.28022,151.19171,192.54787,2
148.06654,127.0845,155.04947,60.25879,5
118.736435,144.49763,152.88286,189.32138,2
114.83617,60.00153,150.63452,198.34714,2
89.217896,113.30269,151.48106,189.31087,2
179.12468,126.78739,154.5105,168.8055,2
14.408382,102.98881,150.48732,170.20747,2
195.22649,126.654434,156.54442,116.045296,5
74.28646,39.036343,150.9061,172.57762,2
53.572067,50.4552,151.33923,86.11402,2
104.91199,116.7043,152.12714,71.03939,2
43.70345,11.008644,151.4158,96.77482,2
117.308395,48.459114,153.18892,97.725105,5
38.61532,106.223694,151.4854,185.31088,2
198.15071,74.61995,152.0242,62.574482,2
94.51938,121.80819,151.88992,89.52074,2
176.31012,147.44865,155.08055,195.92375,2
156.66568,57.184254,151.75037,86.79453,5
199.23581,113.28122,154.13426,136.6102,2
127.89304,126.4795,152.99553,228.38731,2
44.44553,1.8246632,151.77576,87.582405,2
13.908227,31.984211,151.19566,168.20273,2
129.54147,120.40562,152.99336,197.96382,2
169.25066,11.584158,151.54497,208.54292,2
129.00249,118.54376,153.43372,44.75529,5
172.4184,42.457214,153.6412,61.805973,5
108.37355,30.391058,152.78801,171.00851,2
21.700266,125.80461,151.03214,37.014313,2
65.17805,52.252953,152.3562,162.73465,5
65.442474,113.120674,151.46362,210.94019,2
71.9085,69.99847,152.04175,187.3889,2
167.95723,107.33463,153.81752,171.35487,2
18.373657,141.02669,151.1842,186.93234,2
61.59218,33.891613,151.85405,91.60543,5
137.7013,71.74124,151.79758,217.06467,2
101.508064,116.00434,151.89445,99.66884,2
71.66351,28.162802,153.05399,95.342476,5
76.12586,121.2187,151.38373,146.38939,2
84.60447,116.03485,151.45541,111.85928,2
175.69211,36.260708,152.28181,159.55911,2
96.0672,130.11063,152.01424,194.75807,2
96.65692,121.90078,151.8781,198.06985,2
195.90878,29.030544,152.73047,185.57672,2
48.552387,91.046745,153.5211,68.4174,5
1.2689533,27.42912,152.39528,87.00883,5
143.40436,83.35682,153.2102,67.342445,2
170.22641,64.75253,150.83798,182.48018,2
167.45512,52.64533,151.77576,198.6241,2
183.8614,131.10558,154.82098,173.19754,2
182.79732,116.38878,154.0956,159.53134,2
175.70926,100.76857,153.48817,60.026085,2
35.903114,81.32455,151.48921,151.31406,2
111.71449,47.403492,151.8615,70.95143,2
197.99667,25.905617,152.63763,86.05861,2
52.24351,99.423294,153.32353,72.717476,5
128.76804,131.60857,152.97179,151.55673,2
164.10533,149.06094,154.39369,167.03702,2
132.89946,127.057434,154.55978,128.22105,5
64.9722,35.30935,150.38324,147.23976,2
187.1643,26.954174,152.84413,82.00138,5
113.232994,94.62506,152.06227,213.56093,2
125.88844,129.19632,152.89813,200.48451,2
122.84377,90.05247,152.56169,222.06412,2
134.20262,83.53926,153.01434,187.71677,2
135.03313,121.40832,153.21837,185.68619,2
48.28549,105.44429,153.09143,126.7707,5
144.31972,19.738064,151.3136,180.83177,2
48.362522,76.48113,152.5517,74.85865,5
82.08114,81.61517,153.55464,120.374405,5
134.84789,59.606842,150.71909,128.27782,2
146.21378,86.7642,153.62947,93.59678,2
30.329422,95.04384,151.23929,56.403587,2
6.3872814,20.570621,150.70695,168.15387,2
62.110485,30.790575,150.67706,170.89969,2
108.326836,21.232876,153.43332,102.00341,5
173.39087,23.019226,152.07689,126.01764,2
116.79187,72.76563,151.83226,153.5058,2
56.650032,127.63295,151.00287,186.00381,2
75.90227,35.975815,151.73875,78.57937,5
160.96703,78.64779,154.42178,93.23637,5
187.5474,145.66182,155.72636,89.836205,2
154.62804,97.35362,154.58675,41.288918,5
84.06094,2.9468236,152.37099,177.20934,2
157.21317,136.67024,154.03368,34.30227,2
122.651695,0.5913158,153.7309,92.39713,5
192.41385,62.657776,151.24625,193.73741,2
182.60439,105.71554,155.29044,153.04248,5
39.87546,48.95528,152.9029,54.033173,5
57.541027,123.278885,151.15317,125.59138,2
160.52194,148.20345,154.15515,149.16605,2
102.806564,140.39612,152.58842,62.609867,2
169.88681,40.69815,152.09554,169.25986,2
145.14868,95.40207,153.60272,64.19204,2
91.15302,78.433525,151.79912,124.2166,2
9.99701,50.513153,151.14928,194.01015,2
88.6814,147.99515,152.11206,175.32622,2
52.324776,28.453093,149.94644,159.38681,2
91.761604,101.961136,151.69351,131.08517,2
156.52745,97.736916,153.71843,170.88356,2
127.303795,29.687706,151.922,167.66336,2
108.01029,149.7265,152.8684,124.490715,2
69.27351,65.26732,152.02629,193.28528,2
179.5428,56.06826,151.82002,171.52028,2
95.31998,23.48588,152.84981,194.32857,2
85.3596,148.26181,152.91971,95.05002,5
131.29402,75.19389,153.20705,89.20615,5
112.73517,125.4524,152.43703,7.5376782,2
158.14842,71.94554,151.70668,179.36597,2
139.81393,119.16625,153.48534,207.89175,2
173.01714,111.01809,154.34805,91.86184,5
179.9575,37.945118,152.43764,192.50372,2
11.818414,73.635864,150.60887,193.8228,2
81.49619,50.719013,150.77408,88.275375,2
153.27373,45.72501,151.5949,193.6481,2
104.453865,41.892063,152.7252,69.23761,2
18.516766,44.73708,151.30698,122.04945,2
109.59363,114.162865,152.1058,189.59888,2
85.49943,45.923256,152.71953,83.94302,5
164.25362,14.146598,151.52946,103.66141,2
164.49748,143.10194,154.34154,153.28058,2
187.17006,1.9155751,151.7994,67.37324,2
140.19354,72.62799,153.52477,118.58128,5
18.619555,103.73378,150.82906,94.78691,2
118.15683,108.899826,154.18732,60.682552,5
17.3523,31.74449,151.22012,171.35046,2
176.32996,116.82422,154.0258,200.5215,2
138.95361,93.81121,153.4235,161.60976,2
150.46977,124.20032,153.73451,187.27815,2
74.20007,145.43779,151.67764,86.636955,5
78.59738,1.6852524,152.59863,81.98558,5
125.709946,148.3494,152.91415,122.368835,2
50.48954,120.09568,151.24791,184.73758,2
146.6516,18.423248,152.64723,79.56396,5
139.68085,71.937965,151.71997,179.1364,2
25.421267,3.4801807,150.71523,180.11497,2
167.66107,47.031418,152.06456,104.59713,2
137.94337,34.84997,151.49135,147.19626,2
31.824163,140.3274,150.78967,105.36761,2
71.13819,23.96085,152.09618,168.77292,2
67.09076,130.72345,151.2464,92.24246,2
30.923447,14.689197,149.95377,196.12486,2
149.96463,130.55347,153.61751,171.05038,2
85.267494,41.866898,151.555,188.59953,2
69.57288,6.512134,153.81529,64.13757,5
190.30473,100.18463,153.39928,175.28929,2
92.11532,138.05405,152.64659,112.35622,5
100.22867,61.096104,151.02278,161.34334,2
182.36751,72.668144,151.57083,175.83562,2
69.556145,85.17668,151.90323,187.09923,2
2.511351,59.706192,150.63612,138.99777,2
27.968176,33.21729,150.93451,182.02647,2
87.958176,125.5123,151.66814,127.47138,2
183.35876,81.78414,152.68141,176.13277,2
23.83416,66.729836,152.87051,72.93558,5
194.98206,73.685585,151.79434,169.96657,2
16.351927,100.64938,150.74924,78.85491,2
143.23024,149.19632,153.22935,171.55182,2
84.396454,127.825455,151.68063,91.153915,2
119.87656,2.2117572,151.9781,81.37274,2
197.82097,121.167946,154.48839,199.68295,2
191.34262,108.67419,153.72675,203.96515,2
3.379172,100.351875,151.03299,98.01346,5
154.51003,140.64143,153.74796,91.67247,2
180.53387,61.35624,151.18973,199.52776,2
143.39651,125.07187,153.4799,180.91621,2
187.95114,123.2381,155.38063,79.57294,5
63.161755,80.70291,152.10306,51.38719,2
189.10242,43.21542,152.80139,179.8065,2
73.882355,78.301544,151.94827,163.16484,2
161.44106,42.219368,152.77765,72.71459,5
116.810135,54.39417,152.28168,86.64189,5
47.307106,52.131775,151.38776,161.59215,2
26.996567,126.09592,150.93231,165.69441,2
189.99782,93.52562,153.13953,171.77785,2
195.76463,17.490799,152.44006,188.60591,2
173.33977,69.40084,151.147,180.38062,2
65.219765,52.351593,151.88788,95.695435,5
169.16109,134.49722,154.4013,193.88588,2
116.956764,88.21918,153.30667,106.16641,5
71.45127,147.187,151.10226,181.29591,2
150.6061,27.051731,151.77132,112.725655,5
83.43269,99.89351,153.0738,46.217686,5
98.35121,142.71576,152.4045,162.63814,2
192.89075,2.0087962,151.73148,79.33493,2
171.96988,24.67166,151.91441,190.12923,2
105.78791,67.61621,151.52036,174.87419,2
39.769825,86.59211,151.68207,169.38464,2
94.69314,24.528343,152.88095,201.48613,2
191.75154,31.914757,152.73784,196.04836,2
23.680786,86.37837,150.86478,181.3739,2
70.782265,124.67858,151.29178,155.64246,2
60.41384,87.54216,152.05383,196.20964,2
137.20998,8.301439,151.5826,176.30443,2
75.990234,86.458755,151.78596,159.18483,2
128.55794,42.129936,151.89052,161.49538,2
95.43262,29.576233,152.91734,82.11789,2
80.51165,79.381386,151.84203,173.30489,2
126.4352,117.46078,154.4545,113.56889,5
75.07529,149.81282,151.29616,200.88187,2
21.892605,94.15041,150.81126,190.65408,2
157.25517,76.328255,152.43877,192.29175,2
51.574116,98.44699,151.84903,145.74069,2
77.03431,116.47471,151.47417,77.983406,2
124.329216,80.39036,152.4551,155.9726,2
94.958305,33.54342,154.61226,137.25105,5
8.123475,117.277374,150.67607,166.17322,2
122.18276,68.79779,151.32971,162.88042,2
101.59317,8.437345,152.47484,179.58266,2
145.57549,19.573961,151.33575,197.92957,2
177.00029,61.980972,150.97643,192.06346,2
117.15996,50.76089,151.4727,209.0225,2
123.87937,56.80745,150.70303,178.32315,2
37.36676,127.85932,151.09225,106.497116,2
112.002716,85.05168,152.06299,162.72289,2
154.23587,34.238163,151.4863,168.42665,2
61.91901,129.51804,152.59178,105.2651,5
157.60112,141.64807,153.86662,159.32402,2
0.46679077,23.337358,150.71419,128.44023,2
43.879147,9.496677,151.42358,173.78789,2
115.43241,143.54286,152.81917,170.80313,2
132.62943,35.83994,151.99728,118.463974,5
3.5635085,35.123585,151.03769,185.48111,2
175.67766,47.93886,152.29141,182.45338,2
82.13043,48.693695,152.39128,111.06878,5
142.48474,27.858887,153.07281,85.252174,5
171.27014,84.10537,153.60683,62.548065,5
33.39721,115.21942,152.28485,84.54189,5
150.28467,112.37119,153.79607,162.92445,2
92.547806,72.07746,152.53714,79.73257,5
32.43716,113.874115,151.06122,188.19334,2
22.70336,77.910286,150.9371,172.85356,2
10.283682,149.00206,151.5408,143.01875,2
17.133163,7.385958,149.37628,170.5626,2
103.01345,104.581024,151.76224,97.556465,2
128.56691,131.64966,152.92786,172.20107,2
126.39169,54.28784,152.24559,101.33547,5
77.25502,14.595638,152.40291,175.77927,2
4.36768,65.53565,150.53052,186.84563,2
128.91606,1.1643085,151.81161,215.81491,2
26.749693,129.18608,151.71388,119.321236,5
52.815453,31.18599,150.80592,97.70972,5
130.5042,49.9805,151.51714,206.2323,2
166.1822,75.085464,152.0943,159.09633,2
124.54628,4.27985,151.87717,211.06018,2
26.277142,26.348963,150.35135,101.080315,2
89.19114,146.19536,152.10933,90.429115,2
194.1031,52.622875,152.76045,92.46911,5
112.979866,71.39872,151.72412,217.22197,2
151.48581,139.09828,154.96544,56.380306,5
82.98402,41.93685,151.31163,161.97899,2
93.5928,55.195015,151.88947,96.59019,5
25.666847,52.512424,151.57448,91.436844,5
75.551994,70.723656,151.97685,172.52779,2
130.80942,78.70061,152.56819,197.89035,2
97.61848,40.39422,152.50174,175.25883,2
190.70859,50.21891,152.62233,79.29045,2
197.48497,36.895596,154.59009,68.20591,5
89.01748,126.1243,152.34496,62.617786,5
71.663925,68.01879,152.10165,200.16748,2
76.51478,134.7241,151.36772,179.35614,2
134.6216,70.482635,151.52756,188.59044,2
3.2148187,104.51064,150.29765,98.24635,2
48.230206,27.008244,149.79776,224.6623,2
26.919682,21.392939,149.59253,180.62885,2
35.01248,29.647474,150.01288,98.7873,2
194.07262,43.50645,153.15205,109.86001,2
143.69252,146.08553,153.24423,109.94313,2
131.12357,42.432243,151.81479,201.52826,2
155.75166,22.25299,151.3461,177.26083,2
145.34892,7.6578074,151.7018,111.67555,2
26.68181,144.96509,150.94725,163.88373,2
158.59134,69.60829,151.25333,206.6304,2
145.9464,103.00841,153.767,132.90494,2
69.42964,133.8145,151.1413,177.46341,2
116.37504,82.90359,152.29193,73.22124,2
89.01239,96.63456,151.40714,173.00792,2
151.33168,97.344215,153.72693,172.16171,2
16.694603,113.07847,150.61192,89.61195,2
31.782255,49.940884,151.35806,104.29345,2
50.523594,76.10053,151.96902,160.09723,2
58.411865,6.571397,151.93886,180.87784,2
197.94495,70.60653,151.45602,200.26256,2
142.45154,137.91153,153.27577,171.56413,2
144.48611,40.30008,152.45726,100.24352,5
146.16295,5.2058554,151.52054,169.55894,2
196.00377,91.07811,153.15643,191.05513,2
54.17788,45.652668,152.60938,95.810356,5
0.22760545,50.790695,150.74481,147.80643,2
159.06512,108.98817,153.9057,187.60188,2
67.25018,34.800636,150.77966,117.57677,2
38.93634,1.8431119,151.50258,136.32423,2
153.88904,39.122948,151.56328,166.72269,2
107.564575,117.59554,153.69577,81.6248,5
168.51895,61.94375,150.93646,91.84153,2
105.68573,2.1171606,152.32568,76.396355,2
120.67502,56.088158,150.78761,172.05568,2
179.6499,42.022236,152.97255,126.25346,5
55.03271,10.489924,152.21329,83.55044,5
88.817245,27.288868,153.95258,115.942314,5
31.81244,1.9926952,151.30334,191.2221,2
41.69833,145.26686,151.40485,154.61511,5
61.45314,115.13542,151.51785,167.57004,2
43.507782,57.22744,151.52954,186.28043,2
181.48961,123.97721,155.97838,93.35884,5
138.29259,58.17843,150.75769,170.6503,2
77.55723,100.42138,151.54657,190.72827,2
57.1007,26.607264,150.65779,90.148994,2
9.587115,53.754543,150.99527,198.19925,2
48.621983,106.90623,151.67433,93.4733,2
163.7864,75.66713,153.90189,58.172436,5
195.61674,127.1277,154.75766,171.03748,2
98.27454,148.59723,152.76265,87.59436,2
24.668938,95.77953,150.87956,207.59877,2
143.30745,29.400787,151.37108,183.92877,2
121.37809,40.131893,153.55203,89.70189,5
193.33096,122.74958,154.54657,155.39294,2
51.47498,134.33797,150.72394,187.09859,2
153.469,53.243355,151.40494,192.20404,2
85.60917,62.29188,151.74352,106.98619,2
66.71346,74.18134,152.1848,69.15028,2
115.26696,109.86459,152.38591,89.98718,2
76.306625,67.65141,151.9848,190.73837,2
167.93195,135.29472,154.4316,195.20638,2
64.03263,116.77286,151.62062,113.716194,2
101.70622,37.553596,153.13037,99.515594,5
139.70145,1.4860572,152.10863,113.184586,5
160.05968,37.533733,152.07602,67.51327,5
192.4335,121.65954,154.46713,193.74356,2
5.6823506,7.8642716,149.04326,94.157646,2
176.70024,43.55061,152.76958,111.24537,5
46.42624,22.267973,150.32149,191.05418,2
126.21309,5.745072,151.89325,209.61354,2
85.18232,122.065125,151.5539,160.69458,2
174.24017,50.90128,152.4067,67.08429,5
101.18255,58.093143,152.01205,94.96952,5
155.22472,18.32137,151.32939,174.62964,2
143.94093,124.63189,153.51303,199.17139,2
193.31152,106.599846,153.66982,195.92902,2
104.86011,118.78831,151.95552,152.75612,2
116.47403,10.873036,152.21793,158.36256,2
54.17189,80.67452,152.20494,113.937706,2
145.06532,122.61306,153.57382,155.97649,2
17.503017,16.30359,149.63918,201.08035,2
55.054314,69.93612,153.75638,124.539055,5
44.24038,99.86838,151.74504,181.30962,2
113.37346,30.34472,152.56465,193.6719,2
148.95929,112.87656,153.80177,167.49934,2
62.004944,125.48317,151.1687,192.44672,2
198.46486,135.80441,155.22508,191.05989,2
69.41985,79.199234,151.95016,165.96313,2
183.72098,135.08186,154.98413,222.83319,2
20.570885,43.0046,152.83592,41.62252,5
4.664152,135.03296,151.74585,80.17447,5
4.924252,91.587776,150.52756,107.16281,5
94.06891,33.249527,152.8144,198.90585,2
95.083176,80.26926,151.70049,193.8479,2
125.7056,134.76204,152.89055,181.98961,2
127.7546,77.07328,152.37596,154.46101,2
134.73611,66.85619,152.67343,92.46266,5
139.37527,97.91123,153.52925,184.92708,2
126.06224,14.977801,151.88976,190.6461,2
89.83409,20.96278,153.27673,60.492447,5
191.59702,74.376564,151.86136,160.14569,2
13.701878,17.678453,150.18372,108.816986,2
131.35,86.995476,153.39005,70.94132,5
190.48976,86.155106,152.88477,60.198097,2
149.50674,2.1030633,151.5235,167.3977,2
194.44176,63.29312,151.20569,185.81647,2
2.2977908,92.71807,150.18999,183.53531,2
115.31864,137.51958,152.71223,159.18498,2
130.80592,129.43526,153.04317,163.13817,2
86.61113,62.89368,151.93646,89.59027,2
11.743736,0.45034888,149.42097,179.6974,2
162.47969,105.60681,153.81947,170.15247,2
106.33983,94.18085,152.8121,67.06958,5
51.055847,75.70358,153.75398,121.86569,5
178.74437,114.12533,153.92516,171.01549,2
5.14811,15.272102,150.12111,180.43764,2
117.567726,72.03887,152.34685,51.977924,5
157.45694,119.723526,154.05052,81.37927,2
148.7183,5.0132475,151.45383,173.97963,2
123.169304,46.104324,151.89856,167.54117,2
149.1636,143.73541,153.58005,58.385403,2
153.9881,28.866215,151.34056,215.89784,2
43.370285,75.844,153.56424,86.67457,5
179.17421,141.13791,155.09258,181.6329,2
61.38462,100.95569,151.90697,104.36707,2
148.463,113.72475,153.76538,161.91519,2
94.720634,60.15011,152.0998,118.23971,5
71.43437,41.78656,150.59186,122.44447,2
2.209818,28.141562,150.86792,147.23083,2
40.855694,55.492687,151.41757,179.27562,2
52.018723,74.69472,151.98315,178.21606,2
50.01268,31.944216,149.56744,105.48158,2
187.58371,94.383156,153.7722,84.30786,5
180.42847,138.22723,156.00966,71.56882,5
3.6448681,47.80484,150.85065,150.21082,2
44.970894,2.2448819,151.78131,159.90965,2
71.55592,71.793045,151.98633,100.95238,2
30.530603,31.079536,151.86264,55.033924,5
75.64011,5.303112,152.397,71.39147,2
192.63092,109.87409,153.86053,191.15656,2
153.00473,122.362015,153.83737,123.755714,2
99.87961,78.16062,151.79868,204.47214,2
187.18675,26.447098,152.49086,185.0475,2
102.06434,111.07509,151.75722,136.65495,2
56.893986,129.34444,152.20134,49.456486,5
57.255604,99.11716,151.9322,179.68552,2
154.92238,52.45606,151.50926,199.17828,2
4.6583667,73.914764,150.3066,193.26201,2
157.13373,59.81256,150.9297,179.22107,2
119.55211,92.21831,152.41298,183.57341,2
188.37462,2.5987318,151.74754,51.51353,2
178.96153,96.67478,155.00488,116.12827,5
58.63678,23.182081,151.24571,153.61308,2
95.07171,126.58263,153.69684,67.30217,5
125.67914,103.31838,152.85933,187.81874,2
189.30914,72.60003,153.45195,54.421776,5
7.4587145,87.348114,150.27425,157.17105,2
88.31907,129.43083,151.77153,220.45583,2
199.55505,78.4174,152.49564,140.58385,2
138.10158,83.239685,153.08578,162.85141,2
110.575195,113.1058,152.11969,129.55695,2
4.1258903,78.04821,150.76305,74.99928,5
74.25053,9.356484,153.62494,98.53361,5
100.005135,99.09167,151.53474,186.54762,2
39.7932,119.14019,151.10321,180.02121,2
199.9506,24.170824,153.4671,118.80026,5
196.01949,131.11107,155.01305,203.66685,2
176.73586,90.03656,153.1834,190.9537,2
198.5195,3.408141,153.2261,65.79709,5
75.93125,142.06413,152.70581,102.42085,5
178.74748,105.78239,155.4463,103.4771,5
90.862206,26.881662,153.10135,96.12946,2
48.121773,114.923515,151.35432,181.91095,2
143.06256,65.070145,150.76384,211.64769,2
13.54371,130.53123,151.44319,124.8761,5
97.1269,63.33717,151.3171,177.25005,2
81.55745,51.569416,150.77863,173.98213,2
124.825836,125.73607,153.03302,86.19272,2
151.15977,24.589563,151.27347,185.62695,2
50.340122,4.9068966,151.8407,67.89178,2
67.95954,77.197426,151.99277,185.04039,2
161.78079,57.021458,151.33206,198.15816,2
150.28615,130.51709,154.09201,85.61427,5
155.04008,70.6062,151.44244,178.18047,2
164.46268,73.08812,151.7989,177.24516,2
41.296474,87.78466,151.78148,153.48926,2
110.93106,88.18235,151.99388,185.85242,2
163.16704,27.813654,151.60246,194.52525,2
161.1506,126.77044,153.98355,234.34659,2
110.22344,2.3547976,152.20625,198.43951,2
172.71121,49.526817,152.52429,69.78608,5
183.95834,9.242687,152.80904,87.58857,5
7.234874,14.6687765,150.02238,101.405685,2
29.844757,81.68261,151.24414,180.8839,2
123.93573,20.595545,151.966,153.78523,2
124.505486,44.736507,152.13547,115.413315,2
114.94732,101.40093,152.23683,183.19337,2
182.89407,25.88184,152.44547,58.471954,2
130.57527,5.799357,151.74606,176.62993,2
177.08171,61.72991,151.08954,181.5729,2
96.90263,25.745438,152.877,177.39908,2
155.1036,48.962307,151.61906,164.7509,2
1.0318012,82.46617,150.19856,143.90118,2
179.24323,50.348812,152.3405,110.14771,2
67.34754,81.789734,151.97299,190.66103,2
65.972244,1.5664304,152.3887,78.12764,2
80.76581,75.39423,153.49094,89.44148,5
194.80223,50.59726,152.70636,195.26404,2
115.7812,30.933191,152.47066,140.20436,2
2.52002,146.24532,151.67908,99.78272,2
79.197845,92.67795,151.78816,74.05723,2
100.839096,31.441866,152.89384,173.2972,2
114.323524,19.109749,152.4022,180.59958,2
100.46467,40.612404,152.58728,192.14575,2
193.58823,98.35783,153.35313,90.906456,2
60.435688,71.54487,152.0597,109.77687,2
60.700966,149.16508,150.642,60.742596,2
194.8927,38.57072,152.89592,88.93778,2
21.51529,80.995255,150.87422,146.92664,2
151.01021,17.893143,151.31361,204.20593,2
11.4332075,93.22922,150.36661,192.59218,2
101.197334,22.521526,152.87375,176.1278,2
181.39012,52.598663,152.2409,212.3603,2
24.813004,52.45654,151.22131,171.87614,2
84.95258,79.242546,152.82614,127.931335,5
150.4011,102.15606,154.40123,78.57468,5
148.90236,123.962036,153.69153,201.20084,2
89.2344,106.83667,151.53876,97.90365,2
28.527248,56.220577,151.28662,161.40895,2
149.31055,23.808607,151.34865,76.304634,2
122.870255,19.001598,153.71521,51.50617,5
92.22107,127.33119,152.63759,125.9891,5
186.68707,32.868465,152.63326,174.17201,2
24.901276,26.149342,150.42503,164.99324,2
129.42421,130.3417,153.76834,149.5942,5
88.143295,67.19375,151.8766,184.08989,2
1.6467785,145.42548,152.27222,120.56226,5
164.42175,57.69902,151.2086,180.19519,2
51.359325,31.807096,149.58188,194.02982,2
48.861504,98.59526,151.84224,119.418564,2
114.65244,97.168205,152.1533,128.45337,2
15.455144,79.272896,151.58263,104.475914,5
116.57514,78.40278,153.39915,81.85946,5
103.785934,129.78636,152.28001,205.17151,2
66.67424,78.47077,151.9842,174.3094,2
114.205765,29.885155,152.52466,168.67795,2
122.276024,67.404976,151.69946,130.33705,5
125.84323,97.6141,152.80109,199.89777,2
190.68288,101.56128,153.64035,122.272545,2
142.2799,24.647888,153.102,111.31623,5
88.98016,2.9668808,152.4225,183.6797,2
38.853455,130.86949,150.83653,182.00737,2
114.59723,114.03142,152.41118,142.91373,2
85.950424,97.771805,151.46817,172.74672,2
153.954,100.09862,153.7516,183.88489,2
30.105783,62.86598,151.29295,168.00519,2
40.751778,75.982796,151.68929,199.7764,2
189.1324,93.672615,153.1563,124.462906,2
182.44919,74.980774,151.89624,192.87498,2
176.29971,67.09127,152.23285,70.333786,5
120.99977,127.985794,152.75908,163.01967,2
176.7805,116.954506,154.05225,211.29524,2
179.66846,9.074353,152.18675,86.15181,5
87.69596,76.23495,152.8545,97.14858,5
158.64659,143.65125,153.9832,168.2868,2
122.302925,79.01399,152.33408,148.97243,2
60.392204,74.67835,152.02069,194.80334,2
66.22949,2.5430155,152.26944,108.626396,2
89.92134,20.79947,152.8529,207.38661,2
87.57804,132.47015,151.79982,181.7284,2
64.56829,119.97822,151.3273,174.71397,2
79.05405,102.79491,151.51303,191.37115,2
188.06836,91.51223,153.49524,98.256004,5
110.902756,53.687634,150.98473,190.89345,2
177.31151,1.7757636,151.63176,107.12084,2
172.97818,146.72778,154.93433,182.32916,2
128.39798,52.300423,152.09839,50.934944,5
12.183873,52.287727,152.07443,72.16961,5
52.90878,119.867294,151.548,107.17981,5
188.97903,123.22111,155.42601,75.71394,5
184.9414,32.02934,152.6724,83.09069,2
188.72235,68.19661,151.09901,87.83918,2
57.038734,71.44717,151.99205,116.94764,2
176.92761,99.754486,153.44562,167.91055,2
102.383804,36.269188,152.81255,217.71193,2
170.70949,45.070694,152.19511,190.11821,2
187.32838,19.603212,152.3297,178.8564,2
86.90301,74.4545,151.82887,214.18544,2
38.246597,28.089224,150.99142,81.93708,5
109.23647,20.98776,152.6495,175.55066,2
128.57146,96.66198,154.75668,109.48134,5
72.62459,98.87415,151.73553,189.38728,2
128.90434,70.59735,151.5254,143.11972,2
108.00537,25.655384,152.72878,187.84418,2
17.653818,81.96192,150.62883,220.53294,2
138.44885,84.503586,153.12805,190.7445,2
90.345604,97.51735,151.46973,164.68094,2
120.102104,99.81074,154.18501,106.430534,5
72.395744,140.22935,151.16745,62.300457,2
190.84198,20.59859,152.40326,178.58739,2
123.35963,19.182327,153.20128,61.333416,5
125.07615,46.88439,151.85637,196.6408,2
195.25996,26.975555,152.98428,80.75111,5
174.85248,6.726561,151.57903,190.1106,2
45.39659,142.64883,150.69072,50.375607,2
26.584076,57.265305,152.31372,63.7858,5
80.94357,115.22827,152.50594,101.542755,5
137.00201,120.286415,154.39992,116.92039,5
7.1912594,116.460144,150.66942,173.92413,2
48.208744,18.022554,151.00354,167.29604,2
66.968056,78.9499,153.71324,48.409374,5
145.751,136.6345,153.36205,162.42242,2
175.3391,11.617988,151.86723,91.59173,2
117.124115,124.01357,152.58241,152.3654,2
147.55898,67.14872,151.02011,167.45233,2
179.39966,104.05533,153.54916,117.145454,2
38.358612,45.49319,151.26025,167.00406,2
90.8211,54.76791,150.85815,161.2076,2
127.563995,24.44837,151.86797,179.1625,2
14.682639,138.34859,151.21608,162.85118,2
0.12517372,107.61734,150.36977,177.54735,2
25.725931,138.7593,150.97958,193.6961,2
65.41503,61.51127,151.93443,198.33737,2
159.63052,72.8927,151.83142,206.69707,2
138.70224,146.23209,153.15361,82.706856,2
28.221836,120.669975,150.9807,173.25258,2
5.7465253,75.90052,150.36243,156.30339,2
45.180065,141.36072,150.51001,152.04321,2
136.16122,27.451942,152.80424,81.66799,5
153.98521,126.492874,155.39037,134.74733,5
115.6234,42.18418,152.31348,152.57053,2
197.58463,111.41101,155.2724,74.84923,5
151.53503,53.028145,151.36713,109.32634,2
154.22975,25.599104,151.63551,119.3316,5
172.61182,4.096416,152.98041,107.04535,5
177.91737,103.48804,154.10378,99.350395,5
141.06143,2.9871323,152.04366,128.77211,5
48.4386,16.721933,151.1344,177.79532,2
14.0835495,23.963783,150.87778,208.9436,2
18.63655,88.55465,150.6766,163.24686,2
48.752106,8.249024,151.84648,101.279755,2
80.130714,74.68161,151.89929,208.90979,2
162.79257,71.06668,151.43867,125.39142,2
117.695496,124.799385,152.61507,183.43404,2
145.87418,62.551594,150.67097,186.6543,2
111.49429,87.16381,152.84894,92.84628,5
69.24612,131.658,151.1678,140.48782,2
16.151117,111.54093,150.6818,191.21678,2
154.33963,46.376583,152.48221,96.33862,5
93.53668,99.84196,151.45251,181.10063,2
79.4212,136.26839,151.48227,147.35121,2
63.4626,45.222675,150.41557,157.97566,2
34.238117,69.62184,151.40727,183.05289,2
145.05936,85.70794,153.3486,183.46545,2
185.43756,58.215782,152.78474,75.57524,5
119.015945,147.5436,154.53915,71.766655,5
48.08395,106.09768,152.85704,91.93582,5
75.398766,7.278413,153.28925,80.636444,5
49.521683,37.2874,150.92303,101.39618,5
161.65451,94.34502,153.55608,166.80467,2
50.88688,7.349534,152.57443,113.56187,5
178.5673,136.71346,155.03058,74.89385,2
19.112307,70.96996,150.90308,103.29427,2
50.022224,50.53191,151.35797,195.44844,2
194.01645,81.22994,152.69545,209.31573,2
187.77843,149.63669,155.67157,178.57608,2
102.49832,3.3436105,152.32822,197.887,2
154.21127,99.671555,155.522,110.17664,5
104.44743,64.68925,151.25343,174.42096,2
191.90509,123.76778,154.55281,162.83641,2
176.78757,131.554,154.6424,17.480742,2
30.189808,74.74464,151.23526,216.06491,2
126.442825,72.530266,153.41408,88.36116,5
106.70189,122.60414,152.15562,96.60975,2
10.917199,102.210556,150.37337,133.59488,2
154.62497,110.709526,153.90703,194.9756,2
20.413439,32.731365,151.16689,146.97728,2
47.279324,82.011314,153.43277,81.16647,5
95.040504,125.848366,151.864,217.01083,2
94.0543,41.237568,152.34343,127.0432,2
150.54167,19.05467,152.8089,70.85926,5
147.45279,105.283615,154.9172,99.72279,5
64.159096,97.99478,151.88943,188.37953,2
198.4967,125.13572,154.68309,174.76627,2
60.042015,144.73328,152.50362,114.03725,5
104.695175,79.4172,152.47166,56.369804,5
115.56909,38.964287,152.39938,199.06125,2
0.99699306,0.17240418,148.25548,173.26555,2
16.614517,106.26798,150.58641,178.737,2
69.236694,102.70756,153.3831,102.80332,5
20.890335,145.447,151.73184,61.480618,5
1.0249714,147.15155,152.39182,90.15437,5
131.80138,79.82784,152.66623,184.06866,2
123.64595,129.03406,153.43286,39.88207,5
40.364132,72.99922,151.64862,202.1084,2
70.78632,128.14711,151.31581,118.9913,2
188.63028,52.45537,152.39009,197.55495,2
158.82248,146.51863,154.02951,70.291435,2
164.09236,103.26833,153.78258,157.9021,2
10.902052,11.840791,149.62704,61.046635,5
77.92586,71.08596,151.98837,202.11926,2
124.81087,118.91378,152.88356,147.67624,2
191.57416,68.087906,151.12938,189.98979,2
128.86588,83.70148,152.98853,72.5938,2
188.56853,63.600044,151.11566,154.10008,2
7.3084397,9.105835,149.1244,222.04881,2
172.13876,48.587208,152.15117,163.93797,2
62.307796,46.999725,150.68169,127.98506,2
10.150573,31.741812,151.25383,81.31667,2
19.056429,11.939685,149.76976,83.47018,5
106.807846,45.253174,153.19797,54.5297,5
179.3821,50.418648,152.29036,162.82849,2
78.868004,47.058437,150.54395,180.59091,2
118.94599,95.76546,152.36214,183.41832,2
75.17211,144.2318,151.26065,164.84665,2
105.79672,80.00729,152.00267,129.45615,2
177.06854,116.26268,154.03552,196.96588,2
131.75833,73.54646,152.02104,151.28256,2
97.40421,149.36214,152.55125,108.6495,2
91.74978,68.81729,151.82831,183.5639,2
78.043015,143.05986,151.48013,218.23047,2
141.099,52.553547,151.9513,78.75446,5
191.92813,29.296297,152.71866,211.48277,2
126.5725,4.1027374,151.87122,197.4887,2
178.73451,92.53452,153.15889,164.65086,2
186.98772,146.42296,155.48666,200.16762,2
41.87685,78.713264,153.64203,81.81045,5
84.24523,52.64047,151.10405,119.118576,5
4.1405134,40.668148,151.00922,199.79137,2
102.3065,21.073925,152.84814,218.50282,2
70.159805,5.3609257,152.19836,67.70266,2
36.050117,134.54718,150.77855,200.29465,2
1.1700045,0.18269296,148.25304,182.95804,2
126.388855,73.97937,152.11684,81.83208,2
47.72054,2.0045652,151.82974,104.38453,2
119.69406,32.881466,152.28575,177.61902,2
160.5828,74.344,152.03864,191.42915,2
46.960857,63.69178,151.65584,198.29097,2
40.3461,102.118095,151.52272,176.37936,2
165.10915,125.93593,154.4887,75.03636,5
31.114588,16.072205,149.79416,193.21886,2
44.368736,61.528954,152.04341,63.550358,5
22.512087,80.632965,150.92421,171.39223,2
124.27055,108.65389,152.75647,182.9845,2
124.26478,14.673438,151.9443,174.88498,2
14.375655,71.63622,150.72937,185.03261,2
151.0543,100.56293,154.28477,103.75319,5
73.38687,49.829254,150.72827,211.35207,2
147.48294,20.86116,151.4559,80.68994,2
66.483025,12.221604,152.09195,185.32976,2
81.76615,107.77409,151.65964,133.55527,2
144.42186,97.64012,153.62395,189.47397,2
136.85843,98.720695,153.42157,187.27649,2
164.74002,106.21973,153.82092,197.06271,2
114.74928,46.688446,151.94896,191.05992,2
197.76506,123.8375,154.63834,162.68585,2
144.01349,29.00744,151.39468,78.512245,2
159.56158,26.238274,151.4731,189.1016,2
154.79994,122.89783,154.06535,102.05422,2
16.195507,74.87033,150.67151,171.1181,2
105.067764,29.824318,152.85216,189.84642,2
121.577095,25.34012,152.18831,190.20705,2
195.6067,129.53827,156.43134,100.1743,5
113.277336,61.90835,150.78674,86.833,2
100.21532,82.342606,152.48566,127.87513,5
51.50414,146.59721,150.41536,155.3971,2
125.71938,48.045776,152.32294,104.3933,5
115.56861,35.57091,152.47107,153.98083,2
162.24063,103.703125,153.93748,71.058395,2
195.48587,52.713127,152.5124,149.87486,2
100.81043,80.913506,151.76833,210.33305,2
49.121307,96.42273,153.16467,89.110214,5
31.299091,41.368393,151.23315,200.25555,2
153.9852,84.99005,153.35794,177.95976,2
128.25519,3.2999225,153.04039,109.388504,5
106.141975,68.30312,151.54347,152.16228,2
154.80324,10.315879,151.36205,186.7976,2
11.495933,88.62491,150.60612,77.659485,2
194.36313,21.812395,154.34404,113.05756,5
143.12029,35.902485,151.81764,78.9499,5
57.595722,147.6317,150.50963,166.87244,2
51.48706,129.70905,152.83151,90.907005,5
157.2718,118.38297,154.50877,81.20229,5
183.2559,74.1553,151.74878,193.91109,2
109.85248,93.64971,151.90323,195.29027,2
197.88652,143.39632,155.53859,98.170204,2
75.04607,130.7034,151.45493,105.1242,2
15.793787,51.043358,151.13663,192.7914,2
160.73296,99.7665,153.68134,203.2445,2
109.576256,40.59619,152.53482,163.8217,2
21.986286,82.13129,152.07329,126.15838,5
53.159294,49.091873,151.29279,152.37999,2
58.324295,11.534342,152.03505,64.123116,2
179.50508,24.262764,152.15892,147.31187,2
17.104153,96.51912,150.54929,195.32481,2
26.84899,117.74111,152.73506,114.258224,5
34.58774,95.59639,151.38863,86.01796,2
97.70969,68.573715,151.75728,194.80557,2
197.5983,21.583368,152.58516,195.75708,2
109.92074,52.191338,151.18245,178.11067,2
130.93515,82.59808,153.15736,78.02142,5
164.49222,1.259104,151.47887,190.84659,2
68.487175,94.0265,151.78032,195.72295,2
107.18123,88.66978,151.83699,192.82928,2
101.81686,83.04585,151.76947,75.02736,2
194.47972,16.365063,152.39357,148.94753,2
174.28708,74.483505,151.84326,165.97462,2
40.982872,3.405195,152.68631,93.530624,5
154.44427,106.06628,155.22377,87.56396,5
37.32796,38.4069,150.83467,163.0847,2
131.30547,77.977455,152.9124,80.085014,5
45.247356,36.804657,150.07893,152.9643,2
140.43756,81.22065,153.02977,170.21951,2
123.34593,63.28373,151.69244,80.9227,5
160.47069,101.13109,153.7454,86.91722,2
188.02124,50.34632,152.58589,106.78685,2
162.18126,5.3047886,151.47226,126.202156,2
39.05663,89.59279,151.64929,196.95827,2
98.33512,75.587135,151.80466,202.1121,2
36.097466,144.12271,151.36429,87.73011,5
193.84319,0.23752286,152.66942,69.21898,5
70.203766,0.3830003,153.59122,55.471485,5
62.116077,5.2182226,152.04668,36.857372,2
139.01782,28.627121,151.6754,86.57723,2
34.314476,96.539474,151.38583,170.2154,2
189.05951,121.913376,154.5533,80.54255,2
13.929352,127.87205,150.98093,170.21616,2
101.47545,72.148056,151.78519,213.38614,2
155.95737,99.86091,153.75856,143.4639,2
126.2179,25.110935,151.89345,213.11491,2
134.85028,68.70393,151.2993,141.30496,2
121.68465,52.640396,151.17358,156.18842,2
193.02356,55.758743,152.12825,155.74771,2
7.2530093,17.040146,150.32443,203.8435,2
143.26736,0.6180998,151.68904,168.97234,2
127.65989,74.27296,152.06006,152.96701,2
185.51562,56.692276,151.8799,195.51,2
68.69122,4.683025,152.40968,140.62488,2
26.6677,14.740265,149.68054,76.26301,2
5.625172,10.59599,149.6981,97.4132,5
90.18132,54.33105,151.95866,89.830734,5
198.93839,62.96987,151.32008,192.28241,2
74.86767,135.91087,152.95946,75.27581,5
142.27538,143.42522,153.26248,194.93697,2
70.47314,63.973026,153.4042,87.01077,5
36.868,126.661804,150.9146,228.25587,2
156.08698,8.432653,151.3946,108.16262,2
72.67464,125.7362,151.41205,83.22029,2
98.50377,72.67825,153.74884,61.678505,5
184.965,138.06042,155.71632,44.45909,5
51.78824,94.57564,151.97572,183.5111,2
97.77779,95.84344,151.45831,242.04134,2
155.462,68.7599,151.16788,150.36867,2
15.675857,79.02267,152.13657,71.20982,5
185.03546,55.347652,151.99318,155.03963,2
15.101214,113.38806,150.71703,167.66196,2
30.685595,126.62409,152.54054,97.23028,5
109.359566,144.56491,152.74623,196.68762,2
162.41933,28.552458,151.55496,196.68991,2
182.93327,3.1538017,151.65083,161.92204,2
29.274775,110.9482,151.32909,86.17743,2
102.8796,95.833786,151.65381,161.72868,2
62.628708,82.1609,152.01854,184.79515,2
150.62146,124.66032,153.78851,150.80698,2
1.5434946,139.56862,151.47536,138.9276,2
108.00703,86.49045,151.83461,176.13417,2
49.90018,28.335663,149.75055,170.3794,2
154.07086,100.020775,155.26326,55.92371,5
0.0026337113,5.010046,148.69012,113.002464,2
14.532598,19.672571,150.34918,155.46411,2
150.74034,87.44745,153.49942,155.96098,2
56.190628,31.339136,150.75943,70.56822,5
128.88739,136.36214,153.66534,107.076004,5
177.24208,5.435396,151.67337,184.88626,2
96.124794,142.86594,152.44666,74.586365,2
123.83751,1.3264952,152.67766,113.26028,5
102.341805,127.97838,152.2261,149.06383,2
179.31395,137.55739,155.10341,104.29219,2
124.01386,115.75633,152.90834,111.40584,2
64.093925,13.387154,152.60318,73.32066,5
124.58702,57.68322,150.63675,180.51878,2
180.75815,4.495368,151.67908,196.86096,2
101.947754,147.74512,154.42346,105.74411,5
72.84039,103.84216,151.62946,193.65105,2
44.415974,17.871355,150.76996,172.46742,2
125.08293,79.94214,152.46454,190.92232,2
38.826366,13.711559,150.84749,192.85794,2
177.64752,149.69933,155.21277,83.848114,2
21.693428,50.803856,151.23193,207.58447,2
144.61118,38.07472,151.49782,88.987854,2
84.90707,105.46728,151.42075,156.36443,2
133.37186,101.75661,153.41713,80.5335,2
7.692761,123.52427,150.86652,186.09058,2
50.206837,28.688398,149.77393,154.37785,2
177.31699,48.76653,152.33713,180.55125,2
117.45457,68.00389,151.2857,216.4263,2
196.67079,127.94035,154.84415,48.28584,2
78.93946,94.23156,151.6195,144.8515,2
92.706024,110.060295,151.51456,181.90031,2
113.74408,75.53163,153.59467,64.739685,5
82.60294,94.59411,151.765,90.73217,2
182.25482,116.06426,154.0392,202.18008,2
198.42409,62.72303,151.3503,172.91219,2
85.07936,5.0776114,152.38536,176.96553,2
149.41727,10.066124,151.37299,154.33241,2
123.38164,125.0609,152.84142,207.13998,2
116.80571,100.02932,153.7613,71.999016,5
33.223385,59.623608,151.40207,199.92676,2
88.9713,66.59765,151.85788,151.80742,2
126.03787,29.234966,151.96404,81.99965,2
26.85933,122.79394,150.86584,179.08725,2
92.55667,55.342094,150.77013,172.98624,2
125.56656,29.183544,151.98709,214.76753,2
91.36188,132.26587,151.93733,187.2421,2
95.571205,100.036736,151.47295,194.58345,2
43.583447,90.26859,151.85582,187.90282,2
15.689767,20.497221,150.35483,63.86039,2
95.56879,137.60576,152.22116,99.826355,2
44.835323,149.60913,150.41554,78.38325,2
72.54736,133.95056,151.22414,191.7638,2
190.69794,22.683449,152.51227,186.3295,2
50.286663,146.37172,150.42955,181.27968,2
133.02086,24.787977,151.61566,184.1353,2
122.55712,31.600494,152.1153,163.16943,2
25.168827,91.15486,150.98097,172.3955,2
67.994064,21.434849,153.56888,67.63237,5
155.6411,121.35952,154.70552,101.38673,5
6.9205313,0.7807441,150.55582,104.574844,5
142.56062,71.90928,151.98677,86.509186,5
168.62572,25.836226,151.84474,83.01043,2
50.762264,99.27057,151.89627,178.0494,2
47.10829,117.26793,152.36375,58.50365,5
140.66875,66.50634,150.89206,179.3555,2
106.27512,103.542244,152.11618,74.68514,5
135.90985,71.60394,151.68858,163.3457,2
50.45493,141.67172,152.38391,85.6852,5
142.4033,123.295074,154.46898,108.09501,5
69.04099,47.94247,150.606,200.07855,2
142.13492,98.02671,153.5985,171.43864,2
87.33302,107.4522,151.41106,199.11832,2
81.43707,120.91208,153.24785,78.789116,5
155.09547,49.01294,151.70612,170.79408,2
97.23759,77.25775,151.7668,203.76848,2
66.10566,126.14564,152.0191,127.714264,5
104.176216,45.631733,152.04254,211.55075,2
117.475525,55.272152,151.7883,57.246628,5
81.2817,121.08712,151.42189,150.569,2
192.22835,122.483406,154.48439,201.6954,2
140.8959,85.66925,153.49767,76.48928,2
55.08701,5.7120724,151.86813,170.32559,2
180.15848,135.2162,154.85376,200.76521,2
30.724855,122.24958,151.0092,118.45832,2
70.970085,100.561745,151.6835,181.85536,2
150.16615,7.815312,151.43114,182.85846,2
103.37249,93.28156,152.75328,105.55254,5
98.89888,25.874102,152.9142,183.23283,2
179.23808,148.82423,155.24329,168.3053,2
175.26077,82.59008,152.82407,159.21884,2
40.61126,17.337973,150.39832,82.39506,2
57.807243,123.792595,151.17258,208.41063,2
84.84039,69.03812,151.9303,183.1528,2
192.2072,13.466438,152.18866,161.90573,2
194.08833,23.807617,152.60376,145.99998,2
4.505135,147.93794,153.28899,117.72397,5
76.13432,121.84229,151.4208,74.24257,2
150.26413,143.2335,153.56796,156.53024,2
21.903835,11.445553,149.48213,142.84462,2
126.81938,123.17434,153.82967,96.46204,5
16.815514,105.16797,151.44537,91.57359,5
7.5014467,48.15227,151.05669,187.1166,2
153.27563,118.09415,153.84927,158.8611,2
191.41933,99.898926,153.3753,192.73454,2
11.966685,2.8492002,149.14607,164.6429,2
22.14231,134.80745,151.25423,110.42108,2
165.15395,0.30258158,151.47821,179.03427,2
152.76625,126.022316,153.7947,182.50578,2
144.53967,2.0130198,151.72943,141.03188,2
161.71837,38.48919,151.70964,79.046196,2
95.09012,8.6757145,152.53168,102.19374,2
194.9563,120.425934,154.44902,190.8484,2
47.194115,31.467857,150.0044,95.35324,5
137.89926,106.4136,153.47513,177.07933,2
129.78014,60.16151,150.61086,189.49365,2
112.4659,5.540385,152.17418,153.50227,2
156.42165,98.49331,153.66107,205.26357,2
176.95453,50.68227,152.24486,173.196,2
18.949215,78.436516,150.78442,167.79703,2
149.34732,53.02714,151.45734,89.73601,2
154.67178,82.50461,153.56314,88.29654,5
194.87498,121.498184,154.93417,62.89351,5
51.50033,44.19337,150.77383,161.66115,2
7.3899007,149.81335,151.66695,144.95276,2
30.970518,50.318512,151.28236,179.91756,2
161.47148,134.33658,154.1173,166.06252,2
31.744547,31.041103,151.94926,57.526207,5
22.616808,144.5658,151.13838,160.09048,2
79.87868,34.838192,152.18434,90.35367,2
100.74298,102.83381,151.64142,160.44077,2
91.975555,116.42303,151.58002,210.39983,2
123.22357,17.999235,152.45975,74.702805,5
4.919959,54.207672,150.82999,173.88586,2
1.4117357,121.7141,150.89507,225.18665,2
189.0023,139.64526,155.31407,138.47658,2
190.21338,79.49598,152.88683,78.789795,5
129.20654,2.4595027,151.8068,93.464806,2
133.11891,101.424095,153.25444,174.8249,2
13.845915,147.35869,152.67667,70.5679,5
106.939766,126.57352,153.90474,69.64402,5
78.06861,61.914417,152.00131,92.05296,2
144.86911,21.344332,152.67621,91.70436,5
27.801897,76.742195,151.1816,158.93346,2
181.00061,47.165115,152.60886,85.04175,2
103.178764,55.905792,150.72887,174.93391,2
179.03726,68.140854,151.0565,171.2237,2
29.837307,91.848076,151.36665,77.3169,2
165.67998,50.85173,151.90938,168.97247,2
128.51712,71.07895,151.64644,192.104,2
183.96169,124.19437,155.64793,75.797844,5
128.44023,142.46896,152.96361,214.83179,2
81.38389,111.37939,151.48265,173.72726,2
86.66387,74.89645,151.8719,195.50807,2
32.144012,3.078813,151.21617,211.963,2
98.14056,84.445625,153.21832,117.62687,5
35.77252,78.4328,153.07603,74.96941,5
8.466535,126.1206,151.6744,109.890976,5
146.6198,130.51349,153.5533,168.64532,2
96.1867,54.788784,152.41603,82.83876,5
59.65315,123.12699,151.2127,168.66624,2
184.29634,99.914,153.31973,136.68422,2
28.945322,141.36925,150.89117,174.0575,2
28.580307,105.27987,152.04327,120.150665,5
134.46854,74.9149,152.25305,180.19325,2
123.55401,52.46563,151.25523,193.99512,2
155.86746,30.825136,151.44069,167.59615,2
177.90167,145.08344,156.58014,66.96587,5
49.255867,129.5178,150.85191,196.0014,2
91.46233,68.95409,152.30725,111.43773,5
156.68498,114.183624,154.8489,74.00173,5
16.322495,111.164055,150.6495,210.4563,2
12.21718,90.63566,150.3821,188.21625,2
87.46333,26.583332,152.73935,187.1323,2
129.94592,125.30243,153.03584,59.988403,2
84.475136,79.67965,151.98918,85.566505,2
21.24349,7.408818,149.85835,157.33377,2
121.20061,26.702566,152.16408,146.40363,2
176.34846,102.19971,153.5387,149.92755,2
72.70241,116.13018,151.50674,35.62782,2
67.53892,105.1507,151.74168,188.19003,2
167.434,70.78039,151.4416,58.079536,2
95.43356,101.72515,151.46011,100.78713,2
106.54156,63.03865,151.5136,133.08302,5
80.30316,50.18925,150.75896,166.36201,2
139.38217,34.340824,151.52422,139.02054,2
78.48413,102.010605,151.95238,129.36192,5
21.024755,55.511467,151.56935,35.7568,5
166.44632,27.18158,151.69846,191.77528,2
90.43623,76.95225,151.85707,108.7208,2
13.014978,71.08435,150.64108,173.5662,2
97.410835,36.86456,154.61905,101.50068,5
53.405277,46.660374,151.28789,84.66463,5
196.2783,47.199184,152.84123,165.19978,2
182.56725,93.46884,153.2113,220.10143,2
31.767149,64.46331,151.82324,62.12935,5
34.602066,56.53615,151.35085,109.46838,2
1.6151736,42.801537,152.48628,87.959366,5
156.77551,79.5506,152.90472,206.2592,2
116.6348,65.43615,151.0052,56.93647,2
4.2174616,0.9267988,150.26157,79.46223,5
167.94781,33.008076,151.85591,190.80392,2
156.74448,2.1519377,151.5074,74.551704,2
31.770569,48.284172,152.37935,145.40501,5
12.580864,7.4873137,149.5935,92.66416,5
151.77005,132.4019,155.10957,83.894775,5
6.011628,18.831144,150.56032,138.30858,2
58.427303,75.08209,152.00122,189.06808,2
188.17212,74.50127,151.82603,160.16183,2
175.49794,85.620346,152.98926,188.87074,2
21.967323,107.63886,150.7614,60.60745,2
8.030638,42.497013,152.86914,66.210365,5
90.904366,71.21379,151.90155,61.777367,2
119.439064,52.202248,152.34064,90.06396,5
113.12276,145.51529,152.80212,150.74104,2
18.42566,81.506775,150.72653,171.0609,2
92.703064,24.535778,154.53464,89.87067,5
199.07866,121.2553,154.49973,195.67502,2
85.92446,120.92662,153.35382,96.312485,5
119.616585,26.94226,152.23964,205.52785,2
73.162704,103.13651,151.6469,187.20198,2
61.81937,102.399826,153.16273,86.18533,5
184.68333,25.466827,152.86441,91.17461,5
195.91156,104.08685,153.64462,88.590195,2
19.92851,47.226887,151.24344,196.21732,2
27.995413,66.64808,151.24136,177.63863,2
22.9284,70.8959,151.01024,92.25187,2
114.96236,133.60274,152.97437,111.99266,5
198.25282,104.234314,153.82262,112.008675,2
80.04349,20.364044,152.52837,107.61137,2
113.44579,16.222029,152.40048,228.58192,2
31.565321,100.22396,151.20808,225.51672,2
73.42916,127.515366,151.73273,24.008373,5
131.4979,51.9134,153.0382,22.827845,5
68.92401,23.111782,151.99796,90.47901,2
103.702065,121.97254,152.11533,92.25156,2
68.670166,64.1184,151.97061,193.20976,2
0.777619,48.61275,152.5633,92.33128,5
85.004906,145.54956,151.87468,192.6544,2
71.97114,62.162052,151.92989,172.8699,2
72.88377,121.899536,151.39476,188.4372,2
78.42261,140.222,151.5127,120.7904,2
92.95028,37.85202,152.52634,85.5219,2
109.450035,25.460594,153.13806,92.660995,5
118.65831,48.066532,152.39258,97.80302,5
158.21828,77.86462,152.66208,207.27391,2
187.71701,53.976727,152.19542,190.57605,2
62.341084,58.009468,153.34299,80.20887,5
43.974087,10.122912,151.40428,188.19624,2
179.73466,75.83796,152.02603,206.97867,2
67.58801,80.22608,151.95116,74.99032,2
107.83931,98.5462,151.82037,62.00154,2
40.156647,57.206284,152.36038,91.654434,5
153.38591,44.632153,151.6236,89.81763,2
64.97193,121.35698,151.291,164.96854,2
164.48721,20.022951,151.48906,83.72672,2
110.91485,123.624504,154.24454,82.802086,5
45.09175,10.873478,151.46039,173.36531,2
102.14364,12.133182,152.55861,198.63452,2
85.52674,19.732792,152.7305,201.58418,2
71.020195,98.71509,151.74089,167.32239,2
139.35385,49.997585,151.4296,192.53438,2
157.18523,113.00989,153.87254,202.17361,2
144.33774,19.620207,151.4223,125.88652,2
140.16293,147.91832,154.96013,54.91512,5
41.216732,18.405975,150.379,199.92064,2
91.09582,54.356853,150.83084,219.42276,2
53.762486,96.973045,153.66298,103.92369,5
136.5486,127.61732,153.27089,167.7511,2
140.19005,138.27492,154.19464,75.687065,5
164.85526,103.712685,153.70892,139.37022,2
106.61994,53.795074,150.86566,173.6023,2
153.72444,119.07071,153.84868,38.257084,2
175.0613,79.26104,153.45142,71.518295,5
72.917,132.49625,151.23708,162.02957,2
19.69395,149.13565,151.24762,134.93077,2
22.264126,27.300747,152.05037,133.31071,5
192.5225,27.87821,152.66936,196.11728,2
95.068214,56.29902,150.885,65.06873,2
90.23072,49.419758,150.8699,204.19862,2
12.106833,49.337402,151.1513,180.87976,2
124.976845,0.042633727,151.84898,200.25674,2
49.79655,126.83955,152.74907,95.15447,5
161.1459,100.605446,153.8864,61.775303,2
74.70311,58.846634,151.75319,63.881985,2
55.09485,50.733116,151.41,51.159786,2
65.684654,117.91151,153.08974,87.6046,5
141.9339,117.074936,153.56216,198.15044,2
132.04436,52.33294,152.13574,99.13099,5
19.831163,148.16208,151.23286,147.49132,2
19.92144,23.749048,150.45116,212.7686,2
182.14865,52.69863,152.41962,102.37374,2
52.700638,117.466606,152.86076,125.26058,5
133.75873,121.08835,153.19122,146.9812,2
141.28494,63.34805,150.65686,177.50754,2
46.799473,131.77873,150.81,192.8598,2
85.270645,7.493468,152.98889,56.024014,5
198.17606,119.89799,154.69832,103.17069,5
192.13571,107.71805,153.73155,213.0107,2
55.042435,97.08449,151.97163,192.67003,2
57.843575,122.42724,151.16995,182.30855,2
49.685654,31.953775,149.60399,108.89253,2
21.193739,126.187,151.82997,102.993935,5
199.06073,148.33348,155.7229,188.9684,2
21.552143,148.9575,151.18954,73.24643,2
88.84721,148.91875,152.09624,221.22546,2
111.72019,53.34965,151.01164,191.49847,2
65.41196,6.28307,153.22467,111.018654,5
171.42163,61.419395,151.0572,224.28719,2
128.75168,1.3034186,152.68365,105.01515,5
7.8910036,76.25775,150.37607,168.39745,2
147.73975,86.71575,153.39696,123.29622,2
52.640537,122.779594,151.0856,161.64508,2
136.11888,128.63817,153.23201,90.571495,2
145.02277,120.86587,153.6566,192.87706,2
120.49879,96.52927,152.53014,188.1068,2
168.30202,38.619076,151.95755,85.287544,2
126.36121,76.126015,152.27855,214.7694,2
139.25455,108.02311,154.32083,70.2938,5
129.3403,108.474525,154.67809,68.91885,5
144.65472,10.361662,151.4065,204.59645,2
109.12158,93.30716,153.11513,96.341095,5
113.69267,127.84377,152.54448,219.84592,2
110.6947,38.19716,152.6152,172.8345,2
95.53572,23.804443,152.86913,174.86734,2
168.0382,9.131309,152.3371,117.64368,5
101.07458,138.33388,153.60527,33.834743,5
118.56817,120.54403,152.56519,198.66933,2
187.0742,97.180466,153.24307,189.85443,2
195.51555,36.629997,152.84297,183.49365,2
8.955116,101.941055,150.71313,89.51573,5
66.353294,112.85227,151.54073,182.93503,2
125.26758,143.5608,152.97371,191.19493,2
90.975784,86.120674,151.60446,172.17758,2
95.484146,45.158974,151.7639,209.90405,2
184.04218,24.855469,154.19513,95.65128,5
124.67624,29.516968,152.03073,108.72916,2
2.388956,24.781042,150.83606,199.6134,2
32.40105,75.701164,153.2486,55.62342,5
47.043884,57.448574,153.07646,108.0825,5
141.9326,0.16372983,152.40428,92.55727,5
97.14713,27.96628,152.9554,175.29547,2
6.437382,32.696682,151.09602,167.48042,2
162.49597,32.10869,151.61351,180.83086,2
40.902836,51.972855,151.37447,182.8159,2
166.17548,42.601612,153.61865,152.37894,5
110.48085,75.71519,151.95197,205.78023,2
55.22684,3.5682988,153.56868,130.73889,5
171.41905,9.63374,151.67711,196.3533,2
159.38953,127.78777,153.96716,131.44913,2
39.932884,142.8289,150.57391,191.76727,2
54.830696,97.95387,151.90508,171.22705,2
198.02736,147.44687,155.7078,158.05807,2
110.17737,5.8945756,152.30453,190.08618,2
3.5824642,138.80971,151.50272,152.81015,2
35.965252,72.558105,151.49835,166.41307,2
157.60396,21.3645,151.36371,151.12227,2
66.66247,137.81062,151.13226,112.942604,2
15.182324,136.72289,151.36824,107.47173,2
57.10924,107.53604,151.74031,193.21857,2
4.80255,0.24316502,148.55843,199.66222,2
63.1353,0.33227763,153.44122,74.129845,5
168.26414,79.28115,152.59642,190.57771,2
93.2493,63.91545,151.55945,141.93854,2
196.50314,38.35869,152.91606,197.28798,2
41.62407,138.36021,151.84525,63.45457,5
157.00386,144.64612,153.89822,171.82863,2
159.80904,68.291405,151.09372,170.64818,2
93.86114,123.605675,151.80217,193.30208,2
199.16324,41.503918,152.92683,169.89113,2
108.60376,132.16367,152.49948,224.17722,2
138.35057,26.370909,151.45358,201.12517,2
44.799026,26.662588,149.57938,141.72821,2
131.78357,117.15582,153.20018,160.89221,2
105.320015,103.37736,151.7143,170.97684,2
21.006357,10.62426,149.49794,185.45439,2
52.219685,86.06812,151.98628,148.14816,2
0.31026343,56.07959,150.62712,191.58943,2
109.33252,70.24151,151.69798,185.30145,2
7.577538,144.48912,151.51884,151.33727,2
46.79211,29.546404,149.50192,71.135796,2
105.38448,61.176926,150.85606,207.14076,2
127.84692,21.563074,151.81113,153.49097,2
14.707667,118.282585,151.82086,104.09924,5
114.675064,77.452736,152.10605,194.50446,2
26.96794,32.868347,151.27754,112.80674,5
173.64592,1.317908,152.33458,98.94507,5
49.993443,93.36731,151.95796,195.53275,2
114.34561,3.6833568,152.17255,174.63673,2
59.073948,27.988754,150.7319,192.81743,2
2.736534,98.44463,150.27054,198.65596,2
167.37805,89.56374,153.2956,139.43268,2
152.63593,81.74135,153.05518,157.71931,2
55.92464,46.358562,150.83505,153.50226,2
172.33208,47.060345,152.2077,172.01007,2
44.218464,125.83323,151.16003,107.60653,2
144.15643,71.28928,151.73515,139.32529,2
145.4407,99.39609,153.73302,179.7217,2
168.72028,46.61601,152.27228,74.80547,2
126.188644,148.65652,152.9124,182.44035,2
139.39688,127.67849,153.35016,160.23398,2
158.61836,73.60312,152.24576,56.38411,5
11.659908,146.4643,151.52092,223.97603,2
89.92775,102.57717,151.3989,165.7404,2
154.69257,7.3464026,152.1439,113.16046,5
174.46721,67.007904,150.94008,200.87138,2
9.154774,119.48788,150.73782,118.7559,2
34.811172,135.84438,150.74886,181.17992,2
84.60624,145.37106,151.79996,172.63258,2
90.621605,48.386204,151.02432,177.6454,2
38.059055,105.4148,152.59467,121.38186,5
107.25935,55.098827,150.78522,206.62427,2
145.17096,108.89181,153.71117,194.11668,2
63.079983,24.712198,153.25948,117.58722,5
154.58755,144.86263,155.58392,114.06754,5
59.068172,132.88676,152.49678,115.844055,5
70.741066,71.86741,152.05347,197.2999,2
192.16481,148.14578,157.03427,53.929947,5
103.75361,5.1161103,152.41049,51.76305,2
168.81908,112.47989,153.92964,171.09682,2
87.26008,24.376553,152.77054,174.21367,2
145.84552,136.92352,153.45949,147.71266,2
166.70854,111.04439,154.46408,67.345695,5
123.26142,0.17179397,151.92398,196.33992,2
129.37128,105.519135,153.04935,177.34918,2
20.089172,139.73207,151.09248,68.16155,2
87.37429,41.91662,151.73677,179.88762,2
121.90761,75.99806,153.5988,120.05572,5
191.24303,72.87601,151.6393,204.212,2
53.770405,20.619726,151.1064,189.45348,2
148.96347,85.57797,153.33119,197.48915,2
62.44522,62.82672,152.18555,46.057884,2
161.79012,73.45472,152.40102,71.33884,5
140.72873,59.259575,150.733,90.957726,2
5.5751863,149.25575,151.66698,119.495865,2
65.16101,53.421753,151.46625,184.78035,2
35.16779,148.57861,151.0832,107.225006,5
99.07825,111.94377,153.23495,98.9728,5
17.89642,58.22065,152.13269,80.78326,5
13.066358,20.049616,150.40443,193.58134,2
178.24861,95.07585,153.21045,177.95883,2
59.70502,68.3895,151.99803,202.10216,2
175.40367,104.01538,153.59698,65.216484,2
189.5947,67.38016,151.10893,146.06061,2
66.70325,143.40161,150.91783,91.8006,2
96.59371,48.46988,152.78426,48.458134,5
53.22567,54.88807,151.59311,183.96207,2
24.735983,123.95004,152.53209,60.291935,5
132.84712,107.7703,153.27626,178.42165,2
77.39494,106.199425,152.7473,96.343956,5
165.68811,100.13965,155.0739,108.071045,5
180.84415,138.28261,156.0803,90.68084,5
9.548483,37.497105,151.18454,184.88966,2
190.59367,96.098526,153.27626,172.40968,2
55.159557,59.295475,151.6914,174.4741,2
14.63812,5.1115856,149.25896,101.17979,2
172.2306,143.68477,154.92438,130.82649,2
148.40071,48.388138,151.5621,203.89265,2
2.5712478,147.61089,151.6961,218.8149,2
17.968315,39.236458,151.33514,229.80544,2
112.537605,73.22921,153.05267,62.169086,5
78.49287,143.66536,151.4447,156.71587,2
154.99031,118.86946,154.0223,75.11197,2
124.88663,19.616405,152.23314,83.83,2
95.66688,75.610245,151.78691,145.47934,2
34.720627,75.99112,152.97595,87.214714,5
137.88678,1.4478933,152.18695,147.825,5
125.72262,15.967565,153.4363,123.294525,5
100.99843,102.531944,153.04051,109.94477,5
135.64232,86.380066,153.13824,168.02003,2
70.39335,27.761091,153.71504,93.64541,5
46.61884,129.52641,152.48979,101.72727,5
20.687939,116.582344,150.81367,215.5308,2
96.938995,75.5936,151.87425,164.57771,2
100.14883,60.34037,150.92003,217.79944,2
152.6637,11.421711,151.37816,200.58083,2
29.53944,16.82283,149.67392,83.65098,2
101.898575,43.15591,152.26265,166.18155,2
118.89659,122.57743,152.58089,197.83966,2
124.30631,30.160805,152.89604,120.01076,5
80.56787,0.7471928,152.31494,163.6715,2
110.323235,31.08048,152.72858,164.29918,2
1.0228732,81.508385,151.7352,81.84293,5
31.204998,142.49791,151.15273,92.00726,5
110.59581,40.867565,152.5467,182.95201,2
76.54229,60.01279,151.77115,162.60135,2
11.970961,100.2377,150.38841,165.84042,2
97.89171,91.33861,152.34267,81.886955,5
180.47685,119.64455,154.41559,91.33297,2
92.28731,15.910264,154.4453,114.52308,5
30.288519,12.489542,151.68898,67.043846,5
34.13332,126.253296,151.91885,45.34816,5
171.77003,37.90141,152.18214,164.22086,2
49.290768,32.6311,149.57533,191.61885,2
99.67654,79.95863,151.74898,176.98622,2
185.91321,3.3497705,152.94377,50.218327,5
199.33395,62.691814,151.37788,190.93774,2
153.65425,137.72256,153.97574,79.987,2
189.55884,96.37749,154.43697,135.73878,5
61.736458,149.86003,150.55803,195.87897,2
114.56884,27.077913,153.14328,99.00306,5
177.85829,88.27451,153.09912,163.49763,2
75.1256,100.32643,152.51779,129.86224,5
100.70721,42.332115,153.54456,86.96027,5
100.3207,144.84857,152.5802,228.76353,2
19.543467,146.94655,151.25926,148.47748,2
191.68993,26.85431,152.57904,194.927,2
125.182045,91.28717,153.73837,118.3792,5
16.143324,49.21473,151.1616,159.62538,2
131.79492,111.8068,153.21313,172.95776,2
55.6148,140.9427,150.57976,187.51611,2
166.7548,95.1422,153.52113,117.94867,2
70.25255,29.253733,151.73502,97.130005,2
194.81061,79.24881,153.58644,89.84518,5
92.37102,129.7954,151.82394,175.54501,2
190.17401,130.59006,154.90285,114.623726,2
20.512426,54.98031,152.79037,111.8741,5
185.38402,149.01591,155.65364,57.668987,2
195.42389,27.824987,154.42688,132.77925,5
124.52377,55.751686,150.96478,89.01559,2
193.25313,96.3074,154.47543,124.60942,5
180.83464,0.83006793,151.55046,172.10461,2
111.43949,8.776855,152.3026,173.3085,2
188.78009,143.02434,155.45587,107.046616,2
70.797775,26.92065,152.33568,96.40328,5
158.94118,93.68547,155.51692,113.72399,5
8.273588,93.85276,152.08792,90.90825,5
148.91595,1.4430726,152.02995,54.50908,5
25.324007,51.84037,151.23418,185.88692,2
32.65154,120.06084,151.06387,158.82211,2
196.72757,71.5448,151.53078,116.715004,2
40.73787,2.8111172,151.60338,196.71892,2
20.530592,67.81001,151.03992,68.500885,2
12.608553,74.202515,150.56207,97.726074,2
196.78804,75.44206,153.55553,91.54292,5
69.73877,119.141884,151.51341,43.15553,2
133.93501,30.057348,151.58391,169.52678,2
13.807292,19.864155,150.47197,60.758812,2
85.91192,102.89919,151.45395,213.31885,2
92.64983,1.5672218,152.34674,169.24428,2
142.61716,126.80047,155.24144,94.37769,5
102.301414,92.80776,151.82619,133.9374,2
47.022327,74.31527,151.84633,175.71439,2
15.3913555,125.118324,150.90819,46.404488,2
151.76619,30.796412,151.33551,139.91333,2
20.57983,32.865276,151.20828,204.85501,2
46.656757,52.435436,151.80052,50.83681,5
61.49716,117.042435,151.94731,90.94065,5
110.9439,5.9526906,152.74788,59.343136,5
38.21396,97.41167,151.5048,150.35487,2
28.413593,75.62637,152.92372,78.986824,5
138.28725,143.27364,153.14267,152.40433,2
195.55017,95.12693,153.28566,166.13629,2
12.787674,36.57789,151.26768,178.60828,2
12.990802,50.190037,151.14746,87.98261,2
40.3186,93.17767,151.67542,214.49985,2
138.83063,77.18234,152.61256,188.86906,2
107.98218,38.42419,152.71251,147.05351,2
90.74291,52.070164,150.7954,152.72398,2
10.932433,100.48952,150.41774,157.6254,2
87.640945,45.448147,151.22337,173.16241,2
190.44734,147.32611,156.87506,66.356995,5
95.16746,46.78469,151.65486,70.25443,2
123.01939,3.0536046,151.94748,201.14801,2
195.73944,40.37687,152.8892,160.3377,2
111.312225,36.211548,152.70882,167.68939,2
54.764053,75.27742,152.00597,165.34181,2
147.33394,1.6252047,151.88602,73.50259,5
79.16132,18.10271,153.08247,87.07494,5
126.258415,46.091324,153.09612,88.49894,5
186.52754,49.564785,152.92741,94.90117,5
65.75837,142.97443,150.86534,73.449196,2
193.12627,22.568645,152.53424,162.56186,2
109.23477,26.018337,152.69531,186.267,2
7.1683903,48.630577,152.78499,67.96486,5
141.83917,89.4161,153.4785,72.164474,2
155.83647,88.95679,153.51823,145.22713,2
63.346664,106.32274,152.59602,104.40214,5
59.783627,104.58975,151.77745,163.63715,2
35.221386,75.25365,151.45154,169.03421,2
76.31288,48.484463,150.61191,190.56256,2
65.70753,4.843288,152.08754,222.37112,2
70.54344,23.789864,152.04736,195.52237,2
97.193436,88.238686,152.50182,112.43822,5
173.26486,67.77489,151.0335,89.89694,2
61.814445,143.00386,150.83838,125.306786,2
0.9775641,22.310694,150.74762,154.66248,2
133.19333,23.98907,151.57523,165.4567,2
102.495384,30.711597,154.75827,72.354935,5
28.72451,84.0686,151.1834,172.24358,2
61.025536,45.113857,150.47487,193.7087,2
78.72794,76.58942,152.25558,117.41414,5
187.54306,91.25291,154.15656,67.615265,5
59.153896,129.50305,150.9278,144.04933,2
152.34021,124.961815,153.81454,169.71227,2
22.966934,9.499848,149.80833,169.03238,2
160.68503,145.99121,154.11493,88.91943,2
127.91728,1.083028,153.11359,97.80627,5
59.07851,10.910341,151.8815,218.23328,2
161.6233,15.347396,151.44862,192.00645,2
2.6515238,101.04104,150.4317,71.56107,2
43.68509,52.50274,151.84099,95.382576,5
188.92093,99.51744,153.33766,182.284,2
139.2834,131.06459,153.30457,199.6153,2
164.15375,86.27589,153.25807,168.53418,2
153.95502,112.15468,153.90631,163.60463,2
158.85988,140.45454,154.0157,87.789856,2
158.34601,30.551437,151.49762,167.98721,2
127.40606,8.793073,152.00388,86.411835,2
109.38897,25.09805,152.73534,148.89978,2
73.9841,101.42281,151.70424,69.40147,2
19.475895,84.83481,150.69368,172.03513,2
13.448713,108.3444,151.9368,34.22895,5
186.30244,80.02716,152.53204,120.961296,2
94.73267,74.5847,151.9031,110.146194,2
60.838856,41.627262,150.11545,76.800385,2
77.46851,47.12286,150.55855,197.24353,2
20.243752,106.20083,151.8375,86.49592,5
89.47594,60.636673,153.08795,114.24933,5
199.88179,10.377466,152.84198,105.56204,5
102.91728,146.69455,152.63243,164.1166,2
174.53351,69.3936,152.52962,96.5431,5
171.82436,71.40385,151.4421,87.411316,2
65.6227,47.523903,150.64246,80.16209,2
134.32224,49.148376,151.5151,180.75381,2
189.29018,50.41669,152.55983,182.29263,2
50.830635,130.5518,151.22675,0.0,5
167.73143,6.73135,151.51968,168.34322,2
199.15648,105.30502,153.78383,153.65427,2
61.371704,38.018116,149.90308,11.135152,2
175.63026,19.220106,151.91917,186.17006,2
31.549528,146.25307,150.79474,217.71196,2
109.3948,49.08074,151.58267,158.41844,2
189.22888,103.31128,153.51419,181.34554,2
70.66187,118.23639,151.46817,209.79874,2
99.992424,16.374062,152.75922,159.173,2
85.22692,29.862944,152.69423,135.19046,2
114.97023,28.456457,153.0604,59.173798,5
21.859629,137.64113,151.07732,150.39255,2
82.607864,8.286632,152.47627,99.27363,2
184.76097,120.3464,154.29852,214.3696,2
124.2807,21.693308,153.85907,125.44686,5
82.07108,37.907322,151.79555,222.60098,2
98.9159,78.60833,151.7128,214.97603,2
193.26683,87.1842,153.77545,36.578583,5
36.05683,13.014128,152.17712,61.943245,5
102.798004,79.89922,151.76443,166.0363,2
136.00119,147.07207,153.8027,59.216213,5
160.46893,22.030195,152.91983,140.24083,5
15.782986,124.300705,150.86159,138.34314,2
91.69725,107.67648,151.52347,99.12825,2
108.63105,81.73749,151.90189,169.56041,2
142.36723,125.24488,153.52045,196.39026,2
198.28423,34.177937,154.02783,100.74677,5
14.0520935,126.775665,151.01869,170.05786,2
143.34848,16.451412,151.328,200.48634,2
71.938545,30.448402,153.21388,68.167305,5
196.60469,77.26131,152.33461,82.00976,2
75.925224,118.28237,151.45319,205.65712,2
197.83873,26.735981,152.74637,77.4799,2
67.12127,81.92174,152.0155,227.21028,2
137.3729,146.94403,153.06013,155.68512,2
115.627014,147.99307,152.87439,226.3988,2
64.1978,143.33353,150.7812,192.64699,2
125.65717,2.6815736,151.9064,155.00714,2
5.940018,18.98468,152.3029,90.49934,5
35.63468,127.934456,150.97588,82.47327,2
176.0707,120.76031,155.86955,96.38807,5
82.1947,61.488274,152.2489,74.40712,5
16.54869,149.95633,151.38338,195.00069,2
10.712285,52.21444,151.00911,208.49054,2
30.164349,117.43078,150.97533,190.82791,2
162.07848,140.54688,154.17755,115.49052,2
44.748558,7.8846292,151.52853,164.70045,2
69.95705,128.3627,151.21443,207.83356,2
78.79736,0.7191378,152.25288,194.23927,2
118.726654,90.76104,154.05716,129.40953,5
74.46282,15.378065,153.66599,87.60267,5
175.05226,51.32716,152.15321,179.58511,2
28.094452,94.727005,151.22578,120.352974,2
153.83281,2.4499273,151.595,56.34529,2
198.8019,4.6038413,151.94539,167.99706,2
56.42035,99.645996,153.59561,101.92433,5
121.425095,148.66252,152.90242,182.70407,2
34.201042,100.645065,151.70787,113.9469,5
33.311054,26.012114,149.76848,49.77483,2
150.03903,73.95517,152.0796,65.57418,2
53.239155,121.35614,152.01407,76.905914,5
171.20232,87.3953,153.1153,157.42851,2
16.281996,31.043045,151.20506,159.67352,2
120.090775,26.276993,152.1966,83.20501,2
154.98634,79.8011,152.93565,180.50948,2
20.019083,149.51617,151.24245,109.60283,2
41.622063,74.64602,151.7246,103.3266,2
115.89784,5.456232,152.10394,167.97383,2
168.38704,68.171364,151.0129,164.70946,2
51.061695,11.885999,151.55081,191.30101,2
162.60773,103.811516,153.80559,92.76755,2
81.27339,73.510735,151.8935,176.32993,2
160.88268,47.58823,151.95488,80.900185,2
163.34546,94.06566,153.51445,147.10612,2
113.45738,5.480201,152.18076,209.83694,2
18.455402,21.949068,152.0711,121.04662,5
176.42268,8.063302,151.68452,147.15176,2
147.31487,108.31673,155.07149,87.77349,5
22.211622,72.779976,150.98033,218.27213,2
30.942627,26.125488,149.84444,180.33667,2
178.93047,1.686095,151.69444,80.013435,2
42.31593,138.10649,151.3715,73.070244,5
196.6418,37.293446,152.89795,169.1457,2
164.2224,47.246437,151.95827,181.51103,2
88.984375,7.410757,152.48026,216.53577,2
138.85712,122.94909,153.39,221.08504,2
47.328823,71.554375,151.87653,199.46245,2
182.9844,130.47897,155.22827,51.6104,5
144.00429,113.99063,153.68437,165.96283,2
42.53432,100.01994,151.70152,173.42928,2
142.42914,113.73593,153.64185,204.51726,2
92.934425,46.28789,151.41576,164.76619,2
20.39624,70.64551,150.90862,166.39366,2
11.44585,14.133238,149.65395,174.2642,2
190.52203,83.08963,152.75299,203.764,2
149.5227,147.21994,154.44434,69.306786,5
176.50748,60.386906,151.22137,147.3466,2
113.28351,95.98394,152.10051,173.9782,2
34.648697,42.839928,151.21812,190.0769,2
164.73994,1.089419,152.92163,77.67151,5
9.342838,125.51291,150.9938,113.79196,2
157.58047,82.31722,153.19577,163.01352,2
137.63599,121.19888,153.3739,189.4999,2
24.920864,147.22401,150.97304,150.8284,2
123.80304,77.55489,152.36848,42.982487,2
150.45633,146.32721,153.56412,78.4628,2
45.24255,121.17248,151.12094,192.4633,2
105.3275,3.0617833,152.27255,209.15508,2
194.6549,131.34161,154.99998,134.65073,2
39.356407,132.5728,150.6951,183.63106,2
97.69292,146.6797,152.44221,170.2489,2
11.509249,105.99707,150.46294,173.22426,2
81.08557,29.08,152.54485,179.78838,2
159.77266,68.94517,151.4427,122.920006,5
65.85027,32.674065,150.84666,157.38765,2
28.602509,79.78062,151.1849,201.40193,2
96.29759,148.31042,152.44586,184.66933,2
137.52518,146.15793,153.12529,84.27391,2
109.60634,16.907948,152.60965,100.73359,2
174.26965,111.301994,153.84262,140.9127,2
114.77028,107.550385,152.26132,94.04182,2
126.60017,102.798546,152.89102,188.3483,2
32.402805,121.6969,150.96786,136.68806,2
10.597071,85.057236,151.84616,80.368256,5
176.43144,34.947433,152.29121,166.80835,2
160.95547,68.922905,151.46953,118.51185,5
102.13556,98.27348,151.6249,106.69825,2
174.76315,85.41299,153.83742,59.36813,5
117.35722,24.621977,153.97865,73.413536,5
175.78835,85.29221,152.96461,149.19228,2
141.51117,74.70266,152.31966,129.81306,2
26.27298,5.7522354,150.57292,178.7862,2
63.198708,87.65644,151.99579,210.78368,2
106.55995,79.57214,151.89796,210.8449,2
88.547714,122.92584,151.61935,185.16383,2
100.01206,96.252174,151.541,194.17912,2
100.52785,122.4896,152.05486,107.39718,2
68.15866,32.466698,151.17734,180.05724,2
48.703613,17.154217,151.11035,59.294006,2
48.125793,73.6419,152.02878,85.544174,2
84.284615,105.28284,152.54886,75.14679,5
99.165436,115.66621,152.03868,87.435745,2
186.01834,133.44641,154.9507,191.50975,2
113.25351,40.0978,153.91394,99.91431,5
95.83702,96.67578,151.43497,171.18513,2
133.20688,19.038197,153.06032,61.647915,5
102.45668,70.13297,151.78299,194.10872,2
169.23521,71.478676,151.45383,68.267746,2
115.3949,10.50463,152.70146,84.55929,5
64.85565,22.30405,151.77728,187.76743,2
166.67262,14.075151,151.53093,82.61823,2
56.137615,146.62921,150.43448,87.49978,2
45.471695,62.42933,151.63873,168.76244,2
60.15179,46.1447,150.61588,182.26384,2
33.689816,42.176476,151.21153,190.7159,2
33.007843,114.39198,151.13107,168.72617,2
79.769066,131.89496,151.47675,182.17772,2
116.83067,17.484331,152.30183,173.22836,2
183.49277,80.27574,152.5207,192.02393,2
197.35637,87.64628,153.09749,195.04749,2
192.33076,120.60488,154.42639,190.25401,2
38.763393,12.2688675,152.03423,58.809994,5
140.17703,49.351574,152.41934,106.30437,5
121.23259,93.629906,152.51172,172.81544,2
86.9602,128.95793,152.16074,82.822586,5
49.43773,39.752583,150.18584,200.49681,2
187.24162,138.50606,155.23964,189.40392,2
16.723726,142.62766,151.25896,176.76459,2
180.43071,18.196379,152.06244,211.97653,2
4.2293477,8.081249,148.98376,142.73763,2
95.6801,50.180035,151.04279,96.83484,2
75.43479,98.384094,151.74162,48.057438,2
106.12522,44.88021,152.14317,166.15784,2
161.87694,127.79755,154.01753,160.42314,2
165.16168,38.871346,151.855,157.51701,2
26.746637,68.50527,151.16551,119.97321,2
132.65094,99.461655,153.249,166.5739,2
188.61334,128.95198,154.77266,178.05267,2
25.96904,120.924484,152.79565,46.86925,5
153.3835,104.73405,153.95442,90.14857,2
133.22404,27.337358,152.87958,82.25216,5
36.46728,34.487175,150.95047,111.21873,5
75.409454,20.358019,152.37213,180.51071,2
149.33508,77.87168,152.9548,111.78139,5
148.0279,73.53092,152.07199,148.7391,2
113.07927,83.10715,152.11832,98.46226,2
188.11911,51.462257,152.46828,201.2431,2
60.17467,76.11174,153.32053,55.99137,5
5.4461155,24.839737,152.64671,89.74622,5
198.56158,3.692324,153.57306,67.91174,5
46.70838,69.57094,151.795,146.81523,2
158.07002,9.827281,151.38367,171.78682,2
32.10413,101.06345,151.20139,198.20197,2
115.351746,132.7892,152.6743,206.30313,2
57.855907,70.65238,152.03088,182.9831,2
169.36299,44.840755,152.38806,69.945946,5
195.82806,63.576366,152.83646,102.398994,5
117.12658,5.1508956,152.12155,188.29535,2
40.549503,125.07972,150.92194,102.73726,2
177.87065,4.90204,151.64389,79.33118,2
44.080563,33.612442,149.70341,181.93712,2
87.25973,109.61088,151.73886,97.019165,5
184.62177,34.694405,152.77347,89.467255,2
97.03213,36.496307,154.35722,88.3128,5
57.597374,47.86306,151.20488,80.87092,5
143.13545,103.042625,153.64442,183.25896,2
164.30052,106.64346,154.04103,84.776024,2
107.6966,24.04271,153.21542,62.102093,5
58.475857,81.09895,152.84848,74.273964,5
142.04694,20.792097,151.34027,193.30797,2
19.046204,101.19775,150.65506,154.1827,2
38.5885,121.00905,151.10063,189.35878,2
96.41111,107.66718,151.6128,113.81705,2
159.56223,0.33661434,151.48814,175.73674,2
129.74437,52.95429,151.27357,79.226265,2
86.55692,25.319921,153.60423,102.714935,5
198.2844,89.816895,153.32114,96.36543,2
167.2289,74.7729,152.27388,80.95596,5
86.049225,62.012688,151.77232,92.57441,2
101.74736,56.53541,150.72807,82.81195,2
31.388317,148.2043,150.74696,161.41856,2
20.475819,121.54195,150.88492,175.85452,2
59.756443,91.19145,152.03323,159.97105,2
29.162226,61.750877,151.30624,201.96272,2
81.19321,6.639126,152.44293,202.72806,2
112.4645,67.811134,151.3779,40.66629,2
106.150734,13.526111,152.55113,162.08977,2
117.43504,69.81085,151.51721,170.16292,2
12.90827,123.03117,151.46254,55.97367,5
126.44591,4.704534,151.83643,179.88391,2
160.90695,78.69469,152.7045,138.80716,2
48.596558,147.8763,150.42537,160.08632,2
58.128265,133.39397,151.57663,69.84602,5
133.45906,2.5738041,151.68898,167.17075,2
61.850307,104.396835,151.86511,68.73722,2
102.530205,76.82618,151.84868,166.68628,2
127.62264,104.24448,152.98584,90.26045,2
108.91,98.31026,151.91992,52.904335,2
11.78355,72.11667,151.19826,100.76764,5
78.740555,102.294266,151.58414,169.08974,2
49.655968,130.01228,150.83429,178.71404,2
22.693993,30.5849,152.78772,142.33595,5
71.55218,9.527968,152.27429,202.56734,2
72.24551,52.4799,151.06403,203.17938,2
125.53642,128.55798,152.87712,172.83643,2
3.2775784,23.352213,150.90215,112.44454,2
114.65573,54.06368,151.66486,143.57585,5
35.4321,52.840202,151.47263,75.4249,2
40.121475,2.857174,151.54538,195.31485,2
108.42849,129.89401,152.4087,169.97623,2
156.34297,81.63263,153.04947,185.40907,2
171.84526,123.51688,154.26344,164.92574,2
84.42303,146.27455,151.84657,221.57016,2
42.693306,53.19205,151.41547,182.2222,2
62.313107,99.78589,153.59195,108.25571,5
58.46724,67.87874,152.07817,114.78941,2
30.959627,127.53144,150.92336,190.06604,2
110.24614,97.515526,151.87364,151.16159,2
164.68556,1.3496488,152.22098,75.47934,5
7.9194765,41.725784,151.31548,101.063255,2
29.236143,29.760633,150.78668,63.85579,5
44.638973,10.939081,151.4341,111.9287,2
155.2717,130.84161,153.98148,104.22437,2
0.38413203,93.1641,150.1773,184.99332,2
154.10077,68.508026,151.2182,180.1934,2
190.0296,23.701273,152.5126,159.03513,2
190.87721,76.971504,152.21863,50.819176,2
136.427,138.25713,153.11514,158.68237,2
33.460896,49.909584,151.28542,151.54115,2
192.69073,84.03033,153.32935,68.05492,5
144.59094,7.5201445,151.4646,161.74599,2
15.99496,69.269035,150.79976,185.08044,2
171.3842,50.241497,152.07918,63.817604,2
99.18617,17.110743,152.8208,82.98719,2
181.1739,140.41856,155.05133,180.00467,2
13.00951,65.66628,150.84013,28.133312,2
171.20892,40.241642,152.15146,159.43661,2
148.8636,22.977621,151.31769,115.33825,2
103.99555,127.04986,153.80602,75.754456,5
159.70763,55.07909,151.344,176.66325,2
146.41061,49.066452,151.54956,182.63963,2
187.13562,100.97492,153.3989,93.72433,2
97.62368,44.623737,151.94328,116.28547,2
182.06172,69.58615,152.84317,89.302246,5
35.316917,42.854416,151.20947,176.87987,2
12.200525,144.53418,153.23872,91.60157,5
32.333755,48.835194,153.15604,127.31026,5
95.358,57.368587,152.36763,76.82612,5
137.3391,18.151047,152.24995,124.07139,5
141.74693,77.96095,153.0345,97.741974,5
95.88445,103.53705,151.46979,193.87471,2
48.68892,120.72804,152.80118,125.42431,5
57.24135,145.15959,150.51062,181.95602,2
113.66084,121.29833,153.34236,103.65694,5
115.45275,123.10693,153.10991,54.085777,5
149.9346,97.83219,153.8379,94.400276,2
41.989647,27.04423,150.00134,63.235825,5
3.4593022,6.0706697,148.77045,193.60037,2
190.16235,135.21933,155.08614,220.6525,2
172.25557,128.77275,154.40118,183.71526,2
58.786804,49.559258,151.14508,150.87234,2
120.64973,45.8543,151.97379,173.37587,2
68.725266,67.92364,151.9815,152.58266,2
88.44276,66.10467,151.83928,179.58945,2
48.64798,16.925318,151.08794,160.92877,2
0.31429398,22.1284,151.88881,80.08747,5
135.0903,106.33402,154.2784,107.23965,5
151.12715,7.492855,151.89563,35.853355,5
109.14486,17.778915,152.59915,97.56829,2
71.42569,58.015892,153.2627,90.20299,5
155.47716,31.19991,152.39014,96.61647,5
172.39351,69.2208,152.21312,101.24094,5
119.25462,25.098494,153.61232,113.345825,5
167.33414,39.17756,152.75424,47.68354,5
47.554256,141.0808,151.12192,95.42904,5
103.88264,38.559677,152.74593,180.6332,2
54.60304,82.57713,152.02643,185.2602,2
86.84608,29.83727,152.72334,148.25348,2
112.79867,85.34416,152.82526,91.70269,5
96.78793,44.91473,152.18745,65.993904,5
197.70169,19.584673,152.78041,124.05385,2
25.702267,48.31459,152.32347,51.31774,5
30.562906,10.230254,150.4697,164.20973,2
147.7018,83.32141,153.24391,211.03343,2
163.43672,149.78568,154.49356,90.45669,2
155.0887,51.58681,153.26852,90.344666,5
32.80837,131.65668,150.86763,51.665493,2
85.540436,69.232346,151.96523,167.37401,2
121.663055,49.4327,151.57883,177.98961,2
47.361145,112.302055,151.45732,200.43268,2
38.937084,135.34587,150.65968,188.64001,2
42.377953,58.93813,151.51686,88.03145,2
6.8543196,100.01952,150.3432,162.66951,2
162.37767,34.218014,151.67287,169.45872,2
5.9401927,85.19955,151.37958,90.22616,5
19.316982,1.3747942,151.05122,71.926346,5
128.77568,18.973362,151.759,211.78809,2
92.325615,73.38607,151.83395,191.31436,2
55.331673,57.33556,152.79338,97.11461,5
177.23834,107.95999,153.69212,196.0927,2
17.322151,120.40321,150.81166,158.84639,2
97.29575,26.266338,152.92139,179.23683,2
93.58621,59.290176,151.0683,4.8103976,2
100.00796,114.367,152.95973,68.04855,5
191.49641,127.24505,154.78056,182.89397,2
166.59082,93.27787,154.44351,76.38433,5
92.9014,76.719864,151.83792,67.620735,2
151.15485,97.987305,153.73367,171.31169,2
52.961746,6.4904213,153.48166,79.83215,5
153.2659,12.19687,151.40332,180.67377,2
4.366835,132.83267,153.06282,57.281498,5
51.233776,141.68674,150.50786,220.59073,2
43.051785,56.670685,151.44574,207.77965,2
176.45567,6.066987,151.65038,192.49174,2
30.609299,129.26764,150.8719,187.66275,2
123.22789,122.915665,153.16585,102.36985,5
139.14249,124.42618,154.10568,86.68336,5
155.72235,55.47701,151.74881,120.8703,5
133.70738,132.08403,153.1299,197.31746,2
123.27894,122.956276,153.08414,117.10101,5
8.19546,69.74749,150.57838,176.32465,2
14.681452,19.481361,150.70815,116.31066,5
46.611877,47.47364,151.33507,126.56058,2
119.20266,117.251854,153.53294,92.13154,5
32.679504,35.697933,150.86127,180.28062,2
36.54947,129.59947,150.84526,154.76852,2
25.420685,120.4573,152.22118,61.835247,5
121.365486,95.604576,152.55666,190.39322,2
102.805435,131.74567,152.25812,196.00337,2
56.57885,24.432116,151.00726,123.22038,2
135.81015,108.820274,155.22838,119.72714,5
5.903186,40.32638,152.01518,89.76536,5
149.16832,119.78128,153.7709,194.87148,2
184.79063,72.60135,151.59717,164.04254,2
160.29176,115.879776,154.00095,188.32024,2
67.78056,0.42363045,152.25551,170.60255,2
157.19267,63.47218,150.77774,164.24428,2
179.84337,46.421597,153.11008,105.61443,5
140.72417,86.50633,153.33025,154.28432,2
37.738598,143.31158,150.605,168.49706,2
107.41794,1.2119645,152.1297,172.56183,2
16.779385,40.465176,151.7943,119.50247,5
30.14667,109.54064,151.01472,165.45244,2
14.285548,45.514225,151.2412,166.20744,2
146.8905,104.90852,153.91624,123.53253,2
62.348095,129.02635,151.429,111.91483,5
193.75446,25.24776,153.66006,42.308704,5
29.227476,104.67584,151.13115,110.88785,2
33.854237,72.42761,151.42699,182.73888,2
15.340852,10.84725,149.15912,180.85489,2
193.24638,2.9673085,151.84567,217.09106,2
172.55586,62.10963,150.94867,91.10162,2
130.48688,63.417973,150.63612,155.06111,2
157.13449,116.29081,153.85722,125.69632,2
16.1355,128.1957,151.04222,163.64088,2
15.440944,0.27093843,149.9059,204.84856,2
40.5906,98.07417,151.64217,149.30531,2
86.7335,144.33087,151.95496,176.59875,2
159.87265,52.405285,151.55765,181.35083,2
198.4199,50.166607,152.79175,191.99535,2
71.50773,32.512688,151.51343,75.59554,2
83.510185,3.9703288,152.33604,153.8356,2
123.92837,80.89489,152.46686,133.28708,2
17.76341,71.30654,150.85231,189.67639,2
1.5322375,49.61984,150.77411,159.92723,2
20.518164,140.79204,151.13483,169.16968,2
104.78518,125.09507,152.14258,152.90152,2
158.61319,11.444966,151.46109,84.46852,2
142.71353,50.772934,151.4249,189.62189,2
156.70534,63.1826,151.53944,106.368095,5
93.99531,73.38955,151.7601,192.28209,2
106.01919,33.12785,153.4828,71.8053,5
74.291916,55.929848,151.45312,81.977,2
0.9755321,129.77675,152.97147,82.38416,5
193.59651,113.453766,154.06714,62.83547,2
17.561703,3.8683443,151.59747,117.69274,5
6.4989314,72.57746,152.10783,92.51147,5
185.74939,142.7568,155.32959,157.21443,2
191.68584,2.4512503,151.8033,143.88026,2
49.704025,91.2696,151.971,218.87074,2
33.357243,145.99416,150.72003,130.54733,2
63.504883,32.926167,150.50961,196.98615,2
112.89006,32.209385,152.59193,178.65678,2
96.917435,70.7745,152.01324,57.395348,2
59.226093,26.102926,151.07677,51.44221,2
166.8092,50.70135,151.98639,43.122948,2
189.90195,58.410194,151.70914,201.58286,2
198.79626,54.37892,152.33221,205.32896,2
163.05783,26.218397,151.56897,195.83488,2
185.47209,64.15888,151.02917,141.79768,2
29.634022,74.9137,151.24393,177.0869,2
28.155167,81.004456,151.18071,197.8203,2
86.430916,74.11079,151.84029,175.9501,2
123.66348,84.48152,152.59435,179.55444,2
83.46896,87.75944,151.6669,180.2445,2
43.72364,77.899376,151.80518,139.00813,2
78.923386,29.985506,152.40125,156.50516,2
92.173195,74.85095,152.09325,110.236565,2
108.255295,25.97627,152.74446,177.63246,2
150.3497,46.877625,151.59085,171.40158,2
114.67339,80.23232,152.11784,134.62065,2
83.147354,26.018692,152.66196,159.58945,2
153.36116,43.95406,151.66211,200.09782,2
152.50348,4.1081285,152.83817,65.78334,5
193.70187,133.67593,155.39418,107.871,5
176.94131,99.8628,153.45421,173.5758,2
19.204515,56.493774,151.11836,177.02444,2
128.93625,84.091995,152.8475,194.74742,2
7.581707,97.21313,150.27202,171.05319,2
42.764816,105.68066,151.56596,203.07693,2
196.38255,128.39998,154.8536,177.51251,2
193.40207,25.322231,152.64395,165.94196,2
188.04285,71.8235,151.44452,169.74043,2
37.756767,39.214275,150.87729,156.07231,2
55.77427,140.57146,150.60669,174.0517,2
76.31362,148.75981,151.36188,163.45374,2
111.460365,25.56875,152.85861,129.40622,5
165.86728,141.6244,156.24765,54.675163,5
164.68933,125.07021,154.19647,131.41219,2
85.22525,81.85914,151.69777,176.60168,2
0.31752762,19.779177,150.73903,106.38314,2
58.89302,20.046848,151.56598,68.923744,2
54.062588,29.778065,149.99385,196.79126,2
133.46286,44.28487,151.71544,184.46167,2
76.01189,127.966446,151.39566,133.85803,2
20.702053,11.194516,149.4674,166.46103,2
166.97794,23.048944,151.68558,70.62779,2
49.23504,147.93474,150.39758,184.18178,2
119.892975,144.65405,154.51633,110.07742,5
28.993122,20.489735,149.63228,88.46435,2
79.22172,128.43057,151.3986,184.30194,2
159.60068,39.225178,151.66052,167.44385,2
111.11213,130.92502,152.46773,95.96519,2
153.15843,16.553751,151.29597,183.1964,2
101.50666,22.540882,153.33118,110.07309,5
189.28772,98.62057,153.33905,164.4571,2
191.28053,5.508665,151.9694,111.49093,2
159.52603,104.503136,153.95563,123.35032,2
23.983711,74.40989,151.0248,124.80465,2
22.42133,37.739906,151.4323,70.80591,2
15.690764,46.388092,151.89305,95.48055,5
42.55662,10.917584,151.33563,92.41877,2
134.88594,91.18211,153.1998,185.6475,2
70.84265,97.493835,152.16876,78.5176,5
100.55926,1.154706,152.22342,182.0331,2
83.12664,22.885681,152.63708,186.91092,2
136.45644,11.81688,151.54549,203.78526,2
103.456245,47.120934,151.79964,162.9269,2
157.76662,68.682785,151.17485,119.920395,2
94.769485,76.43958,151.83461,192.44511,2
39.613186,70.0104,151.5928,174.507,2
141.03181,97.15887,154.77065,134.227,5
12.233655,71.01172,150.75867,134.80243,2
111.17973,17.226746,152.56511,116.87252,2
151.90791,39.41751,151.54031,182.47618,2
112.074265,110.4634,152.18863,116.80264,2
155.53209,121.12208,155.07205,41.1413,5
170.58972,19.154306,151.788,181.10619,2
101.3636,68.074066,151.59201,182.48369,2
136.6081,66.25623,151.80084,90.53345,5
189.87172,57.553196,153.50069,146.23383,5
197.00084,85.53338,153.50919,165.659,5
94.51591,127.45869,152.31522,112.56726,5
95.71774,105.72912,151.4819,165.13882,2
32.674168,61.706303,151.30849,104.058136,2
86.08537,2.881743,152.58601,71.74287,2
99.047554,80.8129,151.70502,150.05379,2
67.33416,8.254477,152.17471,86.49455,2
151.16785,19.949026,151.2795,197.38396,2
150.14893,77.61458,152.73483,59.922157,2
56.81805,51.353004,152.63301,110.91317,5
99.799255,97.59013,151.8172,63.56236,5
75.85825,38.073593,151.21606,159.59006,2
125.653725,92.05243,152.9098,94.877174,2
37.161358,17.96545,150.39769,114.954704,5
190.69095,24.705585,152.53185,181.82478,2
56.58117,24.041687,151.5796,60.35649,5
1.5870901,78.18232,151.1054,93.08824,5
42.267952,123.92943,151.0474,200.68819,2
149.19322,26.462873,151.3149,156.99355,2
91.55059,47.711353,151.15332,149.29674,2
168.00801,95.51766,153.47513,165.13957,2
37.186604,67.66466,151.72186,68.97562,2
53.84072,145.6338,150.70944,75.926994,2
122.10559,72.95782,153.54533,120.01312,5
10.59634,100.96642,150.48508,72.230545,2
46.37494,45.465385,152.50777,91.26919,5
51.886765,6.181564,151.80081,174.82025,2
171.36267,92.20179,153.31964,161.34259,2
43.37714,60.17944,151.56642,172.0077,2
49.711723,106.81493,151.67038,172.09026,2
130.25256,99.8197,153.11395,195.84615,2
47.504745,147.50534,150.3832,171.39023,2
157.4294,111.16529,153.9381,199.58467,2
113.82781,120.531204,152.42107,139.29736,2
24.364,128.31084,150.92056,211.68811,2
31.67885,94.77749,151.23071,159.83315,2
170.45892,21.302097,151.78043,163.18193,2
146.43092,131.28896,153.52231,167.80486,2
80.76723,147.7286,153.52573,132.17705,5
99.428024,34.53829,152.88889,199.38426,2
107.22718,113.221855,151.97113,183.98248,2
35.027954,73.17509,151.50336,199.48444,2
0.42356464,3.487902,149.92659,105.171005,5
73.55932,103.64147,151.59373,177.61327,2
173.76576,20.204206,151.8778,160.95216,2
80.841606,26.229872,152.5912,186.30408,2
21.930628,49.626457,151.19722,174.03635,2
23.547585,112.120186,150.832,183.20387,2
104.675095,71.46559,151.72948,83.62716,2
168.49585,76.741394,152.32516,196.81194,2
32.037624,87.67645,151.31491,133.6634,2
108.21884,34.702087,152.90065,102.816574,2
160.81732,48.311623,151.76851,167.6382,2
74.175446,13.453108,152.30356,193.60141,2
129.07207,138.0275,152.99368,154.29103,2
100.727066,14.004533,152.65526,170.83107,2
147.40439,1.8979607,151.59654,145.22147,2
138.2092,82.24342,154.06158,78.754456,5
121.48522,139.39442,152.83919,180.42757,2
124.12255,39.71802,153.6659,82.99988,5
178.09784,36.72508,154.10933,96.58691,5
158.39046,121.20526,155.1159,126.7225,5
89.41728,101.52109,151.50346,72.49232,2
151.01195,149.94621,153.56128,192.57526,2
168.66238,21.374723,151.74986,189.65675,2
196.716,124.89862,154.6738,166.88795,2
28.768414,10.444549,150.6993,74.86045,5
88.24682,41.88597,151.7642,171.7656,2
113.736496,75.87412,151.97435,172.64973,2
64.112045,39.075993,150.04398,180.82858,2
167.15025,72.388275,152.94862,104.530594,5
163.20515,99.56149,155.32178,148.02176,5
9.145689,128.86172,151.40456,58.389885,5
196.74483,52.753788,152.52953,216.16522,2
124.71694,141.49179,154.3582,116.86554,5
161.76859,137.85385,154.13997,181.45416,2
106.97687,22.686213,152.7252,163.85794,2
126.51928,69.457466,151.40475,172.8993,2
139.52101,104.80619,153.8057,121.54853,2
9.677151,3.9786649,150.52681,137.26233,5
145.34036,143.18489,153.33705,194.89084,2
120.37446,26.396152,152.28516,90.997345,2
38.085285,100.00818,152.93681,96.44091,5
60.779713,60.070454,151.87505,193.10936,2
116.25478,128.32553,152.66414,83.08659,2
136.99438,30.420618,151.55234,197.74164,2
57.171642,21.964542,152.83354,131.65419,5
97.186745,48.471012,151.29335,154.78104,2
59.046978,144.91396,150.58626,186.51917,2
161.74709,66.910255,150.95995,222.02777,2
87.43131,19.503744,153.26093,90.073456,5
90.49283,132.53145,153.55185,88.810646,5
56.404358,18.335144,152.80232,97.144455,5
115.66441,34.333553,152.4653,184.87871,2
96.3111,145.35675,152.39749,212.7561,2
74.58349,120.27105,152.47813,134.10016,5
107.962585,58.1646,151.95544,67.82981,5
3.4740956,58.84739,150.69966,105.92451,2
163.29709,59.344887,151.02985,149.51376,2
120.52888,37.525944,152.27087,157.65536,2
185.88933,49.78408,152.55179,193.77919,2
73.56846,129.36172,152.61987,73.05858,5
141.03534,71.06941,151.6522,79.2297,2
150.72194,22.466444,151.80061,142.49509,5
151.02759,21.34643,151.27922,163.08446,2
35.47574,50.064713,151.37338,31.870916,2
36.124462,3.0820875,152.08827,60.776344,5
7.443207,63.334854,150.67418,201.08603,2
158.01929,59.588245,150.93892,166.35661,2
8.123712,135.14873,152.05153,94.85971,5
79.53446,75.738716,153.73772,84.53963,5
175.95401,82.84998,152.80176,179.82455,2
97.01323,58.723877,151.09845,79.08809,2
118.45519,101.210106,152.43188,123.89187,2
64.12845,47.255886,150.71524,92.32215,2
57.659073,35.719448,149.90175,82.39245,2
72.23428,46.319534,151.15617,105.42781,5
109.04098,4.8208017,152.33234,44.98035,2
89.446556,70.89618,151.87231,194.29872,2
69.860985,118.8753,151.39134,182.73888,2
174.54414,123.35546,155.66988,51.818485,5
162.56583,62.07037,150.8606,163.34564,2
147.10686,71.62843,151.69934,171.93175,2
176.47406,23.83035,152.04904,184.3096,2
163.404,67.55232,150.99376,149.83838,2
113.88791,27.118252,153.1922,110.1452,5
106.14756,48.034996,151.74797,153.74995,2
90.98505,4.2393775,152.4097,181.9016,2
95.088356,18.591106,154.45769,99.602684,5
52.55519,82.77352,152.29167,75.73634,2
9.91635,105.477715,151.96906,87.18055,5
106.69835,92.382614,151.77872,100.98772,2
119.31443,72.36733,153.15897,80.09331,5
130.18808,126.88512,153.03252,177.38907,2
58.836716,119.06326,151.36177,179.05951,2
21.057028,1.8291017,150.6816,71.978615,2
143.85155,28.405529,151.90704,57.65016,5
142.43584,33.363953,152.78012,88.74742,5
132.10889,147.42154,153.01239,198.8436,2
135.5621,77.892654,152.63652,181.80688,2
162.54855,142.6289,154.43774,48.962914,2
82.8996,61.71811,151.97682,95.76351,2
12.035516,35.409714,151.27942,90.93817,2
21.565908,15.232801,150.35695,115.14914,5
109.40577,80.81153,151.98439,178.4947,2
158.92038,4.3940015,151.45378,169.97089,2
24.011818,42.268414,151.327,141.4307,2
42.336147,40.60883,150.77724,166.31026,2
189.42802,64.82977,151.08267,190.17984,2
179.32455,45.53736,154.19453,102.76931,5
177.09561,78.47983,153.81702,127.43644,5
155.57504,50.241497,151.66986,187.02367,2
136.17877,126.583336,154.91406,100.49813,5
147.6012,20.734905,151.29251,161.90222,2
137.70763,5.240434,151.57162,164.14615,2
123.270645,28.81756,152.10289,61.976254,2
118.56386,27.042757,152.2624,164.35301,2
198.5655,27.278524,152.74687,179.92802,2
163.28949,116.45832,153.9454,208.96661,2
58.87158,18.15062,152.49406,81.33524,5
6.698049,100.89611,150.2858,180.6586,2
85.41992,59.51123,151.44405,193.61188,2
50.25935,148.1213,150.3228,188.46393,2
96.48443,127.976944,151.98627,188.59822,2
154.82889,45.516396,151.61263,163.93123,2
147.94913,66.53643,150.93318,181.46793,2
42.55671,55.11555,151.41318,192.33978,2
50.213474,141.76259,152.30795,121.35107,5
128.71089,17.151358,151.76677,65.177536,2
79.02124,148.21141,151.53482,150.55638,2
118.33597,38.25505,152.48459,80.59587,2
84.59644,71.591484,151.91055,117.52073,2
50.07304,40.578835,150.29129,184.78877,2
151.30318,2.1900818,151.52907,120.77641,2
17.067425,71.280785,150.77968,47.59923,2
196.43716,40.644802,152.86902,177.43533,2
40.586006,44.989677,151.2369,180.26085,2
55.867165,47.256466,151.00848,135.78447,2
47.98886,59.283463,151.66325,185.91197,2
176.23895,29.453907,152.18423,71.16468,2
166.87477,93.782104,153.49016,197.42549,2
56.972412,103.58789,151.79726,151.14671,2
139.52379,128.84998,153.29318,196.21646,2
116.493164,141.20966,153.67702,85.477974,2
183.06085,140.52042,155.17622,86.65214,2
25.36077,19.792843,149.6046,174.67574,2
99.38188,68.693855,151.72055,182.67819,2
151.02467,68.18551,151.11111,104.97847,2
109.682205,91.24507,151.91115,191.14948,2
78.67896,139.89099,151.50441,58.009464,2
153.78557,52.02491,151.51038,141.11395,2
146.10497,79.85473,153.01181,162.84863,2
60.55711,43.497208,150.7848,50.840614,5
185.26643,102.3894,153.44804,188.0764,2
61.033123,30.096426,150.63953,196.86746,2
137.27367,122.04932,153.34465,75.148224,2
50.334675,76.56748,152.35094,52.609745,5
103.29481,147.54533,154.25253,79.35573,5
29.74021,32.277702,150.88539,44.864166,2
119.936195,103.42016,153.13406,130.86172,5
180.0312,144.52477,156.87724,66.255,5
182.59854,53.941822,152.46042,79.0253,5
140.51619,149.87408,153.25859,164.67403,2
82.41933,142.39653,152.44023,99.94719,5
190.45154,26.330776,152.61336,191.7829,2
40.500587,122.67989,151.14514,85.38921,2
140.62167,111.061935,153.52315,176.97122,2
109.96163,105.49468,153.30675,118.12657,5
117.1826,74.240875,151.97745,102.69206,2
158.29807,114.48478,153.96066,166.71469,2
99.138535,103.80891,151.5453,179.60432,2
62.59944,27.622066,151.18414,180.6395,2
27.349878,24.658142,150.00385,163.34846,2
28.194035,69.888306,151.18794,181.80058,2
26.000523,126.58985,150.90599,162.34439,2
121.07667,120.49506,154.23544,96.03176,5
47.594364,134.68762,150.78801,92.10491,2
120.251686,134.67044,152.92099,124.23726,2
90.24306,2.0838943,152.34079,93.6778,2
121.3963,28.452568,152.24777,168.24554,2
117.21016,48.86373,153.50145,103.74485,5
106.59382,128.19246,152.33696,81.78753,2
150.90382,36.84272,151.43423,181.06764,2
112.996994,28.966703,152.54713,142.6868,2
117.47716,108.54145,152.38893,189.35364,2
16.53363,86.92792,150.93962,153.14075,5
4.6365986,21.278557,151.85123,105.9861,5
87.99761,0.19885565,153.27881,121.81536,5
5.3873563,10.652905,149.35382,187.35161,2
3.301221,49.778522,150.99217,68.934006,2
40.41038,54.9981,152.97453,111.39022,5
121.62908,81.986176,152.42659,157.22382,2
76.15006,6.935055,152.32423,190.65103,2
111.39296,101.560104,152.03264,146.85217,2
58.2026,32.512337,150.0352,211.99916,2
93.60523,73.09652,151.8046,219.28221,2
167.56909,36.82493,151.93988,177.12134,2
115.49699,62.43758,150.72948,114.62083,2
157.85948,100.479454,153.69221,164.78949,2
2.735105,48.1498,150.88985,138.75313,2
68.06013,113.99507,151.53802,202.73471,2
153.12144,118.71968,153.82707,215.56017,2
103.12068,71.4865,151.82422,204.44252,2
139.41113,119.88632,153.48602,160.71915,2
124.76342,44.76006,152.10435,96.71083,2
61.057037,71.68533,152.18053,116.55588,2
154.45642,1.4057043,151.51309,167.3082,2
50.878086,61.011395,151.70284,155.37177,2
55.735764,63.31695,152.95721,91.41295,5
107.39986,74.4525,151.85329,166.11247,2
148.58797,22.312857,151.2174,182.54475,2
176.23201,49.22818,152.29263,162.63626,2
131.53096,145.34784,153.70908,92.70191,5
3.437185,0.09858231,149.09702,89.36292,5
84.28765,8.337243,152.52742,90.88057,2
48.49465,100.57653,152.03555,50.058952,2
92.587326,77.289024,151.74603,171.9561,2
97.68579,65.229706,151.5997,87.62694,2
93.75453,117.054115,152.2154,82.60879,5
172.89372,70.69967,151.41278,72.01588,2
174.9979,0.78527516,151.49837,174.48384,2
116.866104,74.489174,152.03342,225.21617,2
120.32376,50.967815,151.86911,74.19422,5
144.58954,15.799944,153.2331,121.13892,5
28.718897,57.99061,152.89777,85.80115,5
131.53424,101.52484,153.16666,189.76607,2
171.34615,1.6471965,151.53276,151.55762,2
185.4882,46.583656,152.69669,188.2672,2
165.39029,98.61082,153.58345,121.90216,2
76.048584,66.00393,152.0268,171.23257,2
109.420616,0.18475142,152.10023,150.38895,2
102.7681,122.96923,152.05966,205.32323,2
14.014926,144.28801,152.51218,102.96893,5
57.91626,65.24298,151.97357,73.34918,2
51.462547,46.309372,151.86748,82.175476,5
76.47146,31.718262,152.04053,168.05241,2
15.491188,57.108334,151.75826,108.448296,5
137.65172,54.318943,152.10591,95.297,5
131.17659,109.12656,154.47813,93.49125,5
15.524857,145.57841,151.38817,171.6908,2
53.206173,4.30442,152.62877,111.36922,5
18.761148,54.436615,151.17795,171.67632,2
78.77249,75.67659,151.92834,183.65854,2
165.39644,7.3456817,151.5029,179.17796,2
135.15494,7.337294,151.63925,193.26753,2
68.134834,102.55095,153.32217,115.04969,5
180.74065,16.96185,152.19301,72.26751,2
59.93299,141.3611,151.87698,105.6829,5
19.354065,46.109413,151.19028,174.27805,2
62.77729,137.29013,150.79005,179.01799,2
77.55009,87.9403,153.50597,70.709946,5
137.51587,131.62799,153.19922,181.7048,2
120.19025,5.965302,152.56854,129.02435,5
12.023653,9.91238,149.09283,187.04294,2
22.358194,79.534706,151.39282,39.090298,5
132.36497,64.94666,150.7759,180.78409,2
72.097855,0.92440575,152.20372,190.39792,2
3.949443,128.42184,151.03636,196.8402,2
32.221073,83.369774,151.27197,92.27831,2
3.4200356,105.25985,151.39896,85.57994,5
148.59515,21.48135,152.71262,53.556507,5
19.666391,77.082565,150.88998,65.771286,2
22.673609,16.069414,149.44772,158.3815,2
104.49528,103.0206,153.2032,59.44229,5
112.91907,122.19143,152.41776,98.11427,2
76.13475,7.6537,152.30647,175.05232,2
80.798775,26.664305,152.54483,149.36063,2
32.6237,127.10772,152.28336,66.73047,5
174.8029,34.89177,152.2881,102.51494,2
154.55923,3.2752812,152.52849,48.51738,5
109.53362,117.664215,153.97351,85.81062,5
50.839977,44.317684,150.76884,145.27794,2
20.474985,48.735504,151.25415,177.24187,2
176.94485,61.619926,151.10574,168.40273,2
24.433464,92.98428,150.82227,142.66777,2
48.98849,29.775812,149.53847,144.83496,2
48.121914,53.322365,151.61879,50.587227,2
70.87277,121.00577,151.35814,172.44223,2
39.89147,97.23098,152.55211,79.709435,5
109.431786,98.12332,151.97049,183.95949,2
167.84547,3.4972866,151.51245,173.7326,2
14.739443,0.43378887,149.80371,186.27696,2
36.48299,46.33594,151.26393,180.90242,2
134.46771,129.3849,154.48143,68.004974,5
132.45619,23.615381,151.69847,73.56906,2
118.55241,132.16049,152.66408,178.48242,2
170.06921,71.34429,151.41402,105.44601,2
11.718527,76.59878,150.74542,115.22886,2
24.489166,38.26069,151.2938,226.50667,2
125.75977,58.333076,151.38644,76.85324,5
57.20192,52.55105,151.79225,72.360695,5
98.16767,47.26675,151.59659,84.37297,2
138.01677,35.9383,151.55371,157.81041,2
113.18279,66.16089,151.16667,147.66449,2
44.065018,148.59834,150.76309,109.118774,5
12.191423,82.29422,151.3579,123.105156,5
0.43569875,129.42168,152.50323,100.40982,5
153.33083,48.439857,153.0465,52.4543,5
19.65135,148.52061,151.48882,104.64948,5
77.48763,82.57399,151.8272,170.50589,2
67.72664,103.924,151.69183,163.92738,2
44.742844,82.30414,151.89429,177.8732,2
109.49457,88.78412,152.25694,72.6778,5
14.145027,123.09918,151.33832,48.054935,5
188.51369,0.51217705,151.6411,172.12567,2
199.25201,16.556007,152.4525,175.28174,2
2.617334,103.43232,150.31477,183.17009,2
162.90683,117.11678,154.64992,51.408314,5
74.68016,124.561485,151.59476,76.93304,2
36.279903,114.25359,151.1857,197.09978,2
67.736305,32.63558,151.10358,81.89544,2
83.89724,43.599663,151.58116,127.57029,5
192.15346,11.62399,152.1509,181.05582,2
86.49259,77.47996,151.79042,64.45726,2
150.91647,79.901985,152.93257,213.53905,2
51.98265,91.734215,152.12679,64.21333,2
158.43102,46.141872,153.02977,72.36979,5
85.196846,110.136826,151.4456,174.99117,2
10.476931,124.48796,151.34555,77.77052,5
64.01379,99.04197,152.36028,52.298878,5
109.442474,23.602283,152.6847,146.95016,2
120.913956,144.50638,152.87831,168.95996,2
182.61781,111.90066,153.89914,208.39685,2
180.79169,132.94547,154.79877,185.4156,2
22.08207,54.516174,151.21024,187.1566,2
196.85822,72.97992,153.2489,92.5881,5
177.20486,144.49515,155.11043,159.60901,2
156.08524,87.50653,153.45174,171.47437,2
178.49889,83.31533,152.79375,160.88268,2
25.691933,23.155302,149.93912,171.28012,2
151.52957,100.11544,153.73192,166.1816,2
170.7845,0.40304327,151.45567,237.264,2
36.09035,145.92986,150.54823,113.4162,2
169.70044,102.07782,153.67809,189.44203,2
136.97792,44.259438,151.63072,120.30778,2
123.48767,70.01829,152.8985,92.124,5
79.58642,44.033558,150.76472,97.22724,2
164.81613,128.72757,154.19035,182.43521,2
76.03877,48.99241,150.63148,168.52191,2
82.21125,142.12514,153.06935,125.67266,5
19.155272,38.75861,151.30554,142.43657,2
5.7417693,109.227165,150.52286,140.79225,2
198.27126,121.52079,154.5139,170.19925,2
74.43548,111.8312,151.48929,136.78348,2
65.71836,82.99833,152.06863,155.18303,2
64.631165,99.313354,151.82928,167.78067,2
171.65636,55.13033,152.90854,45.538017,5
150.64719,75.12454,153.00072,91.71404,5
179.6129,109.04838,155.19391,96.85546,5
106.01054,112.59329,151.88356,215.31421,2
157.46211,146.71263,153.87074,160.76,2
87.28326,0.28866252,152.28008,181.3773,2
50.125927,44.766445,151.17216,59.56027,5
89.83267,149.75862,152.16516,95.536446,2
122.39259,135.69536,154.51431,77.29043,5
90.05076,57.0902,151.80638,87.70118,5
102.77202,51.825874,152.88,73.56265,5
130.0554,32.023846,151.80675,172.28444,2
51.794388,128.0402,150.94589,87.408676,2
147.04752,121.026405,153.71283,146.24101,2
148.6672,49.69229,151.66562,108.7178,2
92.23305,131.83308,152.03067,116.11716,2
73.89171,32.345173,151.79744,153.56227,2
139.6206,146.74545,153.26886,69.35136,2
3.9957817,82.34855,150.21208,176.73097,2
61.952885,81.96568,152.0096,190.93535,2
48.258575,138.82568,150.51562,189.23497,2
101.51231,106.36416,151.63445,164.22392,2
194.35638,122.158104,154.51141,202.71825,2
169.47012,4.944196,151.67043,101.452095,2
101.996925,52.80147,150.87502,159.40715,2
167.28229,80.14606,152.77211,110.64463,2
25.249739,40.16188,151.27287,190.88504,2
157.11673,40.523453,151.64917,175.10822,2
60.785255,134.0762,150.87625,78.328415,2
145.00977,32.082695,151.42665,85.46147,2
172.82999,61.332718,151.78827,112.41641,5
123.01209,77.00171,152.19743,181.45163,2
55.26822,18.860231,151.43391,163.95102,2
17.24254,139.48656,151.18332,165.60168,2
8.737352,48.17533,151.1118,206.53142,2
15.316002,26.083187,150.98137,172.13345,2
45.83443,80.70628,151.88574,194.87411,2
99.307465,122.67529,151.91754,193.59431,2
134.3002,57.4059,152.18108,74.991776,5
195.1823,96.71709,155.22841,115.84364,5
80.44445,112.70341,151.48149,175.8582,2
7.900112,95.76396,150.43349,48.5921,2
101.07584,44.184963,152.16219,199.96945,2
143.09828,126.22247,154.3683,88.76788,5
90.30459,99.32952,151.45549,218.24786,2
13.33484,7.0710344,150.51207,25.619755,5
184.8069,42.968227,152.66103,167.87064,2
120.247574,141.31097,152.82762,169.32002,2
25.336239,31.68378,151.16942,103.27916,2
159.16306,19.254707,152.42664,77.62436,5
44.440174,128.99408,150.85405,182.4828,2
77.588135,129.27187,152.6703,78.9047,5
93.69371,46.03857,151.42007,157.37738,2
91.6544,82.15547,151.59045,182.2331,2
169.4035,28.451822,152.30182,91.27462,5
128.13052,114.07296,153.62308,83.15551,5
64.29848,138.58525,150.85205,179.321,2
195.7296,36.23361,153.87482,94.81103,5
186.50453,27.854918,154.29788,84.109215,5
46.34123,70.9014,151.78851,106.350235,2
21.657911,128.06929,150.99205,164.79431,2
154.98624,5.498481,151.4158,174.8618,2
136.92693,45.21388,152.50581,88.14165,5
142.89528,98.69069,153.62378,171.11438,2
142.27261,82.23558,154.20596,41.126343,5
172.8483,98.65431,153.50409,203.31044,2
20.61688,126.51086,150.97507,180.25085,2
108.46145,128.32962,152.36,208.48184,2
178.27386,100.48636,153.41606,185.78886,2
132.9363,128.97986,153.5588,112.196846,5
179.60515,101.44618,153.48169,80.06592,2
169.33632,123.44842,155.73729,124.69183,5
125.54955,125.36536,152.86745,191.23212,2
107.14852,99.4962,151.7713,190.01999,2
4.5546083,131.93607,151.23901,228.85194,2
164.86029,108.199455,154.65878,71.15097,5
141.6931,17.451765,151.35692,55.7711,2
62.780922,45.31692,150.4666,219.36026,2
78.96023,66.57642,153.71907,97.204475,5
128.7697,116.50153,153.07387,211.28157,2
8.747795,142.72214,151.47311,163.50195,2
82.17399,71.632866,151.99475,68.34624,2
95.45467,71.29872,151.80972,119.02538,2
18.111477,12.140033,149.99115,37.648502,5
57.693794,29.940697,150.30525,202.77536,2
194.14377,101.71617,153.46129,175.65024,2
122.08302,92.45327,152.56497,73.82848,2
100.79699,38.769756,152.80756,88.60878,2
41.542397,131.40097,150.79645,79.05156,2
126.38598,66.01859,150.90251,148.069,2
159.42462,69.878685,151.3046,147.32858,2
91.09166,108.043816,151.99693,93.21935,5
175.95251,140.72905,154.94957,214.90175,2
116.87771,3.5827167,152.07947,200.50813,2
66.549644,53.07885,151.47708,97.184006,2
190.75826,19.986666,152.37642,209.6167,2
90.23555,87.42211,151.5898,206.1814,2
80.139275,132.40274,152.80373,89.99396,5
128.54594,5.290345,151.77652,158.97852,2
151.48508,67.4426,151.54326,73.16658,5
20.04545,53.02493,151.23283,130.39574,2
192.16841,127.4627,155.28107,106.33895,5
143.79056,111.23709,153.69788,195.8529,2
107.96798,127.69198,152.32858,184.31648,2
128.29012,94.81498,152.96204,181.38066,2
140.78874,82.80559,153.37717,125.07343,2
105.6215,35.843464,152.808,209.84236,2
87.59644,70.28507,151.91699,185.99704,2
166.83095,10.950514,151.5294,78.30052,2
185.35388,8.977765,151.95103,160.98122,2
13.154174,69.54541,150.70308,222.21123,2
0.6219339,14.44465,150.12401,119.50613,2
102.56939,17.091156,152.72311,184.85953,2
40.41495,11.07768,151.27388,115.459,2
59.76525,123.86701,151.1879,187.02724,2
84.05811,95.934845,151.49118,192.39536,2
87.20852,74.19025,151.8403,187.7389,2
2.9576309,44.267315,150.94873,112.5868,2
174.74515,125.785904,154.36418,168.7845,2
175.62312,121.43773,154.81871,78.40184,5
127.3916,85.43334,152.81429,162.01509,2
125.99841,4.8487496,151.85234,183.94528,2
176.70021,88.10867,153.14752,181.29483,2
66.030624,16.021072,152.04309,192.303,2
68.50592,130.10278,151.1485,149.84868,2
5.051653,130.45229,151.17223,175.29614,2
192.95888,32.328087,152.83199,65.729774,2
118.99824,107.16002,152.5156,171.2219,2
91.91405,20.508663,152.84305,186.53297,2
44.943546,86.599785,151.8722,64.08166,2
106.0303,118.68646,152.155,85.344765,2
164.17339,6.1474743,151.52625,164.43541,2
107.445496,145.37666,152.67223,226.97928,2
136.0141,79.345345,153.46793,102.014946,5
125.31762,101.74933,152.83688,203.53772,2
55.39622,81.9141,152.0737,170.11427,2
130.51714,94.62548,153.30089,81.643166,2
54.257675,99.054146,152.39388,135.21353,5
65.203316,6.19157,152.0933,196.24536,2
86.3038,3.850341,152.447,185.67784,2
173.54195,33.008575,152.11708,154.98735,2
88.171844,86.64832,151.59752,180.26262,2
123.42629,145.45706,152.88391,210.54437,2
31.064636,106.69945,151.27322,84.96991,2
133.75955,10.833637,151.6123,204.75679,2
149.10295,22.724419,151.55072,54.29189,2
59.482845,77.67509,152.03316,157.87747,2
17.929754,99.90895,150.53142,170.09322,2
124.403946,44.51615,151.97308,158.62352,2
187.82832,19.894495,152.37814,58.567654,2
4.6627226,71.79669,150.72833,53.51715,5
174.5813,141.27435,155.92622,63.850838,5
156.68198,43.40755,151.71776,204.68544,2
112.55773,6.650186,154.02168,50.581787,5
175.79378,2.0845857,151.53087,109.88724,2
84.774666,128.79863,151.7152,132.7214,2
35.226933,45.193153,151.29257,196.11208,2
64.08115,28.836504,151.15887,178.246,2
7.2280674,11.644814,149.45183,178.02493,2
79.45723,109.32739,151.4918,223.47018,2
89.11022,64.48486,151.74066,219.8175,2
184.59799,22.606205,152.30937,175.88756,2
133.27574,100.95889,153.26688,199.67902,2
19.055046,93.4089,150.62418,157.78877,2
100.758255,57.893867,152.36043,112.23192,5
169.31024,0.7182397,151.48656,128.69511,2
83.38553,42.180786,151.36288,169.97957,2
14.063099,101.34425,150.61325,80.29876,2
173.35248,126.75297,154.39401,169.81621,2
133.89226,146.74811,153.05182,164.32779,2
174.14005,107.56558,153.78665,116.50185,2
44.52836,0.21455374,151.74857,182.19666,2
170.63516,143.28293,154.69814,187.17816,2
10.191687,124.278015,150.9469,170.24153,2
127.00255,137.38571,152.98943,124.11161,2
139.04457,64.677986,150.75146,151.50119,2
6.4890537,36.17769,151.1198,168.74585,2
18.68115,110.6823,150.81808,107.13246,2
9.738467,130.75447,151.16835,188.89374,2
39.49149,46.401123,151.92233,126.85083,5
111.32792,2.3531697,152.24226,111.14399,2
101.86518,134.57341,152.43846,137.08145,2
98.14763,66.38486,153.06728,74.2414,5
21.717566,60.608963,151.12239,201.19417,2
139.79922,137.07722,153.24495,130.04109,2
37.11136,90.08643,152.27171,90.135445,5
31.566513,2.8298795,151.40396,122.767204,2
155.74602,49.276165,151.64278,166.33331,2
12.259573,60.27941,151.98576,101.45682,5
1.6358031,138.96872,151.4363,205.47012,2
145.99057,126.23362,154.64465,88.74701,5
28.233221,3.2061017,150.9652,151.54616,2
42.070763,119.635796,151.32957,128.96768,2
90.73247,48.310665,152.17987,83.25993,5
146.18196,122.96502,153.616,197.16656,2
196.01668,131.81679,155.3309,64.37617,5
76.994095,124.28139,151.42819,188.47728,2
55.729706,11.154195,151.76074,33.174175,2
114.13617,23.126162,152.56012,86.156,2
166.48814,143.59123,154.44609,49.047794,2
4.205335,93.42866,150.19994,152.70914,2
138.72781,146.39238,153.15114,63.48744,2
3.3709757,24.377192,150.88075,175.89793,2
142.04523,77.363304,152.66489,184.50131,2
40.6195,90.64745,151.68771,162.18698,2
97.24109,132.47186,153.59508,112.624306,5
136.14835,12.559677,153.16393,124.41332,5
50.837196,20.766287,150.91118,159.26364,2
10.761705,93.461685,150.32195,220.12167,2
183.19467,80.54631,152.50665,183.54553,2
198.62352,45.326233,152.97055,153.07755,2
23.529472,46.84421,151.24492,175.3638,2
111.61419,147.82065,152.84985,170.9419,2
36.38049,41.79965,151.4386,127.58646,5
71.35819,70.23571,152.01305,199.9663,2
85.435455,76.119156,151.83296,169.1581,2
161.87328,116.9722,154.44142,149.16823,5
184.1398,9.6357975,153.70776,127.8354,5
114.53587,118.357605,153.01402,86.6521,5
183.82423,71.67369,151.4041,91.12694,2
41.71121,27.520182,149.5447,201.85211,2
154.00658,2.1286173,151.46112,213.39323,2
85.95591,13.476949,152.63544,207.31874,2
87.225784,41.48151,151.79517,133.72328,2
23.947222,116.45017,150.87067,162.33255,2
181.971,67.57816,151.02226,199.20534,2
45.857178,10.319831,152.33498,108.07661,5
49.511303,15.852832,153.05818,82.12367,5
13.569932,27.45939,151.09888,211.37157,2
120.49874,99.96065,152.53151,171.13428,2
148.2504,110.4085,153.79018,125.95119,2
39.664074,18.036345,150.31993,159.35196,2
172.46687,36.11842,152.17487,202.93617,2
190.38348,47.46386,152.78795,98.02672,2
13.953839,24.477715,152.57376,63.129738,5
13.921087,12.122436,150.0861,77.47872,5
87.692024,51.181786,150.69102,156.12285,2
129.05675,21.953379,151.77353,190.00362,2
125.78796,17.886383,152.17528,71.96654,2
106.628685,34.783424,152.8544,76.22741,2
131.74141,27.934227,153.18512,41.70783,5
57.196285,123.61741,152.82564,86.88359,5
178.25462,26.324602,152.20125,76.814995,2
106.06814,123.33168,153.33156,123.4134,5
175.3831,141.71996,156.84898,101.76323,5
121.85828,22.408579,152.1649,158.73132,2
134.31999,128.14534,153.1847,71.733536,2
39.586155,21.3258,149.7967,170.20885,2
1.9800775,29.693998,150.91553,90.47533,2
190.96301,54.327175,152.28845,172.79324,2
33.835423,79.63073,151.75435,89.18282,5
166.69931,82.06174,152.92575,207.55786,2
67.751945,84.11126,152.6667,93.629395,5
124.90975,27.492064,151.9912,200.85324,2
85.645386,44.059685,151.2593,191.50533,2
151.07423,47.52469,151.57593,71.518005,2
31.532326,16.709368,149.80026,193.31746,2
195.3873,50.779278,152.655,207.46126,2
78.68703,75.53665,153.47679,99.82091,5
20.695875,85.85262,150.76598,178.35112,2
111.15936,45.57919,153.75775,73.99506,5
168.95874,92.91384,153.41643,163.76076,2
190.76161,110.675186,153.89006,155.19371,2
198.4551,88.53906,153.53717,124.58728,5
46.610332,34.28162,149.72304,165.65274,2
32.808178,138.67467,152.54216,91.434746,5
45.019962,73.7918,151.79666,81.33966,2
5.3711553,11.1391325,149.48279,204.03,2
87.14501,1.3930854,152.33768,202.7077,2
17.394325,96.305855,150.57045,178.88144,2
57.608192,20.426748,151.43907,155.11021,2
157.48755,120.51449,153.93759,162.76695,2
49.03915,79.5266,152.212,94.73664,2
141.99069,45.046295,152.20277,85.638855,5
84.528305,112.26237,151.42711,160.38939,2
88.47936,136.62155,151.8543,164.05571,2
24.858273,58.015717,151.1886,159.29057,2
72.6964,65.693756,151.9678,183.02097,2
194.66774,4.1818027,152.85934,46.07134,5
39.895504,44.959373,151.51486,61.845158,5
104.30728,29.381697,152.87825,92.77738,2
134.23485,131.3852,153.11856,209.49332,2
181.14671,69.30999,151.09573,174.61891,2
111.11733,120.046074,152.22528,202.70073,2
107.66964,106.33197,151.83252,218.51993,2
28.192915,105.1276,151.05467,155.03052,2
147.73193,84.927734,154.85564,74.32687,5
41.73433,110.02648,151.41354,110.729904,2
116.988464,130.00813,154.29529,72.90373,5
115.928116,94.62541,152.33476,86.90045,2
40.38797,132.08586,150.76239,178.95786,2
33.23007,41.46164,151.24419,154.08395,2
174.80559,149.62697,155.11221,176.77101,2
89.5161,54.833744,150.86069,176.21794,2
4.1767583,126.93695,151.0641,197.36417,2
11.375365,104.10505,150.42523,72.17266,2
7.989293,1.1912591,148.82759,205.29326,2
42.52782,73.873924,151.8043,48.71996,2
69.34353,96.83165,153.6085,127.49953,5
141.03247,47.860302,151.5593,166.28984,2
82.21056,72.985695,151.89584,229.69296,2
129.08943,149.897,152.9938,166.34303,2
0.9485261,100.71252,150.27962,225.64267,2
160.7353,9.063414,151.4142,178.81552,2
134.5118,77.318954,152.55513,77.85314,2
64.05806,71.25798,151.98154,182.10362,2
93.575424,61.802364,151.3685,174.00839,2
142.17441,101.642654,153.78381,86.254005,2
99.17613,124.804245,151.96707,204.77019,2
136.79713,93.14916,154.23744,92.18114,5
175.78102,102.133224,154.34773,93.59337,5
87.76704,70.992714,151.90591,191.23817,2
169.51556,33.814575,153.86238,67.468414,5
63.275284,145.35025,151.4575,116.25216,5
89.40101,97.082466,152.85815,85.97065,5
177.0829,61.310757,151.97342,92.72894,5
188.26675,148.27335,155.63736,194.2635,2
25.773054,47.26792,151.25763,108.04667,2
79.64673,111.5099,153.03857,61.107044,5
194.30067,54.810024,154.00798,55.576176,5
188.14078,147.5864,155.5825,175.34137,2
107.71624,59.505062,150.68256,154.11938,2
127.377335,136.65805,152.96446,168.52457,2
155.59229,63.156128,151.4984,86.096695,5
30.409794,142.35376,150.81938,178.69246,2
127.00159,0.40325087,153.31137,64.030235,5
46.5199,43.850254,151.04955,113.33408,2
50.127274,62.881577,152.11436,99.035675,5
186.90167,128.06386,154.84003,86.39887,2
102.91092,101.43496,151.65442,181.31633,2
91.918915,131.78064,152.01143,83.17052,2
143.84769,115.568085,153.65363,174.6506,2
85.87746,22.386763,152.7667,154.45062,2
131.73106,76.11177,152.37538,180.50641,2
32.71246,27.403898,151.33331,66.204895,5
163.95558,141.17352,154.24315,196.27715,2
197.5219,17.377579,152.38393,208.43004,2
165.71172,55.863003,151.40482,85.92885,2
162.46861,128.3095,154.113,78.582146,2
17.767698,129.223,152.03343,108.30665,5
171.91348,75.70898,153.91452,96.53729,5
193.70549,46.530983,153.21109,100.83455,5
189.18954,126.2784,154.67816,167.34702,2
170.60051,62.026684,151.05699,89.87124,2
20.59527,45.30266,152.4074,128.72992,5
93.148026,75.9935,151.805,163.18976,2
198.415,78.66344,154.28902,83.017365,5
26.143284,101.63025,150.99133,194.31903,2
169.94843,143.66605,154.65298,190.91116,2
124.72603,12.444185,151.87115,179.98213,2
79.72784,7.0107365,154.00969,99.03579,5
38.5025,117.49241,152.6328,109.19187,5
144.88861,45.85954,151.57625,162.71016,2
127.57329,43.81818,151.89432,92.98941,2
11.189858,53.453968,151.0437,184.09799,2
58.691948,33.918343,150.00967,179.74016,2
138.38159,75.807846,152.39777,167.26646,2
20.36679,73.65569,150.84857,212.06279,2
25.547998,46.596985,151.33675,193.60887,2
194.25226,3.6432824,153.77272,108.65692,5
61.250698,43.919052,150.3278,137.26045,2
146.05542,4.701141,151.47806,190.56746,2
179.85126,71.722595,151.61702,77.97622,5
73.90774,56.08244,151.52483,100.165855,2
97.64696,81.489334,151.64859,215.68108,2
131.49051,44.733475,151.72408,187.54057,2
42.98488,99.52917,151.64384,183.19135,2
147.20293,62.654625,150.66614,170.3713,2
75.73645,99.94198,153.16718,56.626896,5
35.440598,145.68303,150.86975,105.30821,2
187.60327,122.515564,154.46988,162.74461,2
112.44852,149.7365,153.07062,114.62887,2
26.776539,63.084213,151.24281,165.01326,2
36.039116,99.79215,153.22763,74.48554,5
20.176289,123.65449,152.54384,78.23653,5
179.64574,132.19922,154.75798,194.95515,2
21.358843,130.61746,151.02458,138.03818,2
9.94575,7.692724,148.88734,209.01334,2
20.476522,72.092476,150.96277,213.02425,2
56.320675,27.79144,152.14484,74.2089,5
108.154724,114.39882,152.02866,192.91995,2
2.9849112,146.45238,151.64803,223.78941,2
165.2291,28.498074,151.69734,202.30492,2
176.80827,63.203457,150.95091,182.18379,2
165.7184,25.738146,151.69449,173.58896,2
84.02743,146.17474,151.80801,181.54117,2
186.45589,4.180707,152.87148,71.59584,5
150.8696,105.84934,153.85788,169.1885,2
148.39594,69.31376,151.27704,181.34244,2
194.27817,119.74442,154.44563,77.21621,2
144.94138,98.69255,153.95085,73.19806,5
119.483025,26.778515,152.56787,102.7643,5
23.045792,103.726425,150.78326,202.56868,2
176.44931,145.73177,155.01407,181.71663,2
194.11769,21.371925,152.47707,176.88986,2
130.14671,143.9751,152.97955,136.8855,2
121.66449,23.75186,152.20416,94.61596,2
16.090656,147.66107,151.371,198.62509,2
11.447225,141.5146,153.17332,74.607124,5
128.75807,10.680392,151.81961,155.5487,2
70.96038,1.8899013,152.23785,151.82144,2
110.336296,88.77152,151.97266,84.81494,2
96.96737,118.6039,151.97655,96.05005,2
110.31804,4.794986,152.35068,115.754814,2
3.6750586,31.220055,152.01474,95.94606,5
190.90176,47.2658,152.75194,136.11055,2
166.33258,52.36338,152.44461,56.876617,5
38.605717,84.47791,151.63495,202.73506,2
143.61952,99.41585,153.63072,180.73944,2
146.05673,72.38214,151.81487,199.38927,2
83.67973,72.32408,153.3568,117.69452,5
93.463264,78.160446,152.30528,105.561935,5
19.074465,37.109554,151.26091,216.56142,2
90.55717,120.89536,153.40262,116.38217,5
116.85134,27.209703,152.41418,167.99242,2
103.94991,85.74852,151.72812,31.397806,2
39.608242,147.82663,152.20992,107.96487,5
34.868553,122.79251,151.0006,187.5717,2
128.70168,70.67792,151.80591,152.50217,5
75.81289,146.6941,151.3701,163.13515,2
38.610115,17.626938,150.2601,41.06907,2
94.612976,94.392395,151.47192,199.88754,2
65.288,111.3107,152.92368,80.955055,5
87.5269,0.73415226,152.30522,177.97456,2
36.324654,8.262576,151.1861,81.08168,2
83.72934,70.99041,151.91992,169.88641,2
30.461542,142.79767,150.83679,191.72935,2
132.93457,25.23377,151.68195,158.26414,2
198.98561,52.079365,154.00487,118.244774,5
127.49751,8.145153,151.77827,50.60737,2
194.52481,23.722574,152.52666,177.96788,2
63.679825,1.811828,152.1608,173.54286,2
115.59257,124.264084,153.38728,120.36927,5
127.20253,83.118355,152.67366,145.36644,2
85.93885,17.302399,152.77081,120.33493,2
66.23988,10.4381895,152.61307,29.320877,5
180.35275,113.88117,153.97083,144.26668,2
153.48416,50.53371,151.60281,146.32426,2
127.33856,48.10002,151.64651,175.6592,2
167.5188,143.40225,154.48512,189.03476,2
135.56041,122.81603,153.28168,163.92166,2
8.92984,21.710579,150.75963,181.90211,2
72.49977,23.93332,152.1364,151.5074,2
115.28691,127.566666,152.55293,174.96112,2
124.65563,39.435722,153.52063,107.15527,5
133.50256,66.28647,150.95595,174.4682,2
193.49786,147.56271,155.69038,164.95839,2
105.215866,145.58098,152.68027,208.6256,2
56.17973,25.937777,150.82646,100.62937,2
93.5882,101.770676,151.42561,160.92993,2
41.68516,98.49472,151.69583,85.86948,2
11.7548685,92.654976,150.30771,152.63823,2
7.12239,15.514516,151.65591,99.753654,5
103.497246,126.72806,154.0278,104.32084,5
68.95084,106.02688,153.12878,112.58314,5
141.70116,24.206352,152.36974,42.82181,5
52.16652,3.1209624,152.45407,83.87732,5
120.93482,65.09633,150.8537,54.244774,2
62.949924,12.86213,151.94844,157.65967,2
102.492035,108.61578,153.48872,114.10668,5
165.04944,137.74081,154.22118,145.60873,2
131.69923,144.76656,153.02075,215.64017,2
108.08522,140.99149,153.2379,108.854706,5
36.57693,60.886677,151.47023,218.83014,2
82.58127,25.146097,152.64471,163.50496,2
100.94849,131.83675,152.20372,181.67802,2
124.89406,33.68146,153.80054,118.14669,5
70.79231,131.2613,151.20844,77.49053,2
120.5561,44.772064,152.21132,67.62382,2
151.99774,53.60164,151.34836,209.86452,2
195.16153,81.64565,154.48207,142.28915,5
57.6132,128.83815,151.09932,65.17033,2
93.53532,146.89923,152.60172,78.55968,5
197.23227,105.64462,155.53123,65.82948,5
124.54881,59.71696,150.55836,152.90321,2
91.03051,71.65161,151.81056,219.86536,2
125.22359,71.75677,151.7443,194.69107,2
156.18132,23.377039,151.3672,81.1527,2
24.979654,108.14577,151.7235,119.13624,5
157.83835,52.86383,151.50993,174.86371,2
46.757446,98.25844,151.83197,77.527115,2
173.41405,107.443344,153.71101,197.4563,2
3.128701,94.53963,150.12721,215.23225,2
14.559775,127.7232,151.16998,88.53121,2
112.5173,118.48486,152.32323,168.4017,2
186.28737,79.40819,153.04076,152.3725,5
63.5484,57.085575,152.34406,77.546074,5
34.78124,94.403595,151.42947,195.22469,2
74.47738,105.324036,151.58136,190.30058,2
122.303894,1.4610538,151.9144,167.46692,2
155.32452,122.36733,153.89888,72.61115,2
33.587597,1.5954161,151.33849,215.69527,2
112.982605,42.760277,154.18935,91.993065,5
155.44388,32.63766,151.41806,99.32994,2
36.13199,47.94162,151.28035,166.9692,2
62.262665,97.762764,151.90823,179.5346,2
13.999871,2.9880304,149.89948,91.298645,5
137.51009,101.05607,153.34799,225.79707,2
90.0928,124.994965,151.71895,160.26387,2
62.295067,36.410618,151.44933,129.9324,5
108.21133,79.136475,153.22842,66.59008,5
61.84315,145.76376,150.67204,137.08769,2
198.56355,3.7806053,153.78867,81.27063,5
34.31425,56.50417,151.32707,188.06033,2
29.916636,4.760988,150.9999,190.17291,2
73.76711,58.031994,151.68178,173.40619,2
29.723967,2.8121154,151.15855,176.26277,2
91.58443,99.877815,151.4597,157.19142,2
85.307076,107.02389,151.44672,85.914734,2
183.57773,79.33552,152.43114,189.81268,2
164.21432,0.8685505,153.16176,120.86166,5
185.0522,21.278477,152.32997,205.7926,2
162.0201,50.081512,151.7912,169.32213,2
108.784515,17.18039,152.67761,34.495575,2
143.96455,125.843575,153.68172,106.12786,2
4.847251,99.5224,151.90596,107.078865,5
135.23022,126.95521,154.82982,87.871796,5
123.98675,119.84121,153.00922,109.31526,2
169.57831,93.20039,154.30392,110.7107,5
42.306274,129.07085,150.86555,200.18936,2
130.06058,97.9953,153.11967,106.02417,2
116.214325,13.792853,152.23488,191.34286,2
51.064976,47.698135,151.18413,95.28241,2
37.47084,37.25356,150.6716,163.0397,2
41.25184,146.74277,150.56839,93.95882,2
148.83177,98.73777,153.71013,197.07811,2
92.91981,29.276567,152.98709,178.20767,2
162.95506,3.8051908,153.2963,74.89204,5
82.51245,83.46701,151.72122,167.57394,2
103.93922,144.47725,152.61192,170.75293,2
58.18473,134.27219,150.79971,183.46513,2
55.008427,76.541084,151.9559,200.50105,2
3.4892533,102.22051,151.07059,143.32574,5
29.582308,81.34352,151.23936,213.40166,2
122.95548,79.58339,152.69061,114.02857,5
190.35558,147.48381,155.61864,178.19556,2
16.072754,29.621778,151.14125,146.92361,2
164.92938,147.95134,154.42001,203.02348,2
76.58321,94.140434,151.65947,167.94197,2
57.239113,41.274647,150.08878,163.27979,2
99.82189,121.410095,151.90614,149.9444,2
0.8374679,17.329762,150.4337,92.32927,2
90.939186,51.426483,152.28676,68.546906,5
80.83079,147.73041,151.62097,196.95673,2
161.63965,6.508515,153.12953,105.097176,5
141.47769,56.63493,150.90337,192.08292,2
99.59626,77.72519,151.8101,219.67343,2
29.410408,122.09599,150.96136,67.26921,2
88.32163,76.57792,151.84459,145.67583,2
63.76497,115.80796,151.40933,190.30954,2
31.359777,76.08372,152.66689,132.06146,5
120.716354,43.897175,152.11972,176.73851,2
37.974113,118.32629,152.00388,107.376434,5
84.52444,102.43852,152.91064,67.72723,5
86.07268,119.31223,151.61633,54.141434,2
64.464226,142.17162,150.75615,192.88298,2
172.8921,37.608833,152.14728,152.2316,2
8.978589,74.636116,150.49205,161.75412,2
22.18771,137.64108,151.0498,157.59789,2
88.12164,0.3364139,153.50537,133.24075,5
129.88737,135.57991,154.62633,106.4868,5
73.81282,126.19207,151.3182,158.01683,2
36.12956,108.794586,153.15433,127.90032,5
90.18938,146.75795,152.13109,193.8903,2
18.619184,56.54315,151.1218,168.63145,2
30.110239,44.35063,151.29333,144.4605,2
180.60773,33.318638,153.63382,95.40236,5
30.989952,128.74718,151.07503,94.8576,2
75.24766,121.18692,151.39688,197.18405,2
114.77146,124.80686,152.48706,183.76646,2
98.344765,35.492264,152.84221,175.23251,2
145.262,49.82696,151.50038,233.10568,2
183.30058,80.4703,152.53716,86.713066,2
176.90894,59.50983,151.34642,192.2904,2
196.31212,58.077938,151.90062,224.73271,2
136.24991,147.55968,153.10197,201.92416,2
126.816246,143.03018,152.91948,157.38727,2
42.707985,41.44801,150.87971,205.31287,2
198.89157,93.46993,153.36855,199.64494,2
129.82602,103.73855,153.05556,181.17305,2
99.41386,124.08583,153.50887,95.22989,5
193.94064,81.59814,152.68584,181.14987,2
49.319862,31.09051,149.55223,164.84549,2
171.93576,12.840241,153.36668,48.10788,5
88.236336,27.235453,153.79117,69.49936,5
69.80929,31.767826,151.37204,193.26813,2
186.7087,135.68024,156.81157,93.09636,5
66.15606,102.18156,151.80365,170.49957,2
99.63633,90.532845,152.9886,70.47302,5
73.394356,52.084904,152.44344,75.09771,5
34.76533,8.67213,150.9559,213.89023,2
133.16586,24.56113,151.60774,162.24704,2
150.81473,27.913036,153.03107,106.03718,5
130.71844,49.00899,153.24701,116.13268,5
127.86667,18.874975,153.4854,112.363495,5
185.35,69.508575,151.18211,209.89146,2
32.376244,39.639664,151.16833,163.49638,2
196.08229,24.379223,153.97672,81.74844,5
38.543396,95.779015,151.5407,182.03944,2
136.72064,136.3111,154.04762,59.02201,5
23.001474,69.97143,152.6495,93.52172,5
133.20236,94.47932,153.18103,185.5471,2
138.33018,149.18762,153.20767,46.161808,2
153.2826,56.073586,151.18114,153.47023,2
122.217026,0.07479574,151.96593,203.0395,2
10.727752,6.433984,148.87593,187.15793,2
94.767525,47.59479,151.30144,176.68182,2
137.08841,50.037586,151.47147,111.856995,2
116.24705,35.08987,152.48305,115.24356,2
6.99347,113.43384,150.60503,206.44672,2
52.400166,110.34064,151.59062,224.11433,2
129.2621,126.67048,154.85191,64.52053,5
178.1003,68.994125,151.12683,150.70412,2
28.958326,138.9528,150.86734,186.37506,2
21.779898,63.006138,151.59814,107.006516,5
137.15126,63.64768,152.24736,68.910576,5
49.687244,51.069946,151.8783,56.647717,5
194.7909,141.1307,155.48434,155.52318,2
31.079424,7.083486,150.91084,173.86865,2
88.44298,107.84331,151.43951,199.30843,2
116.19113,31.213083,152.3937,162.92932,2
190.55286,80.73515,152.58037,87.39059,2
189.0151,75.54381,153.44841,75.622734,5
191.28004,137.11493,155.35207,124.70744,2
65.43256,144.42278,152.16592,105.59692,5
88.44075,143.66614,152.00699,196.77338,2
92.505165,32.187862,153.00018,97.49317,2
101.79234,1.459021,152.87692,65.41364,5
181.7946,3.2645073,152.73187,73.67514,5
178.49754,3.861649,153.3579,119.45137,5
108.48019,130.6114,152.40273,168.2367,2
121.05187,127.06169,152.74567,230.36938,2
70.80311,24.901321,153.81238,50.361385,5
129.08965,14.8474655,151.73946,165.89288,2
82.69668,106.11556,151.45377,164.96692,2
21.399696,121.11278,150.88017,162.0333,2
17.321568,6.8379087,149.40099,190.34027,2
67.58809,120.909195,152.94891,106.266594,5
98.09581,136.73447,152.32426,192.27483,2
164.3061,61.99907,150.84308,192.6041,2
164.30801,107.86913,153.80931,190.97665,2
53.4941,28.62494,150.07152,204.81938,2
59.206028,11.001911,151.85599,122.2388,2
9.894341,78.10946,151.07379,50.859047,5
191.01404,28.900114,152.63315,82.039185,2
199.88342,134.23547,155.29779,77.13485,2
47.878124,110.74326,151.50282,101.82615,2
96.545525,52.5352,151.24951,120.40957,5
43.334343,15.024211,151.53145,76.0702,5
185.37175,94.18075,153.14778,175.93225,2
77.380066,48.084908,150.5821,204.05013,2
35.320213,104.81703,151.29279,174.90079,2
149.34149,40.912148,151.60165,115.91207,2
179.97652,34.875916,152.41068,75.41037,2
71.15149,147.96165,151.07251,188.75264,2
189.46187,63.30504,151.16,161.67917,2
148.49574,54.390423,152.51918,104.12483,5
54.833714,125.41701,151.05008,146.13916,2
117.883,99.517265,153.92462,93.06007,5
140.5573,18.03547,151.36322,167.6954,2
26.29315,125.1411,150.89612,77.33037,2
51.578987,43.766136,150.63974,187.83072,2
107.80649,42.85071,154.1031,59.32989,5
188.95381,116.85843,154.14172,197.34334,2
14.388908,102.352325,150.46318,182.30774,2
122.47499,93.13404,152.52527,189.27255,2
56.814476,148.00922,150.46848,175.28134,2
14.689609,116.63937,150.75375,187.06865,2
159.78426,16.89469,151.46658,105.50579,2
115.27394,134.68369,152.83879,80.757454,2
78.462845,75.59018,153.45633,89.55506,5
112.80747,70.0076,151.58304,167.77672,2
63.468685,52.297386,152.29602,75.0155,5
151.54686,37.763855,151.48946,194.73308,2
34.143578,88.58568,151.44034,152.3032,2
127.33554,97.98758,152.8939,104.66329,2
4.278235,142.31874,151.51941,142.49055,2
111.372955,5.6027465,152.20247,12.951965,2
74.10304,118.90541,151.61719,89.19568,2
148.61177,73.51001,152.64758,89.55607,5
194.7623,124.24599,155.62042,86.25467,5
69.042244,36.370068,150.68694,176.51527,2
108.10314,31.840654,152.73413,80.41965,2
16.290104,28.32414,151.78299,76.1621,5
152.94972,145.7534,153.78369,111.613205,2
103.399025,23.110298,152.80852,152.62837,2
77.90357,134.9044,151.39064,188.412,2
35.154423,20.292673,149.66154,53.407898,2
120.83804,148.78735,153.03845,106.098236,2
179.13179,118.06699,154.14111,149.36008,2
144.18517,76.14498,152.56914,162.34868,2
106.069305,7.4581723,152.92067,96.41107,5
110.49054,111.66992,153.79623,84.71235,5
82.66602,56.328743,151.19113,113.89957,2
162.02039,12.659466,151.41547,169.44507,2
84.13149,112.67818,151.67485,84.82226,2
173.45088,87.75238,153.1115,149.01521,2
153.31638,112.75473,154.0372,39.117554,2
27.811567,104.85274,150.95369,153.51366,2
123.826035,10.786707,152.05583,85.645,2
29.308939,48.223732,151.23811,167.90706,2
107.64444,21.961111,154.4332,105.32363,5
136.6085,147.28568,153.06978,171.32822,2
199.69632,123.90944,156.48643,108.417465,5
108.84858,82.786995,151.8989,181.82312,2
35.317245,61.182045,152.58649,78.622986,5
179.46057,38.032085,152.5216,82.61437,2
3.1582744,73.97836,150.44257,139.93642,2
49.278973,53.342705,151.56392,75.70017,2
191.11871,121.922386,154.4982,155.8784,2
121.834175,117.15713,153.44962,113.62786,5
25.65015,78.362,151.08293,144.27708,2
169.57788,119.03978,154.07657,77.96994,2
52.815002,108.788994,153.47655,96.89406,5
123.32126,114.39748,154.02875,108.8608,5
3.411438,147.3397,151.68823,169.69098,2
135.12482,111.795494,153.42001,176.1298,2
143.1706,146.32217,153.24153,173.07779,2
112.93852,3.342702,153.41931,91.66413,5
196.98857,105.5052,155.37169,102.145966,5
127.820854,137.31886,152.9167,82.643364,2
52.962296,121.34725,151.12161,156.5573,2
182.76506,122.189705,154.34888,197.75484,2
1.5899369,12.041251,150.25291,87.46906,5
158.20523,45.109776,151.7453,155.34729,2
159.50835,136.91107,153.97997,174.46423,2
184.62645,127.17777,154.59326,179.11633,2
158.63005,98.732864,153.7201,95.08045,2
80.67627,98.76091,151.73923,70.55707,2
122.06565,21.794146,153.83463,80.4325,5
20.856163,122.934006,151.1888,107.96195,5
190.81671,101.17717,153.35495,48.03418,2
94.32895,105.324265,152.58691,115.91977,5
16.98643,117.75881,152.42415,70.58809,5
88.6433,68.61315,151.89236,229.28235,2
37.889374,0.005495285,151.50063,203.37274,2
186.10602,57.36523,153.02242,135.31166,5
113.352036,82.92356,152.13971,185.21475,2
42.460743,67.39393,152.28719,89.63244,2
37.04355,34.365574,151.30193,130.78946,5
167.5897,144.61243,154.54358,188.70047,2
146.41988,88.772255,153.45186,194.45009,2
110.2016,118.30928,152.95793,92.78415,5
30.997168,3.599601,151.12373,172.3666,2
147.04924,118.55883,153.69658,211.99232,2
118.15282,18.650486,152.26497,213.88844,2
163.05598,93.74129,155.50583,78.32974,5
37.344578,73.199326,151.57005,180.01317,2
12.475634,77.315636,150.52138,86.238655,2
173.41936,2.03345,151.51204,87.96897,2
16.40615,16.3387,149.72484,166.74901,2
123.70406,3.4559498,153.47896,103.80888,5
62.7495,2.917896,152.50266,117.410835,5
136.28098,135.91498,153.18651,188.90376,2
79.48169,140.05154,151.57616,123.37178,2
185.63168,5.25821,151.84517,154.21042,2
185.04349,26.12415,152.44977,12.512365,2
125.70364,88.89353,152.75296,202.53288,2
94.37164,136.83633,152.27307,41.763313,2
8.302886,96.9251,152.03258,114.371216,5
162.43599,91.508995,153.99232,88.96994,5
189.53062,75.48745,151.99109,188.28839,2
8.010656,47.110806,151.11998,145.69618,2
75.49326,5.704565,152.32951,72.074394,2
22.236692,111.99513,150.8731,210.08023,2
148.87105,24.005354,151.94531,82.71295,5
175.04887,3.3919418,151.57278,180.56636,2
176.10252,49.34768,152.27138,167.78061,2
176.04996,148.35425,155.81822,107.69975,5
16.437067,71.09435,150.8059,200.57666,2
171.95126,120.72813,155.87064,70.26184,5
47.018208,147.04945,150.9578,90.42964,5
4.1540685,98.8876,150.2739,178.02927,2
88.76396,25.998316,152.88646,115.960945,2
151.50879,2.104966,151.55482,174.79192,2
41.873882,90.39109,151.76587,197.37932,2
98.00052,74.384026,151.835,117.94511,2
6.344453,112.94492,150.61002,84.6238,2
27.14189,125.66156,150.92429,67.29302,2
120.51619,46.595413,152.23297,104.62247,5
174.94771,122.95062,154.57564,123.122574,5
80.47242,104.39989,151.57254,89.51261,2
139.49312,149.03125,153.17905,73.462494,2
35.640297,87.7107,151.51334,197.28075,2
134.87483,25.486416,152.06265,139.83498,5
29.528875,120.00317,150.9551,172.40175,2
72.16551,47.80599,150.50615,200.15063,2
74.646454,125.66666,151.37898,161.48764,2
71.38204,124.47552,151.36626,173.71112,2
47.232502,82.68947,151.93047,225.45409,2
136.76678,70.519615,151.8917,92.9587,5
145.82735,32.63888,151.37895,203.33838,2
13.890673,61.327564,150.92754,199.67213,2
124.003815,74.97829,152.6124,70.4317,5
83.49251,103.47765,151.84073,70.864456,5
160.77998,89.17962,153.44536,154.08374,2
122.44689,118.92547,152.73462,206.96494,2
29.230095,25.299738,149.88681,184.91122,2
41.813072,71.44717,151.72324,92.87773,2
192.34819,17.075869,152.37697,89.85603,2
60.82023,15.08327,151.80368,177.7573,2
133.3961,121.13904,154.50984,84.51835,5
93.467674,74.2978,151.83112,177.2451,2
186.59224,14.71586,152.30544,32.22911,2
5.3177037,72.74863,150.41135,164.65678,2
0.40816233,98.99059,150.75563,89.065834,5
130.9392,25.377287,152.27356,98.757675,5
122.18535,49.38701,152.26279,86.40804,5
173.50595,4.1671057,152.67242,141.53488,5
87.70563,117.641014,153.22644,68.56246,5
15.220378,70.15884,150.73248,162.25464,2
42.81526,31.162483,149.6037,172.16681,2
179.16264,3.1345193,151.60854,157.06549,2
152.28,18.368677,151.27652,150.46414,2
17.067701,65.503944,150.90674,168.30579,2
30.7845,142.64003,151.05423,60.002277,2
42.37283,38.990883,150.61546,177.4538,2
121.73302,22.244583,152.11632,191.43893,2
146.96146,130.9024,153.56328,195.47223,2
53.24694,136.70993,150.61343,169.59949,2
86.0015,25.685492,152.95474,72.51801,2
49.874203,102.63352,151.80623,143.13339,2
127.421684,4.8677025,151.98201,81.55475,2
113.352844,22.06277,153.98462,47.68904,5
156.14311,96.506325,153.70618,174.64148,2
52.478508,84.88106,152.01903,175.40169,2
158.36395,50.030457,151.71675,85.17456,2
195.60277,118.76698,154.33897,183.0702,2
99.3762,28.55935,152.95207,191.97743,2
162.30898,52.392536,152.40244,84.06575,5
173.58945,19.60598,152.21674,68.769165,5
166.46387,0.71076226,151.51819,159.6089,2
21.838514,77.35942,150.91162,185.8792,2
146.77457,52.579697,151.3789,201.35457,2
55.92094,51.67956,151.3835,165.81543,2
23.262138,149.83618,151.21414,108.326324,2
7.355572,40.541344,151.39085,82.67146,2
21.340975,110.75179,150.80362,172.47789,2
157.9866,149.2343,153.96687,160.78847,2
122.37731,17.194183,152.07857,204.10513,2
175.07516,109.88209,153.7767,211.23605,2
34.743732,103.16059,151.3439,173.24014,2
199.10785,39.943233,154.50696,77.53798,5
38.68813,0.38800058,151.58403,182.93616,2
198.11264,76.558655,152.43895,82.24686,2
47.940475,89.88974,152.06664,121.46698,2
78.70226,90.06045,151.671,192.95616,2
5.12484,23.020346,150.85635,169.56558,2
130.88443,5.2072573,151.76396,77.13307,2
49.850136,95.47412,151.93849,126.67433,2
48.59016,25.396006,150.69606,116.78328,5
50.92067,88.14834,152.04147,192.81549,2
27.861088,146.64078,150.91911,218.95422,2
44.99115,38.95371,150.44037,179.31485,2
130.57436,12.204514,151.77429,157.54083,2
134.945,22.405722,152.2695,103.032936,5
153.00488,4.0126886,151.48569,158.5511,2
103.9446,100.96492,151.67833,200.22884,2
130.96342,16.916475,151.74274,103.95798,2
156.05847,120.47195,153.96495,196.48074,2
117.35215,56.260563,150.72926,181.73882,2
86.78466,26.153446,152.87936,174.73499,2
35.04015,36.410023,152.17926,82.14932,5
97.63765,122.47782,151.89447,202.75136,2
112.414154,35.60892,152.55887,80.09862,2
143.55643,143.82838,153.65747,68.26364,5
180.81851,12.932152,151.89786,151.58656,2
63.062164,90.92355,151.96225,213.82317,2
133.54585,19.373138,152.25906,72.00761,5
149.60098,1.2243267,151.55458,188.6674,2
72.68647,10.648532,152.30167,173.54929,2
101.0081,124.80234,151.97546,204.26826,2
131.07788,19.540363,152.09586,76.80333,5
80.66477,58.0747,152.95505,102.33206,5
158.19939,35.24592,151.57343,123.708466,2
173.571,105.00935,154.13412,86.30579,5
77.3284,52.680332,150.97151,167.82097,2
81.56877,109.67497,151.63249,46.274048,2
52.556873,75.090576,152.49971,97.354195,5
100.277565,78.35072,152.95415,65.31592,5
126.07798,51.702175,153.15053,92.62664,5
12.087708,24.610064,152.68459,105.11438,5
108.23294,74.93747,151.89128,200.84753,2
32.61964,64.73369,151.3612,149.2499,2
113.220955,104.34255,152.11168,137.20992,2
67.20099,37.709568,150.32307,147.01544,2
158.28731,54.8859,151.36865,190.48497,2
61.799267,73.0033,153.70451,128.84001,5
21.828608,130.76439,150.97853,168.11137,2
50.53897,121.12224,152.57024,75.5633,5
170.04347,51.2156,151.97363,174.00168,2
193.21786,125.658554,154.66997,177.01097,2
197.61554,67.21055,151.19751,214.62921,2
103.56626,146.382,152.62585,116.16252,2
147.31462,2.7197907,151.62703,63.164165,2
68.01393,47.98921,151.11136,130.07135,5
68.98676,40.81149,150.24646,120.80016,2
111.39254,66.00342,151.23561,152.39111,2
178.55531,68.40862,151.0472,209.29523,2
101.134026,72.9363,153.52034,61.901707,5
102.639366,9.069402,152.93135,63.494907,5
114.3752,126.73136,154.2768,72.449486,5
17.7631,12.655925,149.29391,201.82262,2
139.02304,85.87906,153.22244,194.25284,2
198.27882,120.13242,154.39261,182.2771,2
24.022337,48.38897,151.26717,216.76425,2
0.38363156,68.42547,150.67888,98.57843,2
8.799038,137.81366,151.31308,182.11276,2
104.05017,49.051445,152.89137,90.46946,5
193.03665,25.518356,152.58022,186.18736,2
80.069916,111.0766,152.00821,87.955986,5
70.34408,66.46577,153.43427,147.01515,5
20.61098,116.93018,150.81017,177.44363,2
131.11789,28.961954,151.74788,145.42328,2
46.47501,123.46144,152.7795,113.48937,5
32.512684,13.5639515,150.28159,195.71098,2
69.94058,112.22792,152.6402,80.07543,5
85.36554,55.005363,152.70593,123.5681,5
35.6663,75.40457,151.5145,148.39842,2
114.423134,123.78897,152.4218,138.85268,2
175.4935,38.36671,152.38744,200.17601,2
58.097004,106.90989,151.78111,96.64773,2
138.42882,10.980649,151.528,60.89253,2
51.227657,73.33375,151.91779,188.80095,2
174.45366,148.36436,155.76929,71.55117,5
63.79166,125.36718,151.17276,194.59409,2
105.56263,35.944065,152.76332,184.71266,2
71.48675,52.187767,152.26242,104.879395,5
58.32687,1.5427134,152.44962,110.34383,5
190.1341,2.9337332,152.16034,127.82481,5
139.88564,84.08213,153.71158,80.97469,5
14.972854,142.51266,151.30624,190.35323,2
143.92986,72.016335,152.19644,127.76256,5
87.41422,80.56715,151.7132,114.690674,2
115.98495,103.54261,152.29771,174.24731,2
39.23597,26.353462,149.48952,158.74324,2
125.41728,149.06784,152.9661,158.86465,2
15.160046,94.97816,150.49413,199.97015,2
14.306426,23.811405,151.27615,90.064125,5
138.8331,126.87949,155.08167,56.632923,5
137.17783,65.74421,150.84389,155.71126,2
97.890366,1.2837864,152.27425,193.97438,2
153.35294,46.37921,151.65295,164.04388,2
165.03413,106.30718,153.84685,165.0133,2
116.835754,122.48209,152.5551,188.13547,2
133.71208,147.18118,153.00407,210.4205,2
106.24421,31.424404,153.48769,104.774635,5
8.970523,133.00398,152.83397,98.46677,5
27.977808,90.539024,152.80135,111.755165,5
20.759356,98.155075,150.65128,194.41125,2
109.04871,101.5638,151.84956,188.16524,2
153.88145,149.75497,153.8533,113.60657,2
180.5861,76.32212,152.08478,152.98401,2
54.13495,66.89591,151.84839,169.4167,2
108.75251,103.11219,151.91696,156.77087,2
158.09721,16.183731,151.39911,182.56975,2
78.33056,93.4165,151.68546,207.7086,2
193.6482,130.36525,155.73747,83.220856,5
144.66524,30.951927,151.38478,189.31958,2
199.49594,101.85688,153.61833,179.33907,2
123.14372,108.42909,152.73225,203.12534,2
123.42007,40.868816,152.07817,164.07312,2
1.2462881,99.45308,150.23076,177.21019,2
2.5822048,52.33875,150.82065,208.60835,2
199.4138,4.5971465,152.19035,114.00215,2
76.15725,3.792284,154.00734,113.71112,5
145.40034,132.65695,153.38338,186.66957,2
90.48034,116.64888,151.68167,80.64514,2
23.78207,4.7480707,150.43346,185.2019,2
85.150475,80.21285,151.76894,167.71565,2
198.32333,109.61993,154.04546,57.03922,2
75.2129,142.8806,151.3349,202.95827,2
167.7141,29.28167,151.7906,106.02931,2
9.004359,146.51006,151.55379,142.58209,2
166.92065,55.255188,151.53839,169.37639,2
89.75714,58.099716,152.60771,94.3191,5
17.261395,96.14546,150.5637,197.14888,2
87.60952,16.739368,152.68427,187.75557,2
68.567986,71.2318,152.05782,198.91856,2
6.238462,100.02563,150.29904,189.69896,2
113.72605,119.47804,152.33226,114.3025,2
101.02168,137.66464,152.38838,215.10611,2
46.708767,95.224335,151.89624,88.40532,2
51.477516,3.8551857,153.39052,144.00162,5
98.241646,124.067955,151.87134,155.77242,2
52.50448,24.79205,152.48569,73.198746,5
175.93861,90.16493,153.9004,101.41416,5
90.84267,136.1561,153.15181,105.849304,5
174.42645,56.225925,151.64601,54.87181,2
94.73727,106.59073,151.78552,97.91885,2
79.9871,103.34555,152.31793,69.35111,5
38.047424,119.3596,151.1064,192.36873,2
48.23467,140.42819,150.50246,192.54092,2
44.22097,79.6033,151.90207,114.892426,2
27.536959,123.492165,152.37157,105.71977,5
114.933,5.863976,152.20055,137.76631,2
10.859774,63.14058,151.3606,83.67739,2
31.970358,46.62814,151.57617,57.99933,5
146.09741,137.52261,153.44724,188.2325,2
46.85176,105.13654,151.6222,166.39362,2
73.69364,0.7072243,152.30045,158.73238,2
24.807524,1.7933755,150.84459,57.258884,2
18.880156,43.439808,151.26176,195.34514,2
111.23356,127.77269,152.42415,166.61673,2
5.380413,30.11395,151.02174,191.37167,2
113.59196,139.37328,152.75179,179.34128,2
117.8628,128.3072,152.7393,58.51499,2
152.12169,52.96688,151.4013,78.43131,2
78.29587,31.692604,152.23636,167.02914,2
196.9547,99.8911,153.44894,168.75008,2
44.92973,24.227442,149.89781,145.1084,2
18.28337,72.29049,151.88692,92.22218,5
161.81277,0.5362973,153.19843,84.63735,5
148.94804,146.0431,153.4775,162.00763,2
27.308435,1.8434627,150.94353,166.3891,2
186.48332,112.43132,154.43074,84.28278,5
149.7367,140.6083,153.5214,179.59024,2
122.87491,27.42664,152.09352,213.24931,2
8.019104,4.5173755,149.25009,77.22745,5
172.08913,47.59362,152.22833,102.78814,2
64.46178,58.64604,151.90375,75.71821,2
117.609474,128.0489,152.64575,195.7157,2
49.450474,52.303753,151.4465,196.86203,2
48.525074,11.216109,151.51569,91.19374,2
150.1036,76.9918,152.5725,72.13224,2
116.41217,123.788185,152.51547,190.39554,2
108.721176,112.323524,152.99677,99.68213,5
157.49174,101.3182,153.77888,172.53618,2
69.869995,71.62408,152.04985,89.58219,2
37.40284,55.174168,152.67921,47.838093,5
173.83192,82.12724,154.1294,93.57448,5
94.04045,147.54684,152.32687,183.2132,2
28.423096,9.332892,151.56635,118.307274,5
81.3577,105.204445,151.52988,193.31003,2
143.99718,55.15154,151.08565,172.14177,2
59.15515,49.006687,151.05176,208.64906,2
105.52586,25.827435,152.80838,137.194,2
160.24243,48.247757,151.78159,177.62775,2
127.842834,69.934494,151.47638,163.33792,2
137.59558,110.85585,153.5629,155.10197,2
36.11435,126.906075,150.94893,178.75427,2
122.302155,120.10228,153.30959,108.42769,5
20.517677,149.24156,151.2719,204.22728,2
148.70268,28.316013,152.27591,89.7781,5
186.20258,79.01278,154.16446,109.389145,5
170.56511,1.3084646,152.35706,99.51068,5
151.40404,54.56393,151.23004,192.02617,2
198.35944,77.04053,152.34154,204.49466,2
130.01831,2.575743,151.78992,189.21095,2
177.16507,17.39802,151.9192,188.407,2
66.99603,79.21999,153.23395,94.33265,5
141.26509,89.76295,153.69205,104.516556,5
125.08226,103.45553,152.78636,200.36835,2
2.8078399,75.04585,150.97055,57.818214,5
160.8727,53.252583,151.56354,163.1511,2
131.99263,59.722424,150.59706,159.76627,2
149.15726,135.9043,155.32301,109.497375,5
147.86836,97.92766,153.71344,153.71762,2
152.02261,70.29406,152.1474,57.70307,5
90.97344,144.31406,152.18704,153.61224,2
2.7352514,91.32569,150.1795,205.7626,2
119.40132,82.70748,152.30952,174.09914,2
111.796616,115.101616,152.22061,175.46977,2
61.657272,50.170235,151.13982,162.8663,2
18.684568,51.136204,151.92612,76.98948,5
65.71455,52.852932,151.26474,184.55199,2
6.4648294,91.83666,150.19281,177.23584,2
41.834534,48.97555,152.83133,79.87703,5
198.09854,36.595314,152.93456,170.42278,2
172.55063,66.757195,152.6846,91.99033,5
171.1802,17.109697,151.75592,58.290672,2
37.24134,121.12407,151.06091,176.2617,2
46.00999,27.335476,151.01192,99.95494,5
126.57469,61.51311,150.55121,185.65642,2
21.25584,149.49747,151.29684,104.46744,2
150.35744,92.73305,153.72871,87.1576,2
139.0923,59.966755,151.15988,139.97456,5
152.3165,66.2748,150.92453,184.59096,2
180.58177,50.950005,152.30804,173.29579,2
65.80377,126.87632,153.10922,120.43983,5
5.3193817,80.60952,150.29205,179.57564,2
182.67816,106.55709,153.93907,113.85906,5
29.621616,10.140444,150.41296,189.92456,2
89.22528,72.45691,151.89291,181.66418,2
2.536389,100.50784,150.86995,77.12097,5
119.57253,76.106995,153.40614,107.49735,5
157.96579,97.53662,154.14162,8.614529,5
179.3984,87.370865,154.23927,52.118004,5
143.01747,121.14103,153.52971,184.86963,2
117.50659,66.560585,152.80179,95.433784,5
167.83788,65.45642,150.8097,168.25642,2
37.871944,20.120615,149.81241,201.83209,2
88.77635,26.82098,152.95123,71.50572,2
79.94643,110.19175,151.4693,198.48404,2
45.20485,2.201585,151.70793,198.40952,2
144.05879,128.56635,153.4971,205.0319,2
62.571453,48.19839,151.82344,89.350975,5
197.2233,90.947,153.1571,148.62451,2
21.027077,123.58824,150.90938,186.97089,2
9.261162,106.53507,150.45557,157.20053,2
167.5565,92.17587,153.45819,175.50984,2
107.06136,107.341965,151.89494,172.06274,2
99.12082,72.33344,151.80626,182.61809,2
66.73433,89.20262,151.98006,178.26323,2
64.05522,49.75785,151.0362,186.3109,2
170.45158,95.31895,153.48921,81.8787,2
39.622574,92.66174,151.73076,102.27374,2
133.09207,25.082794,151.59819,143.66237,2
37.79126,43.969925,151.19904,78.70747,2
152.67084,20.98364,151.30249,190.71855,2
15.419481,50.49508,151.20547,64.25033,2
180.55821,75.53474,153.68991,140.21678,5
137.8201,13.9464035,151.4889,196.27959,2
23.800312,101.634056,150.886,84.27846,2
129.95035,77.02055,152.44972,46.555153,2
129.42087,122.9137,153.06003,162.926,2
148.72498,21.916388,153.14655,45.851196,5
147.79665,127.255745,153.59607,153.36906,2
150.3656,131.02228,153.65436,66.794785,2
64.755264,102.47151,151.78542,183.663,2
61.11999,13.873168,151.92899,106.011024,2
63.82538,57.667313,151.77711,169.33432,2
179.72835,120.2125,155.15762,133.21474,5
188.00648,18.543402,152.25233,157.0653,2
155.6251,100.380516,153.77817,206.05576,2
174.35652,11.420767,151.74112,80.68834,2
180.5979,19.435043,152.09052,198.97777,2
97.80535,140.83873,152.59502,75.02669,2
53.82771,79.62887,152.03839,191.75575,2
0.6846263,140.57034,151.71033,59.707726,2
112.761086,9.697337,154.22142,62.55259,5
171.63127,124.70889,154.38437,145.70258,2
161.34535,143.37753,154.06924,66.53002,2
195.86922,5.583031,151.9898,189.6145,2
121.82305,92.581604,152.59073,64.440796,2
192.57794,120.87153,154.45842,234.18272,2
170.07536,57.698864,151.3171,145.06767,2
123.292145,103.62692,152.72717,164.45718,2
168.12639,113.747925,154.0428,64.64512,2
17.561893,37.701004,151.27121,190.22581,2
162.63187,11.8771305,151.43504,212.23651,2
140.90501,130.50664,153.36555,165.64174,2
101.234436,131.69586,152.45416,129.88898,2
16.729206,131.29347,151.03557,176.76604,2
153.55278,55.904255,151.24301,64.42705,2
18.41147,124.90653,150.96846,48.200752,2
118.32654,53.055004,151.11476,88.955986,2
110.76957,128.04393,152.4377,46.698452,2
44.922234,11.332668,151.40762,59.463562,2
121.508575,26.536184,152.26924,94.543465,2
3.3197715,103.08997,150.2769,182.60887,2
168.64862,123.25523,155.29468,119.51529,5
81.55196,103.33422,151.46606,191.23972,2
63.89533,5.5241356,152.00551,193.67192,2
43.516903,48.87594,153.0724,123.26459,5
128.5428,35.906036,151.80728,149.83675,2
92.99798,22.454039,153.46655,90.2303,5
21.26124,137.70103,151.12268,101.01879,2
145.42793,120.68259,153.60199,149.90993,2
121.873024,34.359375,152.21828,190.35127,2
157.29991,52.888145,151.61713,72.83847,2
13.071851,90.94235,150.43962,161.69193,2
152.61295,125.562416,153.87997,85.93748,2
64.03871,136.96489,150.92221,86.1977,2
199.47267,138.36095,155.35643,177.0144,2
155.54688,74.347115,152.2276,112.42598,2
191.5685,117.828835,156.04875,95.73786,5
84.09227,82.82103,151.69954,116.78131,2
126.2821,121.19711,152.89632,172.13693,2
191.12979,18.08775,152.34773,190.58104,2
198.37082,73.024895,151.84335,195.41928,2
12.739576,16.465792,149.89958,171.68353,2
95.632935,126.149254,151.89929,157.00185,2
14.103254,105.7088,152.27583,51.83255,5
18.15287,57.543335,152.56467,94.044136,5
41.639156,96.3568,151.67017,151.99304,2
154.78004,135.9178,155.38081,41.161655,5
121.2612,149.93634,152.93031,160.39087,2
4.2307763,15.121882,150.142,177.77892,2
85.60027,149.66187,151.94153,74.59139,2
151.42278,101.697426,153.81686,173.79239,2
132.75214,85.30297,153.02574,177.5645,2
112.19383,134.27374,152.5858,185.60066,2
140.97496,5.0833282,151.59883,140.32594,2
199.56558,67.51195,151.59587,98.10208,5
145.77081,94.05038,154.9844,96.04282,5
187.73212,41.37619,152.77475,144.92886,2
29.777102,53.59136,151.34824,61.303844,2
169.7254,120.82907,155.78178,87.03267,5
58.00767,149.42337,150.4716,148.44255,2
113.397575,89.739586,152.3007,71.30049,2
125.73398,140.47702,152.96034,170.72592,2
181.30093,6.626435,151.76935,189.21994,2
151.9786,61.78082,150.78313,184.62006,2
47.877445,106.885445,151.63351,193.12067,2
167.69234,56.35861,151.45085,188.28706,2
153.17004,69.22776,152.25638,119.9564,5
77.23599,148.28134,151.41188,185.7345,2
147.74948,17.594,151.31345,204.43188,2
189.72803,111.202805,153.91663,174.4399,2
161.6999,9.399613,151.36066,184.64732,2
75.68088,13.54996,152.81384,102.20914,5
8.884149,104.57978,150.4017,184.83379,2
88.93824,72.34767,151.85513,178.03426,2
147.51332,51.363537,152.76105,75.49243,5
128.69371,67.250175,151.0773,202.87521,2
47.990685,73.387505,152.67636,111.6571,5
103.44963,119.02475,151.91933,179.82707,2
163.27982,23.418581,151.53767,146.18501,2
122.095665,139.76804,152.89374,124.01954,2
133.0256,48.12274,152.3073,101.180214,5
20.197916,22.19476,150.2643,183.5226,2
39.540802,125.70437,151.05927,90.719795,2
70.2157,92.46016,151.87894,76.008484,2
86.100464,1.7892816,152.46559,108.023705,2
170.70052,21.3219,151.80061,202.36205,2
96.39165,71.498695,151.87698,42.614574,2
26.929605,38.827286,151.22472,196.26358,2
90.14565,86.02334,151.582,59.22306,2
86.983154,98.22491,151.4941,90.96586,2
84.9478,94.988754,151.62282,100.4339,2
70.311874,6.113196,152.98341,98.532364,5
104.28471,143.98715,152.61751,191.01868,2
146.41371,52.09343,151.3802,221.83716,2
149.58649,100.660965,153.78026,171.98393,2
165.18332,149.13788,154.42212,189.16978,2
18.633211,112.55374,150.74155,191.47516,2
175.32106,43.019794,152.34149,196.5766,2
186.74849,15.130083,152.83865,103.205,5
57.103127,100.88884,151.84102,112.428505,2
190.23529,1.425501,152.39456,68.67034,5
167.96536,65.85126,150.85985,168.30064,2
10.4932785,146.01329,151.46094,204.72545,2
161.5996,50.05775,151.9167,136.9931,2
110.64321,130.4809,153.04514,111.81272,5
97.11585,149.66116,152.50584,183.73215,2
57.291134,30.097845,150.86449,81.22327,5
154.85661,26.44831,151.27272,204.43765,2
38.797123,103.75112,151.5573,99.15545,2
182.66745,4.752695,151.76268,214.88235,2
69.392006,13.7154665,152.30981,39.37102,2
80.287544,99.88395,153.42403,80.90951,5
125.31884,127.49674,152.87561,144.9278,2
169.431,138.4422,154.50291,178.18364,2
56.856068,91.774506,152.00499,181.22507,2
28.82774,61.61121,151.4983,128.30576,2
87.78938,148.61539,152.4413,97.97341,5
32.457214,145.04407,152.37437,81.4772,5
102.59911,100.23178,152.6413,104.802704,5
110.34791,74.11882,151.85489,83.08895,2
99.02273,47.417034,151.55103,191.09222,2
31.301228,70.50062,151.71628,94.68931,5
46.043095,117.55991,151.26486,205.43951,2
184.95863,120.98073,156.02809,99.621254,5
98.53837,16.36769,152.74529,170.0922,2
77.279785,75.63035,153.57607,83.09963,5
73.137535,58.535744,152.22394,107.755806,5
116.68229,115.2994,152.41048,172.89592,2
20.56095,120.37531,152.05064,84.43762,5
108.280334,147.29597,153.93759,100.880554,5
108.736786,94.028725,151.85571,235.98582,2
39.780006,38.180023,150.80824,98.18065,2
21.473492,95.02321,150.73105,75.49931,2
152.47218,88.61664,153.7669,68.8667,2
75.75038,103.17284,151.60136,188.91583,2
105.17305,9.696003,154.2308,81.2428,5
62.276485,47.905975,150.81755,160.78952,2
134.06361,95.3193,153.24263,197.39789,2
22.496151,81.7465,152.7499,76.0321,5
69.739525,117.77679,151.42152,167.16177,2
95.50864,67.89922,151.83917,83.243614,2
85.26786,120.08912,151.5227,173.61755,2
105.29813,120.3016,153.20074,106.043396,5
146.81873,58.55776,150.83801,201.66005,2
19.149742,39.38883,151.31549,194.35309,2
77.85089,94.55478,151.95924,97.924164,5
89.047,82.3871,151.66533,183.08618,2
22.844387,106.52896,150.79982,174.14668,2
105.20916,12.239496,152.5076,201.5638,2
120.43899,9.7293625,152.06676,164.23546,2
18.110483,22.433552,150.9966,70.90908,5
3.0753922,30.51723,150.96127,170.61893,2
62.945656,23.85755,151.57347,195.89798,2
73.08786,80.19644,152.02803,89.745964,2
4.712437,97.88131,150.27782,171.17194,2
100.11567,71.65915,151.80588,210.45435,2
154.97893,120.57527,155.6786,99.16191,5
4.039178,23.003471,150.88225,200.56102,2
17.600122,50.266113,151.17569,166.44225,2
5.917717,74.80982,150.37868,169.86153,2
154.00214,128.36967,153.81247,231.25957,2
151.63109,38.237823,151.49399,96.46238,2
139.1004,3.6714742,153.42245,94.85041,5
55.139538,32.19753,149.87962,91.602325,2
184.42233,14.089913,152.06653,102.35224,2
195.83028,143.42647,155.52583,102.288185,2
106.20732,99.18763,152.7051,64.33571,5
76.87168,67.91972,152.0436,179.77034,2
198.43126,12.928909,154.08176,58.218582,5
76.5633,122.08431,151.43013,74.51275,2
12.6452,23.812548,150.84993,160.74911,2
84.07515,67.928696,152.16412,119.797485,2
44.42584,117.41302,152.67912,70.02673,5
93.929535,49.1564,152.2952,53.96826,5
186.94553,28.801983,152.5364,107.13166,2
2.9045377,149.59097,151.6927,223.73083,2
155.57343,39.16247,152.49284,97.671104,5
65.71904,127.61892,151.30643,102.87546,2
178.91911,80.40121,152.59814,109.33076,2
27.000774,130.72313,150.9916,91.00358,2
76.91741,35.16798,151.73595,188.1724,2
40.350407,131.07852,150.81973,72.19883,2
62.24618,77.93264,152.03926,162.21272,2
154.12744,20.498255,151.29845,175.7265,2
128.7823,46.690243,151.70418,193.75755,2
197.21297,86.4425,153.1228,94.99517,2
85.314766,122.42472,151.63692,215.69121,2
151.23286,98.63751,153.6821,204.5094,2
53.391804,50.329765,151.35953,87.35342,2
67.844215,123.33475,151.28769,176.92886,2
137.61813,30.592703,151.46478,193.58388,2
30.944174,17.981783,149.59772,183.19797,2
180.31487,4.8691926,151.67805,192.5618,2
106.4832,77.78828,151.90007,160.11502,2
36.60048,122.78068,150.96548,186.01256,2
137.96425,24.609324,153.09447,71.78335,5
189.37448,62.71594,151.17653,207.07104,2
182.32349,43.665604,152.60448,178.06349,2
52.099373,89.97105,152.3771,108.09131,5
46.819218,126.8021,150.95361,176.14342,2
71.921974,52.063995,152.54842,63.81135,5
57.6718,146.14835,150.51526,117.549515,2
142.12943,147.6208,154.98457,87.8173,5
26.857346,54.98477,152.79257,82.41272,5
165.53412,83.88447,153.1031,166.14037,2
22.256346,121.27448,150.91293,168.51686,2
83.62479,118.35516,151.55783,178.52039,2
159.20575,65.42475,150.9263,65.614624,2
100.20627,49.268566,151.35992,179.49739,2
42.16918,20.383429,150.19235,80.50612,2
191.58594,41.431583,152.788,223.80968,2
71.425476,19.775593,152.21117,165.52719,2
90.30595,81.943,151.59825,138.68834,2
64.876076,89.49215,151.96495,81.71799,2
47.52146,121.44676,151.15656,155.15637,2
40.735092,55.115356,152.85165,75.04936,5
56.96686,38.69116,149.86926,181.9863,2
179.61206,4.8961587,151.66808,191.63995,2
178.9368,24.79979,153.92787,96.29798,5
144.2061,25.532305,151.30916,174.51112,2
143.0122,91.38425,154.19603,67.89182,5
189.90555,43.634155,152.76091,183.58115,2
17.31802,124.76354,150.93651,173.74133,2
197.59337,130.04907,156.45734,44.180992,5
155.45459,33.321903,151.46281,176.33269,2
46.252747,75.573265,153.4626,48.82889,5
68.38853,44.38357,150.32126,47.166546,2
99.852005,135.656,152.3432,185.75266,2
105.26649,99.65847,153.44896,60.205685,5
155.73677,61.040005,150.84729,152.0357,2
152.95288,69.06282,151.2099,150.58525,2
19.1065,117.29173,151.91,64.77657,5
30.307384,138.56966,150.86877,186.50453,2
92.87842,77.12049,151.77925,116.03776,2
43.20377,28.913069,149.51701,185.27399,2
149.05978,18.133648,151.22609,196.9106,2
140.17096,130.43521,153.94087,101.44636,5
97.9377,148.20187,152.5196,169.06612,2
9.300442,130.70128,151.22893,118.249214,2
140.89964,0.6941766,153.3869,117.517784,5
69.64431,14.695517,152.18086,133.96854,2
70.08271,80.55882,151.95,183.0165,2
26.896471,69.19073,152.17984,79.32449,5
58.74038,143.76083,150.55658,169.20895,2
42.53662,123.9662,150.99312,173.4085,2
144.77779,67.537346,151.46896,70.345955,5
132.94765,41.90635,152.0332,70.40837,5
34.53151,35.689606,150.78072,164.14609,2
78.43934,119.35253,151.51036,172.65051,2
198.38562,48.119434,153.64551,75.01983,5
57.57576,148.05605,150.52246,200.43274,2
104.91249,13.708343,152.5818,140.9559,2
78.13838,144.0655,151.9109,60.673477,5
159.84929,121.90636,154.01212,202.91852,2
144.5337,58.717934,150.72003,159.46698,2
185.44691,53.287968,152.22401,67.65137,2
102.195404,121.39613,151.97621,152.82394,2
65.69443,79.4582,152.40929,91.21273,5
143.3654,22.64249,151.57951,66.69101,5
86.25367,39.474545,152.01346,179.74443,2
0.4517157,2.738339,148.39417,216.60216,2
48.214264,86.01452,151.89716,178.8089,2
139.07227,129.88892,155.05038,70.43786,5
109.665,53.106422,150.99753,169.48767,2
118.96876,29.139318,152.29872,185.58885,2
162.66145,97.984146,153.63602,130.79787,2
41.66859,142.95769,150.49898,88.958984,2
187.30736,15.541408,153.93642,78.53107,5
74.74744,50.28125,150.79544,38.953182,2
48.687363,114.5458,151.4418,148.9085,2
32.67314,116.33626,151.14572,89.891525,2
36.419506,123.75607,152.7601,90.6457,5
98.86056,78.99831,151.80528,237.31747,2
10.298267,146.73528,151.59045,159.57562,2
60.799953,122.22452,151.23854,33.550568,2
132.33484,110.256615,153.2163,107.51194,2
140.81967,27.885508,151.39276,171.14339,2
147.48296,57.34285,150.92741,187.84569,2
127.32918,65.22845,150.82416,178.71742,2
3.185876,105.13743,150.33856,174.3498,2
10.267382,72.73968,152.27892,90.130264,5
118.66986,78.746346,152.25237,166.08572,2
70.43669,50.4887,150.89478,34.539307,2
98.83054,21.660341,152.86061,155.47122,2
197.22551,18.283592,152.44618,175.29904,2
157.97073,148.48804,154.00331,142.85114,2
170.376,74.85341,151.925,136.12611,2
31.978462,13.908813,150.28647,97.52346,2
66.99685,102.45638,153.1962,77.96811,5
23.581089,96.90616,150.82103,174.56862,2
102.644295,100.215614,152.65674,106.525635,5
78.68691,118.48888,151.93126,121.87204,5
157.99202,102.82308,153.86052,164.24496,2
17.947836,66.28126,151.9411,101.096344,5
55.322437,36.286457,149.7054,212.23367,2
110.01607,109.3249,152.84647,75.269684,5
8.221285,16.458609,150.74318,82.57589,5
69.44921,128.543,151.15742,150.9881,2
92.001335,26.316093,152.92473,99.62619,2
183.00778,15.124123,152.63176,108.695946,5
166.40155,10.445808,151.98445,88.914566,5
20.16982,111.64596,150.75497,168.57204,2
178.49854,80.6594,152.66689,129.02318,2
177.90941,20.352753,152.0241,178.61292,2
73.82287,136.30644,152.2549,69.07767,5
104.37974,78.93394,153.62143,93.00114,5
168.22478,69.74397,152.89641,84.51861,5
112.56463,80.9805,152.47726,109.61035,5
176.06113,51.61966,153.93086,45.79613,5
5.4731216,26.66558,151.15129,72.401794,2
137.64339,51.979702,152.84149,121.29322,5
150.62451,105.163536,153.74127,191.07,2
117.26645,56.92866,150.64192,185.38066,2
18.887156,39.98669,152.91019,67.35332,5
147.2541,73.110146,151.93834,229.629,2
2.5131576,71.06448,150.40422,174.46382,2
113.60123,128.73906,152.57278,82.56319,2
33.230366,71.69138,151.38153,185.35631,2
2.287055,100.623856,150.2623,210.97057,2
140.16786,26.34428,151.36385,187.03526,2
32.599552,70.31005,152.19788,74.59676,5
68.27741,7.183924,152.16022,176.98009,2
63.63707,78.97389,152.08594,169.02176,2
164.02095,6.5844426,151.45294,158.2998,2
190.84395,67.09912,151.09438,169.12076,2
135.2617,47.091393,151.57466,107.10599,2
144.84392,26.005583,151.31375,168.74364,2
129.13455,132.18127,152.94942,195.54753,2
158.55046,11.852524,151.71515,97.53968,5
7.8492317,117.50558,150.68213,205.508,2
61.85289,52.20453,152.52924,105.892525,5
2.616442,77.37221,150.26463,174.17084,2
140.16003,56.92798,151.18272,87.32886,2
152.86726,118.31003,153.81631,146.49904,2
39.776947,112.11743,151.36797,176.24763,2
65.26593,130.73247,151.10103,131.59955,2
151.448,1.5277282,151.52914,174.63681,2
0.36299914,29.989248,150.89183,183.69073,2
51.067387,79.03284,151.97078,173.40894,2
59.687996,6.230551,152.95177,64.388466,5
171.2791,84.74511,153.03368,147.4218,2
14.002976,131.76573,151.17247,94.5692,2
164.53801,98.474106,153.64008,192.99274,2
153.0101,73.04172,151.92734,186.19414,2
69.94167,136.44014,151.09877,195.70244,2
98.59879,73.169044,153.07623,113.17608,5
193.36044,30.873152,152.73521,174.0156,2
150.54335,118.87782,153.78635,144.98169,2
41.440575,22.435709,149.84389,143.10786,2
194.10895,146.78598,155.77115,47.63476,2
142.56482,130.71564,153.42513,186.45168,2
54.006905,18.636625,151.33289,188.36966,2
0.5289843,2.4544556,148.4089,197.55775,2
57.12458,106.58204,151.71983,206.39658,2
185.10452,25.458834,152.41927,184.45792,2
11.499054,65.64899,150.82806,80.981705,2
7.4274335,76.81091,150.3806,101.333115,2
104.66084,28.629147,153.02232,84.67612,2
28.779251,0.53842443,151.1428,185.53271,2
98.74224,49.66431,151.34088,97.722855,2
14.886355,5.1028004,149.34616,210.06743,2
98.93537,101.85954,151.5397,167.43391,2
25.399805,60.168804,152.04208,71.34951,5
163.34973,37.446033,151.80371,167.52716,2
100.67815,0.73733175,154.0651,88.68213,5
7.022176,77.701546,150.32442,151.26863,2
14.506755,50.598213,151.17828,179.0456,2
115.49052,98.51197,152.23279,190.09477,2
131.54498,50.88938,151.3687,195.9784,2
162.41118,111.06278,154.61559,43.10749,2
14.917663,128.22302,151.0467,75.71133,2
117.767395,145.1267,154.21925,78.35789,5
21.98588,102.76968,152.54604,106.333496,5
183.97313,80.97957,152.83574,107.45236,5
116.086685,75.50711,152.04785,182.97414,2
139.2178,53.292114,151.26202,148.49171,2
6.142791,83.39663,150.28685,186.9866,2
183.33476,120.487045,155.91066,74.85612,5
33.393467,126.889145,150.90776,177.67635,2
160.8743,68.365,151.02599,178.31949,2
136.32217,2.8407896,151.9071,79.19443,2
110.85108,99.613174,153.6113,76.95137,5
87.35372,50.55727,150.78455,70.06855,2
87.91603,51.53519,150.76619,210.29472,2
29.009047,35.834984,151.06937,174.12453,2
134.52174,0.018359972,152.31516,124.81056,5
67.906815,52.87313,151.2569,169.33981,2
76.018234,26.92757,152.51237,113.983086,2
10.205834,1.4991863,149.41322,81.89198,5
146.09314,99.31861,153.70229,200.96944,2
124.16883,129.60945,152.81288,170.56268,2
171.9039,77.15073,152.31123,209.43692,2
42.94362,75.300186,153.05878,61.28052,5
78.99122,18.381275,152.51869,184.23062,2
158.80779,10.116201,152.5929,131.91318,5
70.75767,86.66465,151.8958,82.28226,2
37.8775,78.4105,151.59567,186.99539,2
90.4378,30.465096,152.81036,183.4035,2
188.39354,44.528194,152.85149,73.708046,2
29.120983,26.715229,150.16599,69.71125,2
5.138595,98.969925,150.55428,92.99959,5
65.68788,95.42995,151.82172,198.01265,2
185.16275,120.59933,156.02582,91.95335,5
18.14171,106.01789,152.18394,54.867153,5
70.22135,113.5823,151.51431,193.93614,2
19.237482,0.5903388,150.32765,180.0661,2
193.04233,10.170773,153.23209,99.346085,5
30.335978,101.79141,151.3184,84.50168,2
14.410509,53.05912,151.14552,189.65036,2
115.08724,74.86082,152.17804,80.40748,2
151.74313,121.38544,154.38872,112.21075,5
97.484055,33.782845,152.917,208.35422,2
59.53442,55.71267,151.61484,192.00153,2
189.51169,32.075874,152.72263,69.82485,2
52.86446,26.680058,150.25188,194.95125,2
66.10225,118.48519,151.3925,183.64632,2
107.29338,134.70544,152.49617,206.33107,2
122.6942,53.377365,151.13866,77.854515,2
84.27382,120.066574,152.1018,109.104324,5
99.4168,40.033745,152.58585,192.97522,2
36.76498,115.57139,151.19136,179.15775,2
182.1701,86.83533,152.90547,184.79564,2
168.35133,44.396,152.0839,157.94142,2
194.11732,67.34457,151.88753,114.544525,5
11.145749,101.34471,150.40091,114.45103,2
49.614426,28.420286,150.41444,121.45937,5
111.19461,143.15924,152.73137,176.71222,2
198.60574,20.128408,152.52657,175.73074,2
27.353844,92.63828,151.07564,102.52478,2
13.232099,11.141329,149.21588,108.02593,2
44.52029,45.623497,152.67212,76.79133,5
99.27717,125.98444,152.5082,104.49071,5
159.65102,105.16351,154.66571,63.921707,5
122.89278,48.676857,153.50969,48.122265,5
162.64198,125.26247,154.03203,112.288345,2
196.99164,83.71951,152.93709,154.14682,2
121.070244,74.88169,152.27989,116.601,5
132.08134,97.77425,153.214,110.718796,2
157.29282,22.373884,151.40457,181.63606,2
92.05294,135.80777,152.01492,218.86427,2
94.24398,106.48414,151.94933,76.872574,5
194.65411,108.00895,154.1335,71.229065,5
145.7699,147.57253,155.08467,100.23815,5
178.01154,45.51947,152.44269,190.35843,2
121.42388,98.55271,152.58115,152.53473,2
21.850048,98.11597,150.7772,72.76008,2
142.21161,123.171104,153.47836,137.74574,2
99.281334,17.817268,153.02705,79.45998,2
62.560352,20.04395,151.75317,174.03563,2
68.178185,112.63149,151.49802,183.65555,2
67.09498,101.2146,151.80972,168.49892,2
134.0999,40.840572,151.6987,176.34839,2
181.57507,34.69181,152.76556,86.756096,5
145.00024,6.87349,151.47307,191.70573,2
157.03189,61.712376,150.74223,179.94328,2
29.489988,149.1028,150.8429,193.6685,2
69.80379,114.962875,151.46457,182.22449,2
76.14757,143.6199,151.3753,69.28559,2
104.46772,62.189167,150.96541,174.28941,2
29.962608,51.44376,152.99643,118.049484,5
182.58334,98.362335,153.31625,83.46986,2
99.458694,63.42443,152.6567,121.21022,5
84.965706,72.27094,152.89595,86.51462,5
21.021488,52.939205,151.17772,193.11009,2
95.01114,143.2098,152.33873,117.55227,2
77.24512,7.017528,152.43285,158.457,2
36.429276,2.4760215,151.39908,32.90256,2
15.597578,118.63654,150.78783,200.94717,2
50.924107,53.9798,151.53375,180.44981,2
146.496,149.11198,153.3922,175.11156,2
32.92653,104.1476,151.17259,166.43442,2
189.62953,1.104529,153.15193,103.57003,5
77.859024,72.97422,153.60182,106.54573,5
56.14955,139.92987,150.6457,119.86287,2
164.2197,60.286354,152.10777,57.828094,5
111.26206,9.8546095,154.17172,69.29341,5
175.5998,90.273346,154.35854,97.96689,5
165.62589,125.63191,154.11932,197.82124,2
98.97799,33.355347,152.90732,151.70879,2
54.715336,95.54792,152.01825,63.256336,2
168.48997,115.2574,154.0109,178.71988,2
122.52316,2.0273945,151.98819,114.82719,2
121.48802,2.3513017,151.95515,67.39979,2
19.035452,51.601154,152.9466,92.23129,5
176.58806,100.01402,153.43857,181.27242,2
117.45602,79.59589,152.20473,190.25911,2
121.372826,83.51448,152.47101,181.6908,2
93.56789,0.076406635,152.76837,89.08004,5
40.76413,80.32029,151.7718,107.43738,2
27.479221,101.47775,151.2057,90.509735,2
4.8057256,43.252884,152.04753,83.12565,5
79.236595,142.69012,151.53735,187.04019,2
159.07098,116.278854,153.89665,137.23029,2
116.74833,130.98875,152.65688,166.18549,2
16.994122,24.850729,152.62596,76.998405,5
151.04515,113.81177,153.85722,150.84956,2
192.68336,4.3102217,152.82005,55.40447,5
125.73646,122.80453,153.26039,122.30666,5
16.322536,138.13521,151.85014,129.1094,5
102.78045,68.407616,151.5946,181.79443,2
158.05309,101.739105,153.79802,186.7229,2
11.154804,51.393944,152.45963,132.20497,5
111.34993,102.070816,151.90303,195.3372,2
183.67557,39.752655,154.26207,93.94558,5
146.44763,98.3138,153.72705,163.82828,2
10.572133,125.89287,150.91225,217.17249,2
16.301075,57.726055,152.88536,124.437935,5
59.879093,53.42227,151.49129,82.2522,2
91.657166,20.315538,152.83348,199.43692,2
42.7308,123.91401,151.03958,229.2757,2
165.88571,14.62172,151.62146,63.880707,2
187.45074,133.45099,155.43524,69.32363,5
109.40106,102.17552,151.89839,174.12503,2
114.26196,129.97984,152.58678,186.07306,2
40.77553,75.39264,151.68794,200.39474,2
182.40282,126.85768,154.57394,155.1039,2
155.32184,72.87337,151.82338,174.66429,2
1.7926371,149.58301,151.70503,174.46606,2
121.42931,96.820496,154.32487,91.59793,5
141.76874,46.01236,151.56345,175.41757,2
39.0622,56.145798,151.42682,191.732,2
98.35044,22.699743,152.9056,149.63731,2
121.18651,125.227936,152.72041,72.20204,2
192.1129,48.612244,154.46022,43.58802,5
15.050183,55.659595,151.07674,192.39737,2
170.49467,102.32745,153.66809,218.20573,2
71.266945,123.849205,151.32018,201.53716,2
190.72395,144.76361,155.55096,162.19203,2
88.062454,116.643456,151.54163,74.10999,2
177.09517,100.07755,153.42365,195.38391,2
167.3826,31.44799,151.79964,211.16508,2
47.095585,136.30455,150.63304,178.43166,2
107.63713,26.480633,152.77367,217.03215,2
72.394104,126.11064,151.38582,171.30537,2
94.94908,109.86588,151.6519,67.11987,2
95.66314,73.22933,152.82831,80.22481,5
197.0816,65.57454,151.20102,170.53264,2
52.868412,69.92645,151.91867,163.1717,2
30.462421,0.30884123,151.17499,201.68112,2
40.42286,1.9276173,151.55434,201.30867,2
97.43266,47.817112,151.41815,155.80174,2
106.08797,18.48262,152.71143,195.96259,2
119.40401,2.6777413,152.03911,58.156284,2
60.798,127.759636,151.10486,78.99932,2
44.041084,109.66973,151.48746,154.30144,2
94.921844,137.7039,152.19113,99.164734,2
86.002426,79.20227,151.78308,168.62964,2
101.0459,43.66877,152.18895,167.17157,2
21.498844,48.970264,152.77371,114.34007,5
165.71097,93.75209,155.37802,65.09727,5
106.55628,76.77382,151.8863,204.99435,2
76.629555,76.41217,151.94914,176.83557,2
139.81233,74.490036,152.177,199.11282,2
28.928423,70.98669,151.27385,69.9073,2
71.431564,57.482,153.26576,56.68065,5
44.569008,138.84877,150.55222,168.42334,2
109.2971,119.039085,152.18047,101.868904,2
94.01255,97.17618,151.40489,193.29192,2
33.030766,97.728905,151.60632,78.40356,5
90.244446,31.883337,152.89673,170.47063,2
9.628127,143.68819,151.49722,117.23686,2
119.99061,148.32617,153.65845,58.355015,5
31.834782,49.663483,151.47348,95.8141,2
167.92848,128.20235,154.22255,100.56474,2
31.29914,48.207867,151.26169,159.19534,2
198.82095,80.04993,152.65463,157.85657,2
114.45793,37.74887,152.61063,91.35613,2
39.632862,50.47181,151.3483,145.15831,2
18.417967,78.74571,150.78479,188.52544,2
187.1563,38.67543,152.6901,148.27467,2
20.868834,124.5771,150.93364,175.22997,2
55.140415,91.41907,152.02695,213.40225,2
26.11259,121.10809,150.92186,168.5792,2
18.128271,74.90632,150.82185,183.95103,2
16.476496,61.21157,150.96388,188.8941,2
105.967155,73.19388,151.83054,177.56145,2
172.79553,124.44131,154.90378,78.916336,5
8.213094,62.1786,150.7101,166.81105,2
87.75459,63.905716,151.77003,168.81093,2
62.8638,124.676865,151.27118,74.85184,2
183.21921,147.35938,155.37563,165.5118,2
63.507496,32.531013,150.5681,145.67899,2
39.862976,110.491165,151.4256,83.06411,2
90.99922,106.03924,151.45029,160.87029,2
83.74866,77.518196,151.80663,174.92401,2
57.643654,6.6910253,151.94267,162.86678,2
15.832293,79.51691,151.07114,95.490875,5
32.156284,148.29913,151.62381,84.83072,5
81.10691,16.740786,152.53186,151.1253,2
176.78348,68.60553,151.07764,168.11035,2
30.358816,120.50439,152.59422,94.56935,5
17.457077,7.505045,149.77266,86.55636,5
142.80858,82.2132,153.12157,172.62506,2
166.0541,115.47994,154.62704,98.55581,5
20.997261,51.51639,151.25839,229.04112,2
13.607413,97.45211,150.41481,163.11122,2
181.96245,75.21941,152.86047,77.64529,5
184.19409,1.605532,151.63684,172.47945,2
127.579254,30.623674,151.93481,205.04468,2
89.84507,99.890785,151.44948,157.25632,2
106.02286,87.01175,152.13327,90.65801,5
150.84511,80.03526,152.96848,194.25108,2
72.97893,123.415985,151.34148,157.13889,2
113.444084,123.40646,152.42917,188.42296,2
136.14554,52.033924,151.31664,218.54431,2
13.357666,136.7136,151.37138,106.76999,2
98.35359,129.92212,152.04242,181.04669,2
6.4946337,148.22685,151.65901,176.57957,2
142.75003,78.40437,152.77057,151.98135,2
169.9199,124.817764,154.22417,209.49446,2
98.46158,73.65879,151.85016,195.95377,2
24.16256,26.83338,150.83386,127.1546,5
29.82933,71.44776,151.27924,204.87473,2
6.8334374,149.58636,151.65527,192.30038,2
160.57391,122.639626,154.03546,178.65681,2
172.64218,106.28856,154.53726,107.93119,5
47.085182,94.83578,151.84106,183.55133,2
100.69848,101.42367,151.56067,189.98087,2
17.574457,94.4871,151.07661,93.425865,5
92.76404,147.62091,154.11568,99.65142,5
135.04106,97.965004,153.32787,54.866505,2
88.06295,98.94535,151.97057,94.3943,5
77.319275,39.493385,151.12967,201.9811,2
119.712135,18.995836,152.17413,173.65381,2
128.13815,67.70815,151.1527,150.73909,2
23.091736,121.28104,150.89998,185.43953,2
9.836918,131.51443,151.15067,78.714226,2
195.79298,38.383812,152.87201,54.381718,2
75.42395,124.688385,151.37672,194.51114,2
87.77382,122.42394,151.688,90.44701,2
184.81322,62.654587,151.21837,92.30036,2
140.30006,14.153461,151.46228,180.83078,2
161.38687,101.15327,153.76294,167.13773,2
55.502666,94.40777,152.01645,196.52795,2
166.96239,4.736726,151.67505,73.35707,2
123.318016,102.28983,152.72069,215.71758,2
123.25036,18.85617,153.85707,92.21433,5
24.211153,126.94237,150.92395,190.77177,2
5.2368383,120.13127,150.73303,216.4072,2
4.932035,45.135944,151.01479,154.97552,2
53.737934,123.711754,151.08017,170.8261,2
154.03,41.485207,151.59074,94.492546,2
13.8102045,126.26219,152.08134,100.71164,5
199.1199,83.54219,153.06323,122.940636,2
193.17032,78.354256,152.392,181.86366,2
77.075035,129.12505,151.41588,192.7448,2
91.36648,95.407074,151.43286,158.80066,2
86.6072,14.518254,152.68698,79.62791,2
155.91887,75.17095,153.17917,103.94593,5
84.509636,85.83419,151.65363,79.47262,2
109.442726,119.51211,152.3618,101.628555,2
125.70787,106.0587,152.86443,165.78175,2
29.84696,123.155045,151.71909,85.59669,5
22.471369,85.73472,150.91368,147.27415,2
171.64844,25.82097,151.91325,103.76095,2
123.12441,75.90564,153.78645,16.266726,5
120.46148,76.116714,152.14568,175.14806,2
1.7480457,123.45003,150.89478,181.36784,2
112.39502,93.97957,153.69533,84.180336,5
195.38095,59.100376,151.72424,93.563896,2
3.6532028,23.469263,150.81775,162.73236,2
156.41817,40.573883,151.63951,221.456,2
66.25235,15.280232,152.02202,158.46811,2
160.40746,57.781563,151.12946,164.02103,2
156.77007,102.84012,153.79184,187.59987,2
89.06624,118.18197,152.72923,138.28923,5
107.83613,59.7136,150.85333,89.88205,2
10.001396,100.94473,150.36867,166.66808,2
129.49445,93.23877,153.00542,159.0488,2
118.12668,43.832973,152.12918,208.43506,2
111.40643,2.2440972,152.17133,186.76732,2
69.30069,97.26767,151.82083,145.85533,2
172.03134,133.62848,154.76918,71.74772,5
13.915671,48.433743,152.56628,119.19472,5
31.118404,48.53914,152.8728,87.50211,5
142.599,124.70981,153.76201,76.85946,5
161.04665,127.18664,154.01637,142.67305,2
33.818424,52.550175,151.31622,173.91505,2
195.23186,103.02227,153.55984,143.27133,2
82.8961,65.716385,151.90953,161.6129,2
150.35614,4.906727,151.48682,191.43483,2
118.072754,104.33142,152.45117,71.94982,2
99.939896,129.86523,152.14392,163.0897,2
138.74368,97.21205,153.44295,169.80661,2
40.918434,81.794304,151.77711,157.05981,2
49.229645,46.660503,151.24553,99.041466,2
12.51066,101.49911,150.46045,160.4583,2
116.15933,95.44461,152.20758,178.54242,2
16.840282,123.33028,150.88957,164.76424,2
58.24305,2.0414975,152.083,98.99909,2
104.38033,130.27063,152.33067,193.83073,2
54.553986,98.70113,152.10568,63.58227,2
179.08229,4.4725685,152.1896,42.23478,5
197.68854,105.20185,153.72026,155.75932,2
173.80103,73.45469,152.31071,83.67811,5
1.9521425,140.03212,151.45428,201.21196,2
195.24231,42.30353,152.89072,189.07893,2
16.619608,130.66336,151.24034,112.47637,2
136.2063,78.717415,154.37369,74.59371,5
190.74275,28.911577,152.6609,119.148026,2
71.24578,83.42007,151.93167,185.04881,2
29.286833,99.59953,151.16777,170.93633,2
138.11824,129.3829,154.59059,110.39769,5
67.4558,142.8643,150.9026,147.60938,2
154.11864,18.27326,151.2983,182.85422,2
119.036194,8.45611,152.0985,41.078197,2
157.88332,86.3984,153.34718,174.1271,2
48.121025,41.396507,150.66411,114.997345,2
84.95154,0.65357673,154.1067,109.283325,5
187.21744,51.87689,154.12206,91.2355,5
13.142357,124.968124,150.9855,175.82727,2
195.28328,46.954193,152.88197,170.64908,2
140.15468,28.001747,151.41689,172.58421,2
48.9593,6.8044734,151.64204,179.84831,2
186.78424,0.55261916,153.30591,127.339645,5
139.03304,14.502485,151.48904,162.23643,2
14.83708,25.866476,150.97667,199.21422,2
116.935,44.599606,152.10332,170.17755,2
188.34967,131.91072,154.9347,150.37057,2
73.90301,73.12937,152.02599,208.90076,2
161.43747,122.16288,154.04015,63.167633,2
28.908556,81.1003,151.20383,167.82051,2
63.420258,60.117268,152.61139,77.768776,5
110.29843,80.86353,152.2791,91.94779,5
38.186077,120.01585,151.55745,60.40779,5
63.426468,25.652472,151.74242,94.62213,5
159.7057,12.765101,151.37529,148.89125,2
132.3977,79.97257,152.71503,88.07827,2
153.08385,26.905766,151.33414,186.35718,2
177.93666,62.363754,151.1228,107.88094,2
125.328766,38.02138,152.07574,190.21465,2
33.22324,84.82411,151.38516,176.21451,2
169.38683,91.397354,153.26955,150.4787,2
22.457838,126.56919,150.97522,204.1808,2
83.494194,125.372284,151.60692,124.675285,2
31.01093,27.729961,150.04698,181.01518,2
48.901154,56.508144,151.56345,160.32669,2
109.26906,24.792511,152.65659,181.84987,2
33.839928,76.98457,151.4305,176.5499,2
97.297386,6.626995,152.47206,202.67911,2
14.156451,79.33792,150.56638,161.04672,2
107.53544,46.881775,151.87694,220.9248,2
90.55866,125.024315,151.71881,200.78395,2
69.26282,29.587658,151.5846,173.5808,2
122.6067,64.44673,151.45815,125.21185,2
112.28009,35.384354,152.63477,94.15255,2
24.218462,126.87867,150.94466,199.67789,2
91.00906,11.094282,152.64502,178.79207,2
56.512222,62.49037,151.80919,164.64717,2
55.00278,129.87097,152.6993,96.17648,5
70.61688,64.718544,152.0732,58.237274,2
18.698828,115.575226,150.78705,161.78363,2
84.199524,42.706882,151.34764,192.13173,2
174.70996,121.84076,154.204,206.37592,2
49.964935,14.122658,151.47401,107.93285,2
152.92769,11.676381,151.39369,182.38145,2
106.98127,142.14207,154.10138,89.14016,5
112.95099,122.447266,152.40169,71.35958,2
149.0329,70.730064,151.54424,200.71365,2
78.88273,40.848755,151.13503,135.96776,2
167.19739,34.190422,152.96353,54.110046,5
109.90171,3.0034711,152.13705,188.68617,2
127.92511,109.68405,152.92299,177.34906,2
119.83395,72.361595,151.86055,166.56316,2
150.46681,68.99368,151.574,103.248985,5
193.69595,25.095081,152.59673,170.74622,2
4.4137654,56.442154,150.81477,71.11001,2
161.43318,22.588894,151.7253,33.916843,2
49.06527,43.65325,151.01396,94.6946,5
131.75104,70.78528,151.6088,70.57142,2
187.09886,0.045342434,152.04779,84.19318,5
8.449546,34.341175,151.14078,183.92033,2
96.74219,130.66211,152.08704,181.30544,2
90.98395,68.320175,151.82564,172.36418,2
153.06735,105.74283,153.80676,173.35841,2
88.63907,122.02272,151.64278,90.70404,2
122.60058,20.15499,152.09407,197.86615,2
159.65645,23.237955,151.39864,155.57529,2
69.95222,100.42046,151.72249,128.86467,2
84.764244,75.85587,151.88426,207.76485,2
98.26027,141.36336,152.45514,164.51189,2
114.553856,145.88223,152.82362,48.935905,2
121.5172,143.24335,152.85246,56.846985,2
65.452,49.275818,151.74133,140.00208,5
190.24634,77.1721,152.25208,164.01373,2
108.01259,123.497086,152.23247,173.64238,2
98.335266,45.45409,153.29413,48.358044,5
37.368656,100.89777,151.47256,151.86221,2
76.34543,31.008902,153.58415,136.83469,5
155.91628,89.2617,153.50348,103.19892,2
52.404194,59.408794,151.74452,189.68141,2
160.93224,27.662872,151.51814,175.44382,2
115.0841,100.477486,152.21713,201.8073,2
113.65952,103.19318,153.29237,79.69618,5
82.253265,93.34075,152.80539,76.177,5
51.285465,96.01183,152.51382,109.36022,5
57.466255,11.656935,151.76343,208.00157,2
14.141173,22.051538,152.08788,110.76106,5
88.82537,64.813614,151.71495,177.84726,2
189.8597,65.89198,151.0795,195.19131,2
48.942062,137.80551,150.58072,223.25082,2
66.16949,71.65072,152.07045,215.64961,2
25.974749,62.463337,151.22804,169.79982,2
144.75995,1.6740425,151.75241,45.644592,2
188.69409,68.30921,151.13402,83.538124,2
74.50763,99.47359,151.70084,180.10507,2
43.375946,40.04191,150.68861,188.20831,2
194.14172,122.5263,154.58174,193.42522,2
6.3034415,149.62852,151.71098,175.36012,2
138.54091,24.288969,151.43765,143.76268,2
163.87141,54.188293,151.56635,213.43042,2
159.59421,122.51386,154.02367,164.2361,2
107.6266,47.6028,151.84132,45.282063,2
127.89071,21.883968,153.55629,107.42156,5
90.7313,19.3993,153.42017,62.798866,5
127.34416,117.84959,152.9792,169.64088,2
99.20082,144.115,153.19002,53.462223,5
30.928345,70.82792,151.30397,184.2995,2
141.88258,4.1333036,151.65096,190.08827,2
25.831612,93.58279,152.78549,123.47516,5
91.655975,64.947266,151.68932,106.33245,2
87.82633,70.60275,152.22116,152.4811,5
104.78984,35.73135,152.81458,70.922775,2
47.21982,54.185555,152.36063,94.44935,5
85.327774,20.756111,152.84856,116.02309,2
65.5437,19.160856,151.96669,186.59027,2
182.08247,8.653926,151.85378,177.9462,2
33.93447,145.57901,150.93771,22.2722,2
27.294228,104.304306,151.01158,103.80291,2
15.982551,148.88303,151.3916,167.5684,2
35.108055,35.2507,150.71288,82.37882,2
14.059194,35.644665,151.29982,222.9591,2
23.898224,105.54321,150.84326,175.58946,2
46.32932,30.31763,149.5102,159.43768,2
10.813477,95.04869,150.34329,103.51059,2
134.66878,98.451035,153.36183,84.39123,2
150.84663,46.918865,151.6011,195.19617,2
85.585915,26.481531,152.75969,160.97142,2
95.545975,92.70809,151.50462,155.87663,2
124.43119,80.24312,152.43144,91.558495,2
154.01114,40.083126,152.90475,121.90889,5
62.692905,98.53296,151.85359,218.05826,2
151.50323,32.45963,151.39734,76.87958,2
141.84012,91.79909,153.454,204.7607,2
1.4399247,121.271,151.7894,111.26344,5
150.52074,26.17212,151.29019,167.76466,2
96.260124,122.393394,151.8493,94.582726,2
99.48938,109.38524,151.64755,157.7557,2
121.8346,28.664513,152.18045,194.15015,2
51.139595,33.378704,150.81802,107.49324,5
14.066495,111.00724,151.08255,108.69466,5
11.790018,45.96366,151.18904,162.16629,2
17.434526,59.34729,151.08649,62.376305,2
67.276695,71.73378,152.1423,90.876816,2
85.09242,133.08478,151.7463,160.70212,2
42.438766,98.827934,151.65274,162.23001,2
103.82435,149.09846,152.67456,190.52037,2
40.562786,12.479646,151.06917,215.47871,2
51.435856,22.02833,150.79533,208.20274,2
147.3026,121.53645,154.05797,90.91892,5
26.77598,48.515717,152.82542,97.658646,5
38.506153,145.27098,151.50537,117.49037,5
146.79443,115.78268,153.7234,136.28894,2
21.446041,29.217379,150.95851,173.3308,2
34.077866,97.926636,151.38982,210.7276,2
9.167435,69.69007,150.64444,160.05539,2
17.196611,44.860813,151.4182,79.08745,2
69.4125,31.747713,151.32178,165.3907,2
31.98281,77.5047,151.37193,130.49812,2
134.85335,125.309074,153.20703,217.01218,2
139.46513,90.989174,153.46124,230.10756,2
8.899343,63.03645,150.71881,190.85016,2
1.3291734,30.954144,152.58092,89.63736,5
161.68483,124.8334,154.0782,186.5736,2
133.34932,124.86871,153.20923,72.351036,2
182.57994,145.81674,155.3753,190.64122,2
174.85005,123.8716,156.02864,66.00788,5
189.70372,47.737843,152.86089,125.390945,2
186.655,136.88268,155.15115,188.0606,2
29.406437,11.993791,150.16275,148.78505,2
136.57649,21.26226,151.5396,163.77357,2
49.608715,139.81958,150.53912,84.94454,2
121.77279,45.387962,151.93971,170.9959,2
13.821763,106.831245,150.51132,168.23984,2
82.8544,125.37044,151.58778,183.54253,2
100.981964,60.042824,150.92036,200.6994,2
166.46997,35.507454,151.82669,176.42241,2
36.564415,55.152256,152.54134,76.62374,5
170.69287,122.39365,154.1289,169.24187,2
155.54399,99.61263,155.50899,108.05517,5
49.2416,144.67912,150.4382,180.24641,2
160.036,93.10433,153.58946,210.51395,2
170.38792,1.3227738,152.34633,111.93078,5
140.75587,74.765976,152.21996,157.6826,2
165.13747,38.851337,151.89983,210.69073,2
57.311127,74.74398,151.9491,179.09808,2
28.530895,94.22236,152.09654,151.56265,5
57.660885,124.42181,151.08163,187.321,2
75.988235,65.68048,152.053,98.17306,2
104.21275,86.2719,151.68257,106.112404,2
114.4473,56.648975,150.74142,102.02486,2
23.615929,124.14443,150.91881,148.8393,2
199.31161,135.99696,155.2596,213.28009,2
27.267328,55.995693,151.2925,178.03934,2
51.81908,16.13701,152.81953,90.98151,5
10.416934,104.235916,150.4058,140.23248,2
178.07562,44.619373,152.41844,225.07985,2
39.74865,104.79195,151.49448,145.5246,2
158.13564,136.34427,154.73085,61.522152,5
129.0733,60.24391,150.58481,170.43489,2
141.32523,141.6364,153.23993,185.47096,2
45.02925,146.65736,150.56715,78.11573,2
170.71616,146.3413,154.73994,219.72975,2
124.001205,15.1105385,152.55414,76.62917,5
80.322845,87.17273,151.72218,162.98079,2
195.75983,0.7460423,151.78746,157.0048,2
103.95854,96.41251,151.62556,191.6341,2
13.968731,94.45485,150.40787,203.42024,2
23.285978,78.42381,150.93483,171.932,2
161.66159,26.629992,151.56232,65.94447,2
76.42511,121.048386,151.38664,187.01534,2
117.0655,0.98772156,152.03755,176.33049,2
172.22334,52.860035,151.93457,171.09654,2
142.04175,134.22755,153.29085,191.50978,2
84.32583,77.18772,151.80959,206.44885,2
114.364525,111.8032,152.27362,204.07079,2
132.10687,31.202648,151.67474,173.31969,2
122.43595,148.23051,152.93071,190.25423,2
148.51927,132.60542,153.61134,201.43996,2
130.21819,100.31147,153.87819,144.79999,5
114.419556,111.714714,152.2679,203.85844,2
46.20288,125.973335,150.95428,169.50142,2
9.56843,35.64947,151.19934,144.14867,2
135.55005,90.906166,154.92435,92.03956,5
99.39377,42.34855,153.44891,93.07125,5
160.81151,76.58706,152.73254,72.17899,5
196.06027,55.79894,152.18834,179.22165,2
158.32211,124.655426,153.9611,198.41202,2
180.1922,100.46263,153.4734,151.71104,2
59.31186,148.1456,151.83876,97.553154,5
124.57507,10.725709,151.8956,203.31831,2
7.3591175,23.644144,150.88556,201.36604,2
100.50728,24.760298,154.75308,97.81303,5
58.050327,91.97543,152.09773,59.185143,2
193.07245,129.94176,156.65111,40.99403,5
93.15713,102.0298,151.4358,192.36365,2
120.956276,145.06703,152.89449,198.02977,2
168.98856,54.207355,152.75412,87.22756,5
121.287346,126.89995,154.43721,122.11067,5
160.05296,69.84607,152.94127,134.99812,5
51.254112,102.195404,151.83353,181.52263,2
160.40033,143.6044,154.13475,178.24438,2
122.591805,146.81071,152.99614,83.71104,2
113.46532,29.000036,152.57268,181.66443,2
130.37482,80.05402,152.68338,173.59308,2
113.50022,126.78457,152.51277,184.91432,2
36.716698,130.07999,150.87549,131.83313,2
3.8561618,114.6903,150.6033,176.49312,2
75.60748,73.75576,151.934,157.42786,2
179.3735,16.599047,151.97986,175.63228,2
122.33007,131.07211,152.80083,184.65019,2
114.59966,86.47175,152.15962,207.19235,2
47.604465,109.93039,151.56767,119.44488,2
7.2719607,101.126945,150.3184,76.88536,2
0.9997564,83.30444,150.14523,71.23157,2
113.21624,121.190575,152.42879,184.37311,2
41.73754,38.383198,150.57797,166.8465,2
86.153076,44.504814,151.25536,120.15972,2
161.137,138.10495,154.12372,194.09894,2
52.74183,112.64294,151.83345,79.41863,5
117.16561,27.487923,153.64362,70.558105,5
171.94588,29.14596,151.97797,92.66893,2
192.37839,90.334854,153.1028,185.09045,2
63.86437,23.767668,151.83665,92.75616,5
156.56635,48.77448,153.5504,86.854614,5
122.31047,129.77835,152.84099,164.31377,2
122.77443,94.3467,153.45293,111.26846,5
187.30838,122.56025,154.48071,111.308334,2
169.10399,0.13742693,151.4602,183.51633,2
144.63266,16.106546,152.78957,124.789764,5
196.09276,123.62949,154.58066,190.11758,2
193.44118,118.104774,154.25636,195.33899,2
102.21307,70.59439,151.7034,164.38792,2
172.76636,50.68416,152.3161,65.18716,2
112.437965,144.4791,152.76439,220.48781,2
113.39824,41.270126,152.36128,100.26827,2
74.07282,77.3129,152.0316,120.88107,2
65.65452,42.564255,151.64256,0.0,5
140.71832,136.2281,153.27066,170.15836,2
130.89044,37.50639,151.80144,171.40843,2
169.74045,46.118084,152.08014,201.14037,2
8.244508,74.97562,150.91814,70.67772,5
179.85619,113.02921,153.91324,99.20431,2
78.70232,118.64821,151.68349,72.1075,2
41.20378,123.36829,151.0347,174.11986,2
54.306076,75.548454,151.95578,249.11598,2
88.26948,64.09734,151.68451,146.64592,2
82.55406,48.12339,150.71446,205.26025,2
113.98942,35.659813,152.57747,160.6028,2
115.80362,126.74722,152.51697,193.53287,2
122.40422,30.73338,152.1695,235.27754,2
152.83356,146.71266,153.67838,178.21854,2
120.11664,66.537994,152.66759,108.75471,5
41.291847,19.593231,150.27248,34.85688,2
21.811747,121.6119,151.1117,90.69312,2
167.78409,128.38866,154.31552,72.40191,2
156.0,117.64778,155.713,93.203606,5
5.595122,49.4024,151.49272,111.74676,5
116.3869,109.81502,152.41986,37.65923,2
190.9641,2.7403643,151.9395,81.14946,2
32.228672,16.41414,149.87413,190.87138,2
38.726177,90.08243,152.11388,79.088356,5
199.67976,29.258997,152.82083,181.60533,2
58.793873,80.248184,152.09268,160.58789,2
133.90471,71.09431,151.627,184.43604,2
53.661484,79.90872,152.00153,165.02989,2
55.067596,99.4158,153.2198,60.107285,5
6.198958,1.2515548,148.66624,209.69507,2
26.144815,31.52838,151.34094,67.29246,5
168.36055,78.24718,152.49873,179.57603,2
24.819557,48.348747,152.38567,121.1937,5
197.50346,140.38034,155.4422,187.85284,2
8.570494,120.38556,150.79648,151.094,2
43.265,113.299164,151.39455,187.142,2
91.20975,80.465164,151.67937,80.82086,2
64.66804,45.71304,152.30545,39.182674,5
149.41502,33.776775,151.40707,183.65486,2
78.659225,126.64898,151.484,153.49545,2
83.32519,97.89036,151.51598,144.54514,2
162.594,52.69076,151.67686,160.85196,2
62.481033,3.0856612,152.5251,99.16408,5
163.13742,72.35152,152.9334,69.16923,5
142.52011,10.028932,152.89336,100.88647,5
140.37453,89.21528,153.40916,174.396,2
168.75694,7.7628417,151.75887,93.02945,2
33.947952,141.96046,150.73889,170.46597,2
191.28682,144.48268,155.55994,182.7047,2
29.661171,118.03179,150.99785,193.12297,2
1.3064766,69.00204,150.40073,154.02634,2
20.18679,29.020634,151.00125,206.10289,2
165.70401,149.7019,154.58148,92.32818,2
70.08588,54.470978,152.90369,124.65974,5
0.7343792,72.41202,150.29646,202.60527,2
13.771967,147.68044,153.25539,95.86636,5
33.050182,64.06908,151.36504,169.19284,2
145.76067,100.965996,153.79192,102.02922,2
126.937416,27.31304,153.26614,69.42391,5
172.11398,11.228643,151.65126,212.10147,2
118.758125,50.13299,151.48863,198.7953,2
53.5936,61.614265,152.2969,120.12381,5
26.421776,61.608166,151.17035,184.00735,2
21.560535,75.510025,150.88,175.06435,2
63.27039,31.990467,150.63011,206.60472,2
143.56734,74.385475,152.21254,166.71558,2
173.80208,77.23185,152.27473,131.65288,2
186.72343,48.120224,152.62389,183.61191,2
192.79039,135.0907,155.17136,180.89758,2
76.39216,46.678783,150.74524,117.211006,2
131.50458,5.152413,151.77751,169.50229,2
153.0086,138.93958,155.17902,76.416405,5
152.01363,146.82945,153.62129,227.18631,2
41.413513,49.651566,151.31439,167.15082,2
55.710827,58.102074,151.68025,200.892,2
183.10413,80.37463,152.52184,169.53789,2
117.97442,57.113945,151.31906,95.607025,5
54.09201,4.4163275,152.44427,123.61248,5
68.76319,8.233981,152.16754,171.37085,2
137.58253,73.63497,152.05225,197.00659,2
78.00455,12.5264435,152.42656,214.99338,2
45.75172,147.7936,150.45822,185.20695,2
180.37234,132.89325,154.77007,160.967,2
1.6608856,140.31418,151.55411,90.213585,2
106.674515,135.52132,154.2148,108.29577,5
176.50446,48.71848,153.93457,111.170975,5
67.864075,30.755447,151.29248,157.1297,2
137.83916,76.81788,152.59114,208.4817,2
9.88185,128.55426,150.98889,120.4177,2
69.1232,129.61937,151.15681,185.42464,2
179.3116,73.47699,152.16809,82.635796,5
185.37274,70.60197,151.61148,105.36026,5
131.93095,78.07879,152.54506,220.80278,2
198.57271,139.90138,155.53862,79.60634,2
165.12354,58.74828,151.14911,205.26859,2
19.10424,104.842415,150.68658,137.35109,2
177.0497,56.81914,151.90404,92.01837,2
193.75948,146.98573,155.66399,185.79874,2
46.85241,17.153395,150.96414,186.75806,2
68.7692,46.895298,150.56728,89.34448,2
192.25722,115.69659,154.1304,185.87012,2
192.6523,58.67357,151.78105,179.13869,2
157.19414,91.63066,153.72794,76.99063,2
89.83833,132.23871,152.7973,62.220406,5
91.34121,122.94489,152.05156,79.216515,5
97.084305,25.559397,153.27692,125.445694,5
185.52545,75.38802,153.36708,99.32987,5
130.71983,131.89587,153.30367,123.73695,2
162.07753,117.77082,154.01721,184.09901,2
76.518005,42.975895,150.6732,220.32384,2
172.90118,24.917246,151.97134,216.5293,2
31.04276,99.18271,152.03108,89.66991,5
195.51102,25.437788,153.24329,107.306595,5
77.52789,98.83744,151.59819,204.67564,2
55.49113,125.467674,151.08221,186.40904,2
11.280681,82.41766,151.11974,114.25224,5
151.69577,18.081804,151.30121,179.74117,2
151.16809,45.37676,151.537,242.26492,2
65.23464,65.7108,152.13539,104.76668,2
24.984724,144.46852,152.48636,39.958645,5
128.64966,75.60069,153.96481,122.904945,5
183.46483,18.116997,152.90247,86.873215,5
72.63486,99.329185,153.108,94.54569,5
68.55133,25.798708,151.85487,150.10597,2
0.77090186,33.380775,152.13051,83.429634,5
35.451523,132.86075,150.76073,209.29578,2
72.88729,24.379536,152.20006,201.16592,2
197.36266,104.55251,153.65736,149.64485,2
177.47719,3.9242105,153.19745,94.30548,5
156.37901,51.859634,151.5702,218.1445,2
40.44415,147.47578,150.45003,173.57053,2
40.04953,110.98173,151.3249,201.21707,2
177.11456,56.11714,151.77457,82.15171,2
173.0957,9.55736,151.65015,176.44617,2
49.082306,104.02528,151.73277,86.714806,2
2.2557878,146.06299,151.67795,174.4297,2
155.78523,148.8324,153.86716,64.71844,2
125.40193,125.296394,152.90735,208.28038,2
17.582338,55.442104,151.08861,152.92374,2
8.166901,41.12422,151.09972,112.93395,2
66.01366,89.21869,151.9894,165.11086,2
144.92924,24.516655,151.33363,202.3085,2
31.63323,26.074017,149.79105,150.61858,2
175.29808,136.61525,155.10498,69.73522,5
113.180664,101.688965,152.30745,138.63495,2
23.200573,44.569588,151.33862,88.42594,2
9.420761,100.85739,150.3356,205.97662,2
22.342007,51.33346,151.26208,195.54367,2
63.456467,16.435919,152.42348,120.289894,5
90.49351,76.25749,151.7854,145.55931,2
145.96677,83.56592,153.25105,185.17969,2
129.95087,68.2932,151.24872,198.44365,2
193.16649,109.485596,153.8945,166.10503,2
149.97717,10.837163,151.42361,229.38763,2
44.916664,102.07942,151.69878,228.0611,2
180.48045,2.4007788,151.64389,104.2053,2
79.48445,20.584246,152.72092,57.8621,2
161.21843,93.49867,153.54762,169.51253,2
67.4788,22.031887,151.91605,194.60954,2
90.0739,82.6988,151.62529,94.16643,2
72.70958,113.519485,151.49818,154.26901,2
59.91276,147.4652,150.60513,198.61703,2
158.36581,50.357227,151.61507,67.81067,2
19.31387,128.6115,150.9608,183.37672,2
133.47069,101.36164,153.23296,150.29594,2
125.25997,65.67629,150.95067,85.72652,2
45.787827,70.65824,151.81436,181.2,2
99.95749,27.756922,152.95801,197.62338,2
139.5335,29.64587,151.48277,110.60959,2
12.468966,140.9866,151.31558,199.19067,2
112.207085,46.760227,151.94748,178.30942,2
159.64433,90.82436,153.5319,191.82501,2
47.502113,72.015335,152.38673,105.182236,5
125.480156,133.94261,152.896,187.16766,2
20.56842,16.575249,149.77094,86.46218,5
71.71368,49.100117,150.67334,157.33934,2
122.85637,2.244835,151.98987,85.36441,2
35.110996,116.9393,151.54002,94.369835,5
197.57117,110.125336,154.00035,150.42543,2
4.2630634,141.79646,153.32416,81.71255,5
32.24915,21.10571,150.18303,103.46071,5
15.461428,43.40796,151.82051,60.981247,5
26.662933,94.99574,150.93665,166.6445,2
94.82801,37.756752,152.73206,188.51118,2
166.57545,100.0755,155.10863,41.529167,5
104.87574,103.664276,151.78165,91.92256,2
161.52924,100.52912,153.75073,176.06706,2
101.65142,21.66497,154.55556,59.948822,5
28.764309,104.69611,151.00253,190.4138,2
15.858137,146.68784,151.58434,120.650406,2
23.919212,93.12244,151.681,88.29515,5
74.30463,45.289867,151.60925,115.766525,5
187.41255,6.749869,151.88914,177.76021,2
120.23977,90.736206,154.22615,72.22751,5
32.212227,40.67663,151.46748,114.54248,2
90.09533,78.1743,152.39561,90.29835,5
133.68645,126.11379,153.90552,103.18238,5
57.837563,34.371754,150.55836,59.494904,5
44.568375,52.81011,151.42133,213.19307,2
160.90062,58.117477,151.13866,152.43199,2
11.562878,106.13501,150.49069,201.24034,2
113.333855,70.40074,151.61488,191.56247,2
127.23991,70.67338,151.58014,192.01639,2
142.49414,139.02753,153.3394,183.35422,2
185.76215,115.21084,154.03976,187.20702,2
170.63133,48.1662,152.12732,160.44319,2
101.54114,70.83982,151.7433,92.90598,2
15.765913,31.506546,151.24025,219.97453,2
123.89596,128.63356,152.83209,72.522865,2
61.60351,97.93139,151.93515,152.79498,2
171.58598,68.74083,151.0982,90.11157,2
160.91551,134.65729,154.0893,177.84427,2
68.24069,144.24005,150.99274,158.06485,2
61.938408,132.05754,151.71585,116.81627,5
16.708273,41.91657,151.2998,194.45898,2
28.633259,97.81189,151.09462,81.21369,2
170.13344,2.5392327,151.59253,108.897194,2
20.213749,82.252815,151.78539,97.50437,5
46.066574,25.163977,149.86469,156.51587,2
86.386795,132.54883,151.76935,164.06891,2
114.04474,98.235306,152.11723,162.281,2
23.845165,89.07541,150.9123,195.7,2
100.35669,127.272,152.04967,181.47058,2
128.20734,37.470493,151.9727,206.25545,2
156.44083,106.78858,153.85127,184.876,2
61.690697,133.70314,151.00665,100.39688,2
45.761658,80.09376,151.93509,40.39622,2
36.417824,45.598194,152.90584,113.89564,5
3.1231933,26.418695,150.92032,224.56557,2
178.80704,57.13304,152.3913,87.19884,5
146.30762,110.04649,153.71196,92.84738,2
67.569374,122.98921,151.98047,76.85973,5
147.8952,105.76286,155.60638,52.547665,5
116.319244,107.70273,152.43823,107.30468,2
57.08434,103.13044,151.81894,187.1439,2
102.32457,48.73029,151.38657,246.69298,2
87.75232,49.113476,150.83424,192.54124,2
73.87031,48.21513,151.47624,119.90889,5
54.782696,51.916042,153.1917,90.82798,5
155.51529,149.2213,153.88287,60.85425,2
155.78358,149.47758,153.85661,181.6339,2
29.590916,64.12271,151.31566,174.0528,2
92.196266,49.111786,151.04019,181.66791,2
156.7099,127.50635,154.41466,98.78452,5
179.4928,32.618267,152.33972,102.79971,2
41.68506,84.75557,151.78418,231.7723,2
12.519891,45.585194,152.8463,136.59683,5
99.86849,51.61875,150.98177,203.52649,2
103.71525,27.242014,153.857,103.53949,5
44.356224,0.63101554,151.7491,196.07445,2
40.96405,68.2921,151.57127,112.49621,2
119.56566,77.74983,152.23552,109.448166,2
165.15506,62.99232,150.83267,154.58122,2
161.79948,70.65673,151.62451,131.80832,5
135.1121,1.2879184,152.59418,94.891914,5
150.43185,35.127724,151.4139,158.32019,2
196.87984,129.48737,156.32881,61.335365,5
171.3974,19.778162,151.7841,175.18362,2
154.45982,37.635033,151.52614,184.43805,2
190.58105,66.29575,152.194,107.65733,5
18.905605,83.62896,150.78008,96.85338,2
161.91548,127.42937,154.01173,160.02034,2
198.19395,0.7869755,153.63785,121.5931,5
74.55842,141.66075,152.86713,101.29879,5
39.67796,23.198032,149.65994,65.27851,2
171.90758,146.22758,154.88109,132.27757,2
175.04091,24.249516,152.03041,207.58746,2
164.22186,140.40302,154.28436,97.59866,2
118.604546,19.554333,152.25682,182.4134,2
40.223312,125.91759,150.99057,174.16263,2
55.60424,127.359215,151.04602,160.07901,2
133.0359,105.059944,153.23396,133.82439,2
122.533936,99.36094,154.05107,120.01701,5
115.1624,121.661606,152.7285,38.04055,5
111.478264,60.918907,150.69463,192.94049,2
183.49779,74.77158,152.07271,105.36927,5
126.74067,105.64081,154.71169,111.12476,5
20.304842,69.06607,150.93379,180.28578,2
180.52939,52.79532,152.18826,180.30013,2
102.509865,0.20110582,153.00023,72.06784,5
97.283714,131.20567,152.06422,248.41454,2
110.498764,48.70655,153.43118,98.26136,5
48.61702,45.031227,151.52321,87.04214,5
179.94893,71.97965,151.41653,185.74724,2
113.852554,112.78252,152.48718,88.179054,2
88.17757,22.498579,152.80733,175.30872,2
40.984917,16.847027,150.54474,206.94191,2
36.997337,100.60872,151.59091,115.633934,2
18.924871,37.18253,151.27788,140.07439,2
135.2617,53.59183,151.16277,174.0785,2
67.12932,41.180565,150.16666,169.34239,2
172.61665,74.92878,152.34961,97.25344,5
169.68893,81.37411,154.06618,121.482994,5
149.26279,147.5936,155.27371,99.36716,5
98.29526,135.06894,152.22652,197.327,2
46.751156,140.92581,150.47243,161.78926,2
157.51523,72.17013,152.52328,53.962997,5
199.54381,98.605896,153.54839,235.10641,2
101.20341,101.636086,151.59546,178.02675,2
141.2902,20.842325,151.41373,171.46642,2
103.92912,41.581516,152.49905,140.41219,2
15.739527,37.980022,151.28058,189.46147,2
183.02638,23.142973,152.29514,188.23898,2
196.70782,144.55835,157.15085,117.50472,5
26.41217,106.794685,150.96567,181.43083,2
90.198235,50.937313,150.82529,153.77214,2
49.881096,87.75156,151.99081,164.74683,2
67.628426,47.148716,150.57928,207.4122,2
124.500626,72.36893,151.84186,198.00589,2
69.67745,46.689884,150.4615,202.06714,2
121.95363,50.9061,151.45734,199.56186,2
170.71313,15.123164,152.49533,70.74172,5
191.88141,127.52515,155.20552,51.888756,5
163.52133,3.6838436,151.42627,183.58784,2
52.86176,122.46789,151.28104,101.56046,2
145.72133,8.460834,151.45874,163.27084,2
161.78009,24.603657,151.5298,161.05927,2
138.77187,2.0434124,151.63725,155.30676,2
21.736467,60.43431,152.56384,57.972008,5
177.15132,90.36632,154.60942,117.38812,5
66.07094,69.75563,151.9971,213.57059,2
33.778976,3.523684,152.85571,87.87155,5
131.98392,28.207973,151.70099,154.06444,2
158.63269,82.311005,153.88802,70.00856,5
107.1257,35.18092,152.91078,47.592808,2
183.06119,119.68091,154.28836,106.65504,2
105.91336,44.166805,152.22978,154.19914,2
59.574547,71.11097,152.05017,179.46338,2
12.590794,124.19414,151.97173,136.86133,5
196.3474,57.00175,152.46803,80.24459,5
19.284271,125.40949,150.90495,169.5716,2
69.94351,131.63966,151.24345,125.07164,2
115.74484,145.8632,152.75525,180.10493,2
100.485344,48.60493,152.96849,109.86895,5
12.115617,77.6355,150.49883,164.59583,2
187.0446,91.6623,153.09805,194.84193,2
182.72275,105.05049,154.25154,83.60752,5
74.915634,97.66399,151.63434,160.46051,2
9.5657625,64.47507,151.25775,139.16953,5
128.32008,18.450874,151.77205,199.33434,2
74.56959,107.88787,151.56259,203.21402,2
167.15373,42.103607,152.71837,85.309265,5
49.070675,111.9381,153.23006,69.87031,5
152.6954,19.027088,152.75734,57.58265,5
198.14474,80.59815,152.89178,87.14474,2
176.01984,107.3345,153.67717,80.9297,2
0.06288393,5.2323165,148.81938,28.704247,2
55.30855,80.6498,152.1652,115.987495,2
88.20509,37.48989,152.40402,216.03427,2
8.483028,30.016218,151.12459,177.43141,2
72.03951,69.798996,152.0146,171.18108,2
113.49715,81.72708,154.11461,99.77863,5
155.53902,56.46515,151.1725,184.90175,2
145.71486,123.90978,155.3691,76.87109,5
79.54205,30.360767,152.31128,169.92737,2
69.414536,99.111885,152.45009,67.91945,5
78.32341,71.204414,152.15553,74.07715,2
133.83437,91.90711,153.25183,136.66023,2
49.32882,129.08618,151.40862,82.81064,5
175.32794,29.123077,152.15384,183.25148,2
141.76408,71.90797,151.9916,125.83115,5
24.809128,90.96935,150.93687,214.83652,2
189.61821,146.71954,155.7184,81.499504,2
175.82968,74.3191,151.77437,189.60776,2
107.91889,17.298628,152.58406,185.66985,2
157.8241,26.332829,151.43835,90.86416,2
35.302822,89.33107,151.58969,114.694786,2
117.29016,29.184256,152.54678,104.787735,2
8.144061,135.94594,151.33018,191.47215,2
75.60868,124.94114,151.42772,64.748604,2
14.721574,73.361015,150.71771,160.32439,2
197.63338,4.5000744,152.46526,59.32111,5
12.943681,108.66455,152.31503,98.55248,5
177.52962,0.9666314,153.28899,107.26248,5
78.75701,140.34409,151.51158,81.94691,2
89.23415,72.959274,151.84593,186.72437,2
147.20615,132.31439,154.82225,88.98224,5
173.27895,67.54717,150.9929,166.19101,2
18.003263,145.29118,151.25406,164.66719,2
153.15874,140.87244,153.69688,166.34232,2
82.024536,27.033394,152.62358,199.51614,2
172.67493,18.381968,151.81718,174.43489,2
161.81754,64.869774,150.90411,112.93675,2
79.05896,52.104763,150.84608,197.47859,2
4.652088,13.063301,149.81403,170.92429,2
119.730354,86.55909,152.44131,80.14626,2
17.212698,58.55516,151.47998,27.775417,5
15.241681,26.55318,151.05666,156.34508,2
120.59905,136.72533,152.7816,179.9256,2
181.97308,81.786125,152.64165,124.86593,2
112.84472,120.62955,154.16522,55.443882,5
127.16954,25.349949,152.56903,63.503746,5
171.91907,0.34220192,151.50388,173.7684,2
153.6362,69.52034,152.80069,91.85231,5
67.84429,125.19519,151.22026,201.34966,2
27.019682,30.589468,150.8398,175.36418,2
175.79315,70.75016,151.27974,129.82678,2
29.55757,20.25801,149.48677,83.65533,2
49.86019,138.58356,152.3133,71.30464,5
162.39682,85.50325,153.708,66.101974,5
96.89411,71.91756,151.81743,208.84917,2
184.75677,71.08818,151.33351,193.28105,2
126.453476,60.67526,150.62549,154.37646,2
107.636246,123.47129,153.833,74.193214,5
29.053839,94.39549,151.91467,84.691795,5
196.70998,99.12767,153.41508,173.75131,2
76.517784,147.74876,153.13126,83.321686,5
156.813,139.69594,154.02498,110.55841,2
22.270878,70.75072,150.92104,165.125,2
120.16768,12.297135,153.18404,72.950264,5
52.173344,54.90053,153.18573,94.725075,5
0.31939825,78.78557,152.09602,96.09972,5
66.91864,55.705982,151.72388,110.10324,2
164.54597,74.51944,152.08014,201.0218,2
175.95149,103.58958,153.7791,102.929634,2
1.661888,50.400898,150.89572,99.48982,2
117.594826,99.58352,152.2987,169.91106,2
134.68465,57.00149,150.816,178.18312,2
48.786663,54.729828,153.39474,91.74699,5
110.52139,0.21817546,152.95892,126.68279,5
64.53907,64.63804,152.17789,39.649952,2
111.35745,103.16771,152.04437,169.94371,2
99.505165,105.71597,153.46307,46.459698,5
184.63074,129.51927,156.2524,77.38815,5
117.61993,106.58396,152.72081,91.71309,5
75.880035,110.2182,151.45265,173.79784,2
143.1836,49.339283,152.14236,82.69607,5
79.207794,125.19385,151.4981,92.355545,2
124.22664,74.09415,152.00862,160.53876,2
175.14888,106.3326,154.60828,114.79017,5
192.3552,73.57535,151.9813,94.788185,5
22.328506,140.13702,151.06921,157.5006,2
9.668827,38.666805,151.32198,109.205734,2
170.2601,85.768745,153.28792,47.62136,2
103.971985,62.33905,150.95464,196.97792,2
15.548291,23.853905,150.937,59.407135,2
119.92671,40.885075,152.19618,180.3942,2
169.28659,84.62613,154.71996,64.93843,5
17.061853,43.439774,151.26898,208.90846,2
157.44724,115.86504,153.9327,182.60303,2
195.19377,119.51932,154.36375,183.361,2
106.04626,102.63458,151.71742,207.81262,2
41.37489,124.77551,151.24557,109.60232,5
96.58239,104.27771,151.53809,83.92867,2
179.10983,2.5523427,151.59337,195.91133,2
93.41234,77.70041,151.87694,31.779272,2
4.401307,18.995243,152.19193,58.517677,5
11.335916,8.307645,148.97774,79.91716,2
68.63402,76.92062,152.05156,76.99159,2
77.56696,82.919945,151.76012,92.29063,2
86.02077,1.4906214,152.34769,157.37782,2
25.494364,52.584984,151.4961,124.68526,5
196.68066,35.839123,152.88628,160.85706,2
197.72383,104.43714,153.63457,193.43721,2
51.995644,124.91761,151.15846,50.32471,2
171.80136,25.516022,152.48685,79.55364,5
158.8685,63.638077,150.80818,176.93593,2
71.5577,139.05641,151.1659,189.03885,2
55.617764,23.673405,151.01263,146.50966,2
197.14722,43.735664,153.08879,82.783516,2
30.281796,37.327576,151.82123,98.283134,5
60.839188,97.65993,151.87997,183.46065,2
27.431412,99.822495,151.01385,207.42654,2
13.006548,20.949217,151.00777,101.06503,5
1.5070183,117.59407,150.74385,154.0558,2
195.4436,4.0733185,151.89735,174.34895,2
174.4348,108.01142,154.2013,122.90571,5
184.93144,25.689575,152.38792,176.98358,2
21.247976,39.500744,152.90855,121.80628,5
84.00276,94.27052,151.49222,133.50343,2
43.10017,3.689594,151.60036,205.54204,2
128.45251,3.0387254,152.48282,93.7992,5
138.74164,125.34908,153.37274,94.86708,2
168.86916,146.93823,155.0787,92.23909,5
153.2319,127.26151,153.76672,168.92294,2
92.17693,105.25674,151.45477,174.42947,2
171.18681,25.515316,151.88672,204.54477,2
176.16643,66.59218,150.91751,155.93526,2
24.65666,52.13042,152.6361,127.058014,5
27.05283,126.321785,150.90112,143.32509,2
143.5865,142.00832,153.35245,158.14043,2
72.747574,0.46209654,152.25706,194.13416,2
184.43735,76.420296,152.04762,221.55331,2
196.31383,110.80226,154.28978,117.9759,5
47.72852,71.64092,151.86494,105.773575,2
196.54059,48.45638,154.35582,86.20124,5
5.422466,52.263447,151.99484,79.528984,5
80.251656,47.664772,150.66313,172.25778,2
140.80931,111.03564,153.5836,182.5844,2
110.12847,32.643154,152.83308,68.89658,2
135.59407,126.32392,154.43776,116.536095,5
192.06116,123.27698,155.72041,64.30319,5
130.95126,103.70905,153.14456,194.94955,2
186.85388,65.84984,151.12221,81.570335,2
5.6508207,17.520386,150.49078,165.83252,2
178.98294,50.444477,152.30043,165.55338,2
85.28862,49.851826,150.77586,208.50737,2
196.21942,100.73306,153.4991,147.79614,2
61.086903,76.21296,152.05794,177.53836,2
132.65771,121.769714,153.22318,89.85469,2
15.256459,68.14918,150.79541,83.54617,2
97.08784,112.54303,152.068,72.10236,5
87.70631,135.83615,151.84874,167.63712,2
126.063675,14.110812,151.90141,46.180138,2
108.13348,73.26401,152.91377,28.080051,5
90.64898,50.84179,150.91896,105.51474,2
25.412352,100.45893,150.90712,179.89975,2
105.74508,2.0611012,152.18254,174.1026,2
123.16693,139.6988,152.99792,93.87591,2
32.251854,46.247826,151.30695,168.57404,2
125.066765,26.47874,151.98784,62.08281,2
121.662254,21.661915,152.09218,200.95497,2
0.6305277,101.27947,150.37181,86.29494,2
11.065732,115.529465,151.01381,101.9762,5
46.56883,98.96019,151.81564,176.54988,2
131.02536,67.833015,151.14429,190.51451,2
118.66583,29.976486,152.33636,153.40768,2
107.11269,70.05731,151.61131,209.33086,2
159.9017,53.865757,151.55988,172.81,2
147.22821,97.26758,154.6467,124.95812,5
112.84456,84.94087,151.99323,194.4729,2
51.086468,70.10379,153.28465,68.006035,5
59.982117,79.478386,152.58047,70.60161,5
83.64697,119.25878,151.50763,166.01321,2
110.04647,104.79942,151.99568,209.17232,2
139.93942,115.37523,153.50063,149.82187,2
121.1361,88.40732,153.18489,81.14379,5
125.56041,54.07887,151.5311,69.75563,5
57.77251,100.370224,151.85771,188.0071,2
68.33233,105.19889,152.66287,91.22905,5
115.63884,99.616196,152.19606,183.89346,2
158.70316,54.432762,151.43082,214.90375,2
101.26941,52.977524,150.84972,202.29686,2
63.39177,29.086763,151.1331,59.179993,2
171.4999,98.37061,153.50932,185.19228,2
91.05223,59.337517,151.18134,99.48903,2
186.31938,18.04708,152.8285,132.37216,5
161.74765,131.40344,154.0486,190.47002,2
94.44406,127.41411,152.55392,106.29974,5
146.4133,53.040695,151.32597,62.69754,2
2.3613822,107.67809,150.35164,198.02386,2
23.459887,5.922914,150.55725,51.55042,2
147.77896,72.93762,151.92992,188.98248,2
163.99179,71.35489,151.48476,162.64674,2
36.507282,70.02899,153.11719,60.537643,5
173.02753,25.020828,153.48334,119.359985,5
66.70011,33.576733,152.54854,80.54954,5
158.33372,15.158307,151.38171,189.32332,2
54.979095,129.1557,151.78639,111.212166,5
116.6338,58.93059,150.6011,101.86846,2
50.62015,19.45574,151.64813,93.418846,5
135.42775,144.77596,153.07669,207.22081,2
52.96405,80.90157,151.99956,149.98566,2
152.44423,13.535527,151.63153,138.59473,2
5.292538,52.188107,150.95222,167.57768,2
160.45447,24.503624,151.47112,156.13438,2
56.564686,90.22475,152.02087,156.58829,2
6.906562,47.362873,151.05853,164.21451,2
116.924065,126.06991,153.14738,94.776825,5
0.09103176,13.88309,150.1379,188.1611,2
193.77713,134.84288,155.20267,169.9646,2
139.7864,39.86894,151.59592,160.96338,2
109.00011,130.79848,152.42686,163.60541,2
14.981849,75.79964,152.3929,94.10015,5
163.3697,141.55629,154.20142,192.2161,2
188.61032,94.34858,153.19113,188.2414,2
183.83305,89.5792,153.03178,192.36728,2
74.52285,72.98461,152.00766,222.05852,2
56.068275,147.13301,150.47192,132.19405,2
189.84204,116.84267,154.16385,185.23218,2
41.791492,97.7258,151.7437,203.018,2
8.631821,105.94577,150.43059,186.77644,2
101.30888,146.2723,152.6258,102.939384,2
91.82749,125.97623,152.28316,135.65501,5
99.89471,104.80642,151.70035,93.45827,2
157.10037,149.33614,153.9531,63.591328,2
25.728842,29.19165,150.71484,83.70444,2
23.504696,80.17413,150.94383,171.15106,2
98.34123,122.90555,151.85367,219.61008,2
130.33089,52.53993,151.24397,180.20732,2
142.18156,46.04568,153.16342,97.46609,5
152.37863,123.58724,153.729,189.21733,2
125.228485,137.77948,152.85818,177.48051,2
177.73718,70.59867,151.22511,160.70122,2
127.70951,55.979088,151.02924,96.92179,2
34.007145,145.18407,151.8379,59.280003,5
134.83904,1.1752284,152.99106,71.41094,5
150.2113,32.50245,151.46678,101.83339,2
129.21474,35.691372,151.8362,158.19893,2
127.02096,145.8669,152.89719,98.45464,2
197.09921,138.44669,155.3931,170.62204,2
4.9235916,37.572903,150.99162,176.96872,2
79.981834,15.516673,154.16441,95.96888,5
164.90105,125.40951,154.14821,179.69269,2
12.071587,46.86154,151.14642,79.82039,2
146.3319,147.66188,153.42543,164.41853,2
130.9532,63.384586,150.66139,211.65103,2
23.329391,126.58532,152.56895,122.94801,5
116.19534,33.58361,152.39198,177.01117,2
40.868855,139.50098,150.91185,36.33385,5
68.7239,102.73814,151.74666,201.01105,2
12.259732,65.55661,150.74263,213.88214,2
98.39353,26.581503,152.9762,66.72101,2
173.80374,16.602873,151.81998,176.54993,2
54.98124,122.55289,151.34608,105.12261,2
59.68786,68.12631,151.96346,73.93236,2
141.33575,138.45152,153.24426,169.31921,2
4.487182,52.828346,150.81322,106.91765,2
21.342237,91.60279,150.794,196.63414,2
32.980152,122.182144,150.97462,197.81673,2
145.86792,113.40545,153.74635,172.95956,2
11.770479,92.92318,150.36885,198.87164,2
80.44134,130.3449,151.54288,164.81932,2
24.459887,64.496216,151.10628,167.62965,2
38.643578,113.445915,151.28537,201.73508,2
152.81346,36.22325,152.40381,89.152115,5
180.61261,139.38138,155.78568,83.78053,5
189.53526,93.141174,153.93837,117.75415,5
128.50197,69.83063,151.50029,188.9117,2
4.128071,2.0937896,148.51526,104.83609,2
191.74146,54.806377,152.17215,185.13095,2
10.735023,110.781815,150.5446,168.39363,2
31.147528,128.26146,150.87727,181.39471,2
64.7654,10.636811,151.99525,193.09535,2
157.33618,122.4267,153.95055,194.33156,2
5.661576,56.54165,150.86519,84.05886,2
146.74524,15.820335,152.93903,94.344894,5
68.072266,31.735928,151.21628,174.73639,2
111.76025,144.99466,154.32993,67.11753,5
97.7133,43.676235,152.33368,37.45358,2
18.7449,32.890923,151.48273,78.75332,2
66.565674,51.818687,151.18684,188.40356,2
162.18561,0.36155656,152.69507,112.530075,5
102.4437,124.183205,152.03493,176.78566,2
180.97697,78.61236,152.38965,181.82265,2
193.96944,120.33086,155.62222,92.198845,5
39.463985,68.81888,151.75089,95.137886,2
167.28625,94.90766,153.45941,187.30142,2
165.14636,49.55858,152.21379,121.58347,2
119.493835,43.65827,152.44284,65.905235,5
23.250036,1.9617234,150.60976,186.05533,2
35.611942,56.88216,151.35593,158.76761,2
71.520805,100.6951,151.68646,174.52422,2
84.20402,30.178604,152.62358,164.52075,2
60.399242,92.87046,151.97046,200.95818,2
195.25983,61.219402,151.4579,186.3383,2
27.652311,101.32166,151.05998,151.13982,2
10.727373,81.11113,150.41743,188.07657,2
129.17436,27.643145,151.8288,181.0542,2
106.5595,124.70846,152.20671,152.19026,2
10.431491,48.846622,151.08487,171.9141,2
96.53673,75.17496,151.8257,162.9214,2
146.9336,72.721375,151.86049,173.54578,2
39.324787,132.42593,152.0665,119.16781,5
178.88399,25.160215,152.19734,165.88861,2
33.444664,147.41484,152.10936,67.71836,5
31.017801,146.83275,150.9209,95.80328,2
5.6254253,65.32952,150.5748,167.6685,2
83.16019,31.969894,152.46243,100.6692,2
163.55283,75.233696,152.12344,189.90825,2
83.12656,66.35377,151.91203,181.74731,2
90.48416,25.17201,154.09514,100.62316,5
106.91039,2.2800026,152.27771,40.88184,2
51.05275,99.20324,152.84299,91.29373,5
173.31161,7.4697576,151.61436,210.66522,2
91.41383,13.71463,152.70827,176.16652,2
24.313374,56.926853,151.38718,66.63296,2
186.9836,137.11017,155.30417,82.58838,2
19.797243,68.99466,151.40033,113.24747,5
184.55304,126.76915,156.42137,121.16061,5
60.138985,106.41091,151.73453,179.76395,2
62.974403,42.00028,150.09833,181.50728,2
83.83595,127.92781,151.79938,107.973404,2
155.09015,120.18765,153.88368,156.99884,2
99.295715,15.23689,152.72318,176.6301,2
127.40058,64.3594,151.39745,87.77374,5
5.412942,50.162437,150.97603,187.31085,2
79.90855,47.08517,150.7248,99.73609,2
11.264689,119.193184,150.83498,53.532825,2
127.18567,40.550686,152.00328,193.61449,2
185.8275,106.85356,153.60052,164.40775,2
84.72266,39.273605,151.90009,160.13914,2
195.94092,45.398262,154.23723,93.31378,5
30.357386,39.19503,151.151,174.71799,2
10.680327,24.527224,152.48184,108.218124,5
118.473236,122.89454,152.62292,188.88695,2
140.57385,99.47347,155.27434,96.03526,5
60.212494,92.63209,152.00763,184.97687,2
114.122025,103.05691,152.17819,205.10573,2
44.316402,59.81964,151.57564,186.15984,2
180.70915,27.337276,152.29964,163.3356,2
64.154884,0.78190845,153.8745,109.5771,5
55.480106,149.11978,150.46455,204.95352,2
5.4805017,128.63449,151.10246,158.87758,2
170.68428,148.37689,154.81845,193.15425,2
163.89085,100.08512,155.02779,95.71965,5
188.9152,60.806267,151.3538,186.70389,2
65.35111,110.09866,151.60722,179.26602,2
116.28204,69.923004,151.58801,173.98106,2
106.8779,33.24497,153.88823,75.20398,5
117.50365,34.450867,152.3681,181.81296,2
132.2717,100.40107,153.15317,231.80013,2
138.89287,1.9626435,151.63904,182.8737,2
84.46743,50.074017,150.6792,68.23397,2
79.554276,87.720436,151.70233,197.55756,2
95.65201,100.89132,151.43578,204.90002,2
83.23517,105.54861,153.1235,54.39926,5
142.99417,146.33305,153.27048,101.025764,2
17.770308,93.263535,151.63557,75.73983,5
83.1318,52.014545,152.22992,92.46706,5
136.47995,102.26645,154.50291,77.124985,5
58.105614,33.890884,149.94046,206.61946,2
77.50011,10.606704,152.61969,64.6466,2
46.34494,76.13406,151.89479,194.74933,2
149.36974,87.83909,153.49661,192.81836,2
153.30756,128.61554,153.75488,159.24794,2
16.51534,33.607845,152.96835,87.8021,5
125.7506,101.21506,152.81793,80.55989,2
103.34,67.53694,151.48457,178.96808,2
82.4498,1.572498,152.33562,188.56152,2
123.13932,120.55608,154.53705,97.53575,5
113.71816,15.272278,153.35136,100.38594,5
67.99991,131.238,151.1532,153.8864,2
177.59639,104.69028,153.62189,189.10371,2
170.85793,25.386316,151.86472,177.84848,2
196.04504,104.23689,153.63612,207.8757,2
84.95142,11.901621,152.54005,201.79291,2
185.16998,68.45772,151.1064,169.6352,2
99.39001,77.48497,151.7442,187.02785,2
197.16075,54.08439,152.3638,224.64632,2
189.75818,20.174776,152.37477,218.90173,2
154.79224,50.116634,151.62541,168.94048,2
116.946556,140.49136,152.77359,173.85025,2
160.57516,102.1484,153.80026,218.60356,2
57.701675,55.36503,152.46294,48.75103,5
50.30575,97.296844,151.86795,194.76805,2
140.18294,43.816566,151.61958,205.42595,2
8.610698,27.412176,151.04099,185.07666,2
160.41168,95.99729,153.63272,144.3786,2
113.977745,140.9882,152.79396,179.34146,2
184.20424,18.109398,152.89021,105.23026,5
107.912674,98.88657,151.9812,95.11876,2
167.75957,51.348473,151.8875,186.83752,2
170.45634,28.512178,151.92102,158.18387,2
188.22772,104.70461,153.71022,130.40146,2
39.350502,22.41832,149.6493,201.62935,2
194.08473,32.23793,152.74728,59.669685,2
165.8409,148.69368,154.69508,83.289276,2
15.526423,124.06654,152.40735,115.602974,5
172.2689,87.90271,153.13539,207.77882,2
144.77817,86.6009,153.44089,67.61997,2
94.82514,53.36204,150.70619,71.18949,2
18.744387,67.72083,151.04626,80.07316,2
17.336287,29.42846,151.14964,182.12338,2
48.6994,117.58042,151.28604,191.47769,2
138.08852,146.31778,153.17035,186.84904,2
43.47722,13.859084,151.13924,105.46376,2
5.4497933,143.86316,151.76472,74.95468,2
104.06587,39.22794,152.67177,166.55418,2
106.54839,32.29771,152.94547,66.40372,2
75.24698,97.97903,151.61693,99.36719,2
167.34824,48.8934,151.9528,197.67932,2
65.21943,30.780542,151.00067,166.06047,2
167.88055,111.424576,153.90727,188.355,2
162.75117,103.310036,153.73816,196.71222,2
136.01451,93.14838,154.0052,70.10396,5
62.76115,84.08219,152.7075,57.8762,2
192.83867,111.825386,153.99582,181.9307,2
73.6159,124.115265,152.68439,82.0752,5
26.381178,103.76726,150.97842,220.36368,2
97.88931,45.600746,153.48296,106.371895,5
57.88636,41.313904,150.02835,168.5933,2
106.37524,16.069082,152.56134,178.76645,2
8.295922,134.4935,151.2675,164.03152,2
148.52504,59.182125,150.8091,171.75996,2
177.81326,38.21151,152.44061,147.50493,2
94.44273,145.13715,152.36371,202.92686,2
25.34902,73.92736,151.07774,171.72981,2
88.13873,127.770996,151.72354,171.49963,2
189.3472,49.729626,152.56313,185.7257,2
77.31798,67.96031,152.00606,152.67856,2
158.1988,138.24109,153.92877,227.7491,2
67.94298,118.93458,151.49947,119.06118,2
57.837646,29.931723,150.69951,120.976746,5
48.154545,80.58787,151.94388,160.25554,2
153.63179,98.465065,153.80827,200.3701,2
25.815855,109.658295,150.89775,181.79025,2
169.8749,11.586695,151.61356,163.87411,2
66.04647,9.939104,152.06273,204.0739,2
68.023605,68.55376,152.1036,145.17334,2
4.55829,83.5907,150.19951,90.4917,2
55.23347,102.141014,151.85439,189.44302,2
80.74379,118.10995,151.44374,176.1647,2
140.8949,96.6948,155.22552,84.68386,5
112.991,117.07715,152.28574,163.41083,2
186.02736,55.594147,152.35901,108.72297,5
113.015976,107.48261,152.16386,178.30864,2
199.84288,40.471077,153.37704,124.017715,5
3.1473188,147.54442,153.30826,126.09928,5
41.638012,48.869164,151.30957,185.71509,2
195.82649,14.726084,152.34634,48.254196,2
170.47865,148.03954,156.31323,80.25561,5
47.586582,88.39334,152.55151,53.055775,5
37.547974,49.615707,151.34833,148.01083,2
77.56771,73.54751,151.94884,212.7404,2
119.81598,109.68135,152.5395,229.69109,2
62.799896,65.692184,151.94774,173.9447,2
105.077385,6.375225,152.38191,182.02618,2
164.36963,65.45781,150.85416,182.45393,2
17.475351,76.54022,150.70714,137.21587,2
166.13284,1.6376247,151.46342,171.6029,2
147.48698,134.18239,153.50755,182.76549,2
195.25517,51.95755,154.10225,130.27902,5
29.90248,38.430492,151.18466,199.9507,2
187.33565,14.836656,152.42307,110.91185,5
19.927782,127.926636,150.96179,208.88866,2
56.383533,80.950165,152.37564,68.5436,5
17.642738,110.348145,150.61208,66.9858,2
181.58043,133.60559,155.23538,119.62997,5
133.4887,45.704815,151.67618,179.3451,2
63.969376,58.294262,151.80496,180.45702,2
18.437002,117.8055,152.47314,101.207245,5
10.66145,91.42043,150.28703,174.87062,2
129.96136,24.096842,151.76901,195.39221,2
138.52602,118.29126,153.43747,185.88704,2
48.581154,16.107424,151.20204,171.78548,2
32.42218,70.96125,151.30501,72.77867,2
116.24334,19.622026,152.32706,156.85596,2
37.351936,121.28018,151.09285,197.14459,2
1.3712606,73.637054,150.34814,186.5628,2
144.01875,136.92386,153.36214,195.37956,2
77.796776,85.49986,152.20908,82.54313,5
87.79953,83.14451,151.63754,86.96897,2
159.64748,38.680054,151.79463,152.33513,2
197.80629,144.52141,155.56734,190.84253,2
30.936304,88.44223,151.88083,82.19194,5
2.604545,143.99434,151.9747,111.88364,5
66.70028,41.991985,150.09178,198.29361,2
77.621765,86.78144,151.6961,219.64525,2
189.76862,8.820373,152.05951,161.10745,2
176.92998,126.4997,156.0762,104.5612,5
125.90424,3.2728243,151.85408,200.80656,2
75.84929,149.72134,151.29909,191.02652,2
81.053894,0.3093459,152.28484,193.24318,2
75.259636,115.21038,151.46924,168.05199,2
67.47048,63.54625,151.93808,213.04814,2
164.07301,112.63351,154.10225,70.389114,2
4.1838107,50.409946,150.921,140.83192,2
51.13054,20.634508,150.91255,90.0669,2
185.6807,36.945812,152.63472,194.83003,2
120.35189,134.06137,152.76697,211.83932,2
120.561554,45.372517,153.29552,126.799034,5
185.05234,101.89149,153.4598,173.67638,2
92.183136,73.73061,151.86848,113.15074,2
116.819595,3.6807306,153.79802,136.8981,5
108.06869,17.397726,152.61337,179.27643,2
58.3991,55.03287,153.18794,106.91702,5
1.1064123,137.36374,151.4237,165.58966,2
127.72488,24.077007,152.53082,88.7518,5
181.61873,76.66742,152.07018,165.0772,2
82.98737,65.63094,151.89162,180.02731,2
104.29814,86.89088,152.0445,79.156815,5
143.78091,77.03494,152.58997,104.85987,2
51.521576,96.00874,151.93726,215.44867,2
73.93962,57.663185,151.63763,158.70815,2
28.146692,48.469685,151.2513,150.35114,2
74.38346,26.465063,152.24867,196.04338,2
92.27894,94.073524,151.45721,181.55545,2
97.86539,122.490166,151.94641,149.45102,2
65.69117,108.5869,151.63719,211.13557,2
183.42563,56.480156,151.79042,175.00975,2
116.16605,95.09617,152.26393,97.4908,2
86.04546,125.73583,151.66643,200.1564,2
7.339077,144.02032,152.12964,140.9155,5
189.19272,126.50761,154.64117,185.29408,2
85.13651,58.902435,151.42477,180.17911,2
0.8595519,115.6277,150.83014,98.983665,2
117.69376,136.40164,152.77448,140.70299,2
122.79396,31.085934,152.0907,188.1886,2
143.28563,143.59871,153.24908,192.14433,2
145.65244,137.0254,153.42015,118.88753,2
88.09047,8.145788,152.49008,181.52968,2
186.70778,86.33464,152.90166,199.84732,2
193.5186,0.12341664,151.755,142.38887,2
102.20888,71.7315,151.87329,253.47673,2
11.692203,26.629534,151.24072,143.96857,2
26.320436,125.10872,150.91812,109.87747,2
169.76396,64.50537,151.24767,86.19403,5
185.29778,147.5477,157.03784,104.01801,5
88.04003,92.61235,151.48158,133.8667,2
89.648315,38.220146,152.34796,89.37028,2
105.031906,84.90426,153.42654,107.85351,5
32.80932,46.537743,151.74162,117.57994,5
61.64185,31.6103,150.54317,180.37866,2
64.04331,135.4983,152.39914,94.85286,5
59.788727,76.967224,152.04906,82.978676,2
60.689186,5.19687,152.09686,79.02989,2
77.42477,136.37921,152.03973,119.46539,5
155.41042,125.74518,153.91171,170.53471,2
166.89316,79.079445,152.63298,177.91855,2
51.47434,99.61483,151.89493,199.67578,2
56.567017,124.925316,151.07022,171.8121,2
96.43642,93.35163,152.72215,78.64562,5
150.00897,83.819275,153.30643,197.46127,2
190.6758,117.61031,155.97537,112.59196,5
41.847965,116.85412,151.58383,48.643078,5
132.49866,65.222946,150.80283,167.40778,2
3.8335679,100.2182,151.30623,110.59147,5
193.74902,120.74428,154.47316,151.52895,2
199.55319,1.563075,152.35188,123.583916,5
131.75829,142.83058,153.03723,29.426632,2
128.53535,46.790276,151.72885,213.52518,2
36.094437,23.872711,149.74643,78.16271,2
66.95772,74.65986,152.202,82.812675,2
36.088844,139.17682,150.69249,148.29951,2
127.43998,65.94272,151.29568,104.4066,5
108.95916,83.43746,151.8437,145.65335,2
90.448074,148.00941,152.16476,172.60585,2
43.59883,119.45315,151.12769,160.57234,2
135.60767,112.5916,153.60542,79.53719,2
75.00264,28.553003,152.13881,137.02168,2
43.91675,51.982716,151.4729,185.07747,2
101.07891,77.54904,151.79945,152.21242,2
154.17264,4.3980346,151.52856,207.00813,2
26.605316,27.062084,150.81395,88.14598,5
27.605806,33.23052,151.85631,165.88278,5
119.90421,134.06961,152.77791,171.67944,2
189.30206,98.901085,153.73993,52.224026,5
0.74292254,62.59394,150.50839,164.62367,2
149.10783,85.64028,153.71912,77.88337,5
54.972324,71.7055,152.00772,108.561966,2
141.7085,13.496243,151.42139,172.95828,2
116.545944,96.00722,152.25111,189.27635,2
34.995014,15.293241,150.23048,186.1822,2
62.52283,53.13846,151.46222,145.85107,2
51.20913,64.07522,151.74823,194.11685,2
46.445827,106.71958,151.77582,95.23578,2
120.44395,41.78103,152.13991,158.1839,2
10.577075,13.985506,149.67172,134.46457,2
176.1282,7.617817,151.65576,217.35306,2
79.305016,75.48445,151.92935,184.97153,2
107.60715,139.13057,152.56226,192.51186,2
137.00708,98.14982,153.411,100.69677,2
118.58267,98.47981,152.38007,99.57731,2
128.42152,118.07527,153.00484,181.40355,2
43.9051,15.582842,150.93654,170.91905,2
152.22887,1.4583759,151.93242,84.85823,5
50.77204,28.583372,149.83179,171.78635,2
30.24024,1.8824971,151.149,89.95244,2
61.062622,147.37611,152.02724,85.51296,5
25.820314,22.536339,149.85603,213.2571,2
134.14354,58.633045,151.00822,79.24224,5
166.4259,133.75404,154.31883,226.7348,2
174.83405,149.26643,155.0519,219.12733,2
155.5615,133.97826,153.84412,192.5948,2
90.92007,24.351448,154.00674,47.70231,5
189.1245,134.10364,155.06851,93.809235,2
126.76348,98.92906,153.2818,125.266014,5
144.32126,64.75119,150.78432,199.27548,2
198.84792,14.795092,152.3874,151.9123,2
40.734993,132.08556,150.79141,184.0687,2
5.7364583,142.31807,151.49461,172.13928,2
92.074005,50.547913,150.93828,190.668,2
177.62833,54.58779,153.61115,85.25449,5
39.208904,28.964157,149.63109,171.82397,2
52.574425,37.32288,150.62306,110.52831,5
138.31087,101.09778,153.52995,184.05817,2
22.57697,97.75269,150.87425,113.98843,2
26.481052,4.9716434,150.75455,76.94046,2
77.50547,134.2953,151.45444,176.08443,2
98.37797,47.72696,151.48582,114.00227,2
49.47541,98.383095,151.84706,172.10724,2
60.357327,29.676708,150.63525,215.92947,2
126.131134,50.126472,151.51317,162.70709,2
123.077835,107.570885,152.68245,209.7905,2
122.87276,77.29539,152.36691,193.12085,2
50.27131,59.96659,151.71017,187.38039,2
107.107666,69.90603,151.69772,176.062,2
157.72215,2.1434376,151.48808,184.01584,2
5.506286,12.189375,150.39302,99.9989,5
130.30193,136.20555,152.98116,181.08466,2
36.865276,118.539604,151.46204,87.201195,5
82.59751,105.17277,152.33113,70.24542,5
79.00201,137.01732,151.4715,177.81763,2
100.57531,65.007515,151.4766,86.010315,2
184.98152,99.94078,155.15488,41.41944,5
35.794453,23.163221,149.49251,147.316,2
180.7303,78.78118,154.29288,54.404484,5
62.951496,108.876686,153.48074,115.07869,5
77.960915,52.62144,151.17485,99.162,5
100.479454,24.016567,152.91383,163.52809,2
158.25127,130.81192,153.9045,202.46228,2
6.384022,41.041916,151.0714,111.384415,2
180.70638,148.3917,156.072,110.00924,5
38.444454,110.68026,151.30484,182.68378,2
76.10852,78.83116,151.91115,205.6312,2
101.67372,144.2683,153.56752,74.670654,5
196.64343,97.01208,154.97842,79.51526,5
116.42763,128.38925,152.66103,177.28879,2
133.05598,66.43598,152.3403,86.522224,5
150.69211,2.4524517,151.57486,189.7769,2
63.749996,85.7534,151.97406,135.64534,2
76.32874,85.28575,151.83421,203.67487,2
134.75798,3.1473858,152.48947,83.243675,5
44.015545,139.74695,150.60771,118.46647,2
10.924484,75.738945,152.28595,88.6125,5
111.97527,39.500553,152.55437,204.66557,2
182.52753,50.6205,152.381,71.20335,2
70.4167,74.91893,151.98128,154.36845,2
150.2226,137.51376,153.60287,110.49955,2
177.70137,83.92365,153.09514,78.06373,2
52.633503,111.23575,151.55737,206.4338,2
192.15288,30.270819,152.63847,201.58388,2
93.479,107.37416,151.60094,119.431984,2
55.660522,79.813065,152.2217,85.94462,2
107.070625,109.65356,152.20981,95.0976,5
46.48061,76.776985,151.84203,169.31047,2
57.73459,81.71166,152.01157,174.51888,2
182.993,124.011795,155.917,66.479965,5
55.24639,113.42802,151.53328,93.438896,2
154.56305,50.982193,151.87285,55.385235,5
90.25892,92.38642,151.47813,166.04889,2
106.38081,32.91386,152.80605,178.13814,2
131.50673,125.01739,153.09758,43.774784,2
102.573044,103.516525,151.61835,141.3814,2
18.529888,2.9500616,149.99629,184.75018,2
135.74619,93.97475,154.96526,104.56735,5
101.026375,31.998735,153.00284,36.146767,2
125.98969,20.102818,151.94447,184.03479,2
164.0027,63.149765,150.83643,191.02612,2
91.15189,21.431465,154.13432,20.272976,5
155.93906,148.40022,153.85544,173.48877,2
77.614235,122.39173,151.48778,173.39871,2
85.19826,99.41085,151.46616,155.71507,2
1.7276832,89.85199,150.17308,193.8301,2
174.04446,143.117,154.84648,111.0078,2
33.362225,145.32777,150.6739,188.98666,2
80.57887,74.18904,151.90204,186.07088,2
106.51662,142.36313,152.6842,220.30476,2
189.56152,77.91075,152.31958,163.6557,2
59.72084,105.300415,151.75858,182.31685,2
137.46709,43.54813,152.0523,127.48414,5
19.342043,126.6987,150.93971,210.95164,2
166.62267,41.43528,151.99478,162.34395,2
59.617928,130.57362,150.9707,187.394,2
57.32853,53.48518,151.57669,80.54767,2
145.11177,26.731703,151.49808,111.11581,2
142.5222,2.7558422,151.92079,123.489525,5
82.97614,58.78784,151.45073,161.74284,2
199.41559,105.65096,153.80905,186.38557,2
132.07547,145.47919,153.0171,173.29214,2
146.93152,73.59834,152.08694,177.95859,2
147.98071,49.263557,152.47905,49.533234,5
25.91122,96.62671,150.9695,194.54955,2
127.92431,69.25838,152.31512,118.96599,5
2.6235278,23.134428,151.03935,109.40947,2
106.11731,132.48534,153.75935,80.83362,5
33.89423,93.2796,151.39229,199.67474,2
186.56721,123.10939,155.02213,117.98987,5
168.68205,69.33224,151.1143,180.10257,2
135.27856,48.23753,152.67625,92.95805,5
153.92523,142.08391,155.15466,59.81814,5
112.29308,50.76375,151.39908,171.76338,2
175.88469,0.29501542,151.48476,185.7173,2
176.12416,134.33366,154.69409,69.11779,2
163.51091,103.83515,153.79626,178.00954,2
30.822767,143.4788,150.81804,180.58397,2
141.31381,82.146255,153.05603,201.49232,2
153.9866,80.33735,152.95943,171.59573,2
96.90058,44.41203,152.14577,107.89251,5
100.39409,76.38737,151.8089,199.80469,2
112.290474,69.30066,151.51315,201.78342,2
145.8576,47.760277,151.59483,182.76318,2
78.70996,73.556465,151.94705,178.1973,2
24.39348,12.961692,151.20804,65.718895,5
68.65452,65.140915,151.937,194.2049,2
166.93073,125.96952,154.17271,203.59392,2
177.01952,1.7683698,151.6937,108.975334,2
117.99068,24.07282,152.31442,184.64157,2
194.75838,130.14769,156.26997,94.92889,5
139.78358,147.96294,153.12604,185.22923,2
75.87763,95.20691,151.65854,197.51843,2
9.761976,102.78076,152.2519,72.25433,5
77.373,144.3317,152.7441,96.121925,5
21.494207,46.029537,151.2701,180.78795,2
125.75675,71.04905,151.73544,103.14979,2
130.59065,110.6253,153.13554,115.6598,2
77.07698,51.816772,152.6425,76.69445,5
65.98535,11.934022,152.104,157.1247,2
147.37727,37.385986,151.49129,143.31485,2
6.791597,49.27129,151.05228,208.61465,2
56.862488,25.940292,150.76901,181.94005,2
90.63839,5.4021835,152.46051,103.67896,2
159.58385,36.51307,151.61731,185.66263,2
105.565636,126.35592,152.20032,156.21983,2
60.918335,138.95857,152.39728,87.64125,5
174.604,57.619354,153.18407,82.42402,5
11.179926,118.66564,150.77194,231.18051,2
35.470398,120.49575,151.03873,190.13608,2
172.53821,95.650604,153.40378,203.88774,2
156.08737,1.7020794,151.68092,80.80044,2
134.6827,138.6032,154.76616,78.831924,5
76.61379,117.85443,151.47,164.07246,2
136.75815,8.593396,151.6129,184.9656,2
105.92342,41.70685,152.5073,94.87002,2
86.25576,126.06816,151.68188,150.04234,2
90.19249,16.423166,153.35962,86.89784,5
4.188385,140.7655,151.46515,198.33466,2
174.6797,131.73076,154.55339,202.75562,2
34.301346,12.580921,150.53084,166.02464,2
97.6129,96.51082,153.09042,101.367516,5
196.74562,15.829299,154.1926,74.562096,5
156.3687,86.88104,153.69359,90.77372,5
24.97997,2.861838,151.09969,95.96596,5
13.127587,53.55422,151.03206,64.4464,2
125.09976,99.711395,154.56139,92.04078,5
119.020874,144.1042,152.85396,163.25854,2
14.4547,97.45556,150.95709,49.227386,5
51.08641,101.64854,151.80034,174.13258,2
22.367085,136.41937,151.04262,182.0413,2
18.778585,124.191826,151.99976,67.285484,5
147.1899,84.35177,154.51472,98.81755,5
159.26839,63.18419,150.80074,247.6038,2
78.966835,89.89011,151.92271,74.10775,2
76.935265,55.762127,151.31946,157.20378,2
177.99406,64.978355,150.92392,147.27866,2
116.82064,75.96584,153.66116,63.249176,5
51.900654,3.6011474,153.51462,60.925575,5
171.52533,129.18874,154.41624,164.57544,2
176.8495,120.08424,154.21161,178.68936,2
64.79426,75.151825,152.72473,110.568016,5
94.69145,128.19278,151.9443,103.76759,2
66.57043,109.812485,151.65715,158.69957,2
181.82922,124.03741,154.54395,218.47049,2
161.63937,57.290012,152.33815,88.347404,5
23.060696,126.25099,151.9073,117.34768,5
64.210075,20.764519,151.81223,150.40875,2
111.10729,16.877874,152.4602,191.64238,2
155.09598,31.751156,151.44691,168.45268,2
112.90766,24.090496,152.52357,195.92426,2
34.747734,133.6697,150.84903,217.50499,2
0.990927,17.482979,150.42441,178.16075,2
48.443245,25.567327,149.94777,168.41367,2
67.60706,44.045353,150.32816,145.52957,2
27.721693,42.042942,151.89732,120.07022,5
197.4767,134.47769,155.28261,99.6177,2
100.2804,73.24432,152.78424,30.907957,5
175.09239,11.453701,151.72876,142.80072,2
168.05215,145.33038,154.52872,147.48297,2
54.906456,118.79202,151.48433,69.87081,2
47.362076,77.517265,151.91646,105.38004,2
137.55405,31.931704,151.53906,93.51653,2
84.880104,49.088326,150.70811,171.99033,2
63.136517,104.83742,151.79195,165.31413,2
146.30586,5.7929673,151.44202,193.49911,2
100.07374,103.99306,151.57701,192.30408,2
150.82108,115.80507,153.77472,155.80286,2
31.910378,71.28678,151.27979,211.53851,2
133.309,8.2886095,151.6389,171.97295,2
39.246178,41.844837,151.03119,178.47943,2
101.091995,143.05144,152.4865,120.35192,2
199.37115,127.87936,154.9658,71.15461,2
79.20289,82.48886,152.34068,85.71483,5
14.89738,28.422974,151.15044,228.13219,2
89.95367,119.76247,151.64989,137.11754,2
5.795577,11.431533,149.51236,104.68629,2
77.70711,2.2457197,152.31982,189.8197,2
197.18971,56.344616,152.17667,111.65624,2
125.30688,102.54368,152.78702,180.43332,2
97.99678,149.65573,152.52625,166.08382,2
61.18078,2.8170712,152.07324,215.79741,2
189.5633,74.777016,151.83206,202.88347,2
59.855534,108.464355,151.7541,188.82948,2
50.131466,16.679169,151.29312,177.82918,2
163.22375,104.80011,153.80719,177.79681,2
143.03949,130.02654,153.47704,190.09016,2
164.78061,4.3842206,151.45871,167.10669,2
181.99269,92.60183,153.15839,162.3309,2
146.18298,149.6729,153.36768,205.8225,2
143.8656,30.589087,151.31975,178.34485,2
166.6802,79.55835,153.04082,62.98455,5
21.16184,93.64501,152.44533,85.971664,5
142.85567,78.73756,152.83421,154.89148,2
195.4933,63.86393,153.09706,72.790146,5
115.861694,57.01048,151.08154,72.63781,5
121.39093,143.37177,152.84258,166.61049,2
112.70101,149.72112,152.86629,158.20866,2
44.498833,30.675348,149.53456,169.6535,2
198.74007,122.41754,154.63724,166.76479,2
77.258675,124.21889,152.51772,67.66331,5
74.56719,33.530117,151.6637,180.33028,2
145.1995,58.96267,150.7936,147.96979,2
146.44487,77.78784,152.75256,85.38122,2
42.14772,17.084087,150.67697,63.265923,2
39.12712,116.67276,151.23924,100.4776,2
68.892426,58.270664,152.82718,73.690285,5
115.35414,115.48022,152.74535,98.851295,5
50.053688,42.92649,152.27362,121.21831,5
109.26198,148.74332,152.99152,121.28269,2
27.598816,83.91088,151.08678,210.39944,2
49.341423,17.82294,151.2729,117.166565,2
123.03975,48.545456,151.69173,146.8669,2
29.264032,144.07614,150.84404,202.46573,2
110.11443,121.74939,152.31868,168.37177,2
100.08896,146.93787,152.54405,181.13025,2
157.1999,0.793752,153.36154,114.7437,5
150.43391,110.82488,153.90646,185.9755,2
92.934975,17.067232,152.84032,79.09506,2
9.1874,3.4029236,148.92091,149.5196,2
129.63628,125.04869,153.00966,158.0594,2
31.566227,145.4251,151.40079,79.08574,5
165.21103,107.702156,153.86119,179.28949,2
191.74599,144.93336,157.23544,73.87496,5
4.7170916,137.20926,151.3954,48.632465,2
145.85864,103.06089,155.19699,46.239708,5
145.8923,25.459553,151.30432,194.90335,2
172.26102,28.997656,151.96089,168.7553,2
78.62296,20.790813,152.69373,50.16052,2
20.85762,149.23444,151.25131,193.31213,2
12.315377,149.21454,151.54105,185.91672,2
99.37048,103.41193,152.05759,56.293896,5
77.10147,101.41771,151.57574,172.7075,2
192.92673,103.62482,153.55942,197.07039,2
50.405525,49.731293,151.42303,106.70831,2
25.3912,47.41687,151.28082,196.96115,2
178.55019,1.6745605,151.55186,175.76752,2
74.505005,130.72643,151.48799,131.0561,2
197.27686,24.069265,153.18462,89.572655,5
59.718376,71.26683,152.11218,126.36234,2
84.61827,78.07026,152.34111,72.60036,5
14.364108,77.33119,150.59444,80.09241,2
140.46591,62.985798,150.9524,67.267685,5
140.28354,123.17372,153.39114,181.35205,2
77.492516,122.36913,151.49277,27.809752,2
144.2886,87.47408,155.06853,93.34143,5
115.053535,9.752481,152.22775,146.88765,2
149.05415,135.71687,153.59277,138.9654,2
197.04845,100.38298,153.49042,192.81029,2
120.827225,144.95625,152.86568,212.04353,2
73.15068,42.585724,150.49312,179.21733,2
2.8178542,109.23643,150.44696,143.95859,2
170.17386,146.95433,154.73987,184.7523,2
104.28545,77.80718,151.95398,98.033424,2
69.29078,2.0304036,152.21916,199.62766,2
127.76495,71.223946,151.66753,32.987404,2
156.48605,15.833765,151.3379,197.053,2
31.574884,147.72827,152.51683,85.583,5
91.86175,72.623344,151.89723,181.64818,2
17.472786,86.3076,150.58136,108.8207,2
89.07265,48.16781,151.01823,182.9944,2
113.275154,145.56593,153.14197,99.31183,5
184.90921,135.06116,154.97754,210.34,2
20.4931,105.46412,150.7231,169.98074,2
76.545685,88.378456,152.48755,80.38794,5
67.86553,29.314705,151.48663,86.72714,2
146.283,102.44952,155.2524,72.489006,5
58.334545,51.05812,151.34747,195.34238,2
165.7066,0.6431304,151.49524,156.4177,2
60.707935,148.28697,150.54375,183.4993,2
181.49553,119.40632,154.20589,154.0463,2
179.72336,26.876598,152.18822,154.55133,2
170.725,130.23268,155.34213,97.37158,5
79.58219,100.43999,152.19917,103.73873,5
69.31255,118.842384,151.53146,87.457634,2
122.2374,50.63484,151.43655,118.34145,2
57.50241,116.57823,151.40073,193.44917,2
23.363163,80.5988,150.95926,85.02151,2
6.129395,91.43491,150.67613,90.58976,5
148.21336,23.425707,151.27599,192.81967,2
0.50599456,144.03062,151.62263,214.56252,2
110.069084,22.269814,153.53502,58.5165,5
50.432262,146.97495,150.94913,122.21251,5
148.41951,48.8285,151.57095,178.69336,2
182.39706,82.1913,152.67627,180.59328,2
168.09668,3.723563,153.34238,78.22496,5
140.23843,126.55961,153.38577,181.97327,2
140.2603,23.331915,151.47908,92.95958,2
88.33256,99.05037,151.83684,96.897644,5
29.219965,136.46829,151.40625,88.45779,5
76.025444,124.60055,151.37482,157.09558,2
161.17006,79.0717,154.2332,63.427612,5
17.47686,116.90478,150.93997,119.776566,2
3.6984563,17.735355,150.50533,71.10308,2
73.201866,70.0396,152.02954,187.77972,2
59.320446,53.636604,151.55055,95.42348,2
65.30803,101.96313,152.17311,60.441814,5
165.99376,4.856182,151.47374,106.00866,2
192.12645,0.74078274,151.66289,184.52487,2
192.92844,131.18732,154.94707,204.97562,2
99.88864,119.875916,151.87994,171.02493,2
72.6887,30.747042,153.44098,85.133545,5
110.24078,48.009983,152.22949,117.23518,5
90.447815,129.52014,151.85997,184.78333,2
113.609634,62.07557,150.75708,161.2065,2
123.00702,125.00851,152.9869,65.237885,2
77.87132,50.622036,150.75537,159.18726,2
20.61333,21.565632,150.06686,177.39061,2
30.919544,2.3708935,151.14691,76.68397,2
123.38203,99.19805,152.70699,170.27997,2
166.03294,100.70173,153.94838,97.27363,5
181.20781,29.073061,152.33783,163.61331,2
36.49482,36.92969,150.75203,182.78232,2
162.61665,122.69904,154.14651,84.08628,2
82.688675,59.116787,151.62927,87.87184,2
81.28253,50.50048,150.73357,107.49509,2
73.42939,121.44389,151.43219,160.50899,2
157.55853,53.937565,151.84319,94.87816,5
101.553474,77.44935,151.81151,205.38602,2
6.3483467,99.96971,150.2494,174.68639,2
185.59506,97.94985,153.29951,110.590065,2
31.908352,64.57275,151.31918,161.83408,2
135.25096,55.90183,150.91826,177.52641,2
106.1941,63.71396,151.08113,189.6816,2
141.5883,90.41581,153.44322,167.10445,2
14.904171,40.363354,152.0213,81.97536,5
44.508343,60.70903,151.59192,199.52489,2
167.88042,145.59084,154.57996,188.911,2
85.11624,7.3529615,152.4858,193.72328,2
168.30154,132.97072,155.97081,65.88909,5
40.018547,93.54516,151.68237,177.3706,2
119.42391,76.885895,152.25299,53.919373,2
163.21106,64.26983,150.78893,242.72144,2
8.286048,53.95141,151.35803,110.10935,5
199.96863,59.756287,151.8743,66.82254,2
121.57205,74.81194,152.19395,140.33365,2
48.020912,133.99474,150.68114,214.07433,2
49.33813,91.03251,151.93929,190.9412,2
21.935318,79.111374,150.87033,183.487,2
183.11374,35.76302,152.49576,160.74792,2
186.63083,123.789925,154.53094,203.38441,2
96.72969,46.28368,151.68637,140.50793,2
13.968414,89.464905,150.45216,92.8784,2
44.735107,106.07519,152.86674,61.298714,5
94.80887,120.49012,151.75064,191.37778,2
17.534277,101.324425,150.6398,110.49623,2
189.63704,149.47266,155.65002,188.04468,2
146.36314,101.86629,154.08354,147.94681,5
21.57767,49.551853,151.74086,60.935646,5
168.92325,146.03159,154.67218,111.6049,2
44.548855,137.79503,150.84886,81.77316,2
69.426056,142.70375,150.98453,148.17365,2
137.27135,75.660385,152.39824,168.20097,2
90.99584,58.773457,151.13025,157.79257,2
130.34193,133.14319,153.04674,165.64203,2
51.330444,105.96556,153.30853,117.74591,5
143.06317,48.46224,151.4982,199.18835,2
68.1445,94.91042,151.81914,192.20898,2
106.35866,85.76821,151.7812,66.748276,2
47.40097,88.63837,151.95804,166.26547,2
119.28649,0.09818237,151.9742,212.74669,2
88.28286,29.053469,152.8027,206.48784,2
167.6273,1.9686892,151.47197,184.03152,2
177.12532,4.743573,151.68066,207.44,2
51.00506,45.35996,152.1183,111.62715,5
161.01433,80.08281,152.9482,88.798164,2
163.29785,74.757454,152.07697,202.05574,2
98.48347,50.249638,151.16025,179.81355,2
197.62819,0.05306695,151.80223,192.4933,2
199.4354,80.84608,152.78123,174.86583,2
173.50525,4.005712,151.53099,185.62875,2
80.4904,121.49434,151.46004,207.9703,2
108.99865,27.819714,152.77711,205.00497,2
173.77495,21.578943,153.58922,87.83199,5
158.60664,122.52755,153.97711,133.50562,2
36.989876,102.47322,151.43974,166.01796,2
91.576996,121.546814,152.11748,131.98491,5
66.27346,2.2324533,152.26183,216.90637,2
147.73744,73.24535,153.10802,68.65667,5
28.238714,124.29306,150.87584,181.41577,2
151.98122,61.491913,150.73358,170.43375,2
195.33281,10.634182,152.34216,105.430885,2
12.189087,96.8671,150.39545,209.494,2
161.90665,119.0375,154.03204,208.15233,2
91.67532,49.225296,152.01894,104.292305,5
26.67109,137.49979,150.94893,159.27327,2
199.78526,83.557686,152.89441,97.41495,2
38.151344,86.06857,151.64003,215.11986,2
197.22615,106.55036,153.73566,190.82803,2
112.56561,101.22007,152.14505,108.53197,2
2.7409477,148.01471,151.6284,219.93164,2
42.758747,100.82592,151.67944,171.25687,2
184.00854,67.742195,151.03198,174.90306,2
169.027,129.60681,155.89185,100.28636,5
95.73086,95.81422,151.55748,97.79174,2
28.758167,117.90357,150.92891,197.57184,2
129.23076,17.90754,151.77182,182.27824,2
14.399153,7.0703583,149.14809,171.12871,2
112.112,6.35446,153.50627,76.89644,5
15.765615,6.259269,149.3194,199.37181,2
4.208442,63.002556,151.14214,63.785187,5
116.683365,54.365677,150.91632,198.71327,2
176.4471,75.0267,151.96317,150.96338,2
109.735115,100.51661,151.9126,190.81493,2
106.56971,119.204765,152.10849,174.89307,2
