1.482666834652483203e+02,1.483317336049547350e+02,1.484329472104130332e+02,1.485467415987309039e+02,1.486768791371471821e+02,1.488400360603766615e+02,1.490256905819519488e+02,1.492189497059910650e+02,1.494129890802131513e+02,1.496116849719488755e+02,1.498156912761355670e+02,1.500157772723279379e+02,1.501865165946994125e+02,1.503330156172340253e+02,1.504843915440755495e+02,1.506284503288615326e+02,1.507551279653652614e+02,1.508739823693732660e+02,1.509866622921715589e+02,1.510808446572716832e+02,1.511610139478352721e+02,1.512448697781957208e+02,1.513229037195597755e+02,1.513881397954422141e+02,1.514446960651270047e+02,1.514963892292431922e+02,1.515560882063288659e+02,1.516120482979419535e+02,1.516648692516921813e+02,1.517169254405723109e+02,1.517510771923591619e+02,1.517797986960007961e+02,1.518186505194895233e+02,1.518555517817828786e+02,1.518935649728186945e+02,1.519388734592826609e+02,1.519818061533626405e+02,1.520093597674512012e+02,1.520207547408865878e+02,1.520326470944631581e+02,1.520633439600220242e+02,1.520982828896089813e+02,1.521266733115496095e+02,1.521601055614715960e+02,1.521895607235831562e+02,1.522062456683053142e+02,1.522218793011243179e+02,1.522403586710149739e+02,1.522547548984187813e+02,1.522646653574759910e+02,1.522829387213919290e+02,1.523040906297840706e+02,1.523176059351167453e+02,1.523171392626786087e+02,1.523148348621742798e+02,1.523235758621528362e+02,1.523334687358211568e+02,1.523364646644984646e+02,1.523373897279388416e+02,1.523321000501274511e+02,1.523242339663365783e+02,1.523220663920513971e+02,1.523277544501634111e+02,1.523186683499093874e+02,1.522915767291030988e+02,1.522736804530102290e+02,1.522724792016646802e+02,1.522665505822994589e+02,1.522385965710267328e+02,1.521983431870746699e+02,1.521652263298842627e+02,1.521470982346376672e+02,1.521350169650956445e+02,1.521204912708953714e+02,1.521026770168431312e+02,1.520889604730528220e+02,1.520811501339775305e+02,1.520743327317346711e+02,1.520549623650317699e+02,1.520279403132274751e+02,1.520098939365298918e+02,1.519892590698391359e+02,1.519467160530448666e+02,1.519038578593448676e+02,1.518822751562102553e+02,1.518716908317831837e+02,1.518585478682116729e+02,1.518271445492578096e+02,1.517850682266884803e+02,1.517540462775642141e+02,1.517322626972254511e+02,1.517067666555939240e+02,1.516852499929261171e+02,1.516647402873071542e+02,1.516418378401513394e+02,1.516349296678383780e+02,1.516292673297397755e+02,1.516003014018700696e+02,1.515629426926567476e+02,1.515415362712336673e+02,1.515416884720332860e+02,1.515430371107390783e+02,1.515354248841535991e+02,1.515268817466253211e+02,1.515195938902290607e+02,1.515023147618286430e+02,1.514843913113150222e+02,1.514736494862950167e+02,1.514720751535056706e+02,1.514786793121105006e+02,1.514813496960495627e+02,1.514735259304646036e+02,1.514712309597285866e+02,1.514790292428328371e+02,1.514854310065119876e+02,1.514968857322122915e+02,1.515203433956926347e+02,1.515402462017002847e+02,1.515444687542604072e+02,1.515414735021787465e+02,1.515511234845411082e+02,1.515689350098433295e+02,1.515834863336315834e+02,1.516017219906636342e+02,1.516211997229309532e+02,1.516369029331736442e+02,1.516583605133425863e+02,1.516864291393608823e+02,1.517173298830017529e+02,1.517550547633637166e+02,1.517883411156356601e+02,1.518110259998275069e+02,1.518168462870185067e+02,1.518146140653237239e+02
1.483407308723180620e+02,1.483881532551509963e+02,1.484600313729291372e+02,1.485523090494440908e+02,1.486655161436007688e+02,1.488024753210758035e+02,1.489657536807803240e+02,1.491418083614399279e+02,1.493242581390141197e+02,1.495195248803538561e+02,1.497268691567553276e+02,1.499313765272865453e+02,1.501066480593620724e+02,1.502598624769362914e+02,1.504166845202167906e+02,1.505680594142220343e+02,1.507038772191953342e+02,1.508277999855152700e+02,1.509456475254668248e+02,1.510538066796074759e+02,1.511478026998759105e+02,1.512351178456425203e+02,1.513082170353990819e+02,1.513687352489401405e+02,1.514225692665414726e+02,1.514756375169652642e+02,1.515363999954358292e+02,1.515969581806970439e+02,1.516516671813802759e+02,1.516978434400503488e+02,1.517326219838760153e+02,1.517728305030486808e+02,1.518200717235465618e+02,1.518556569059063577e+02,1.518872328391715314e+02,1.519189138989972889e+02,1.519533367529822385e+02,1.519834875265673304e+02,1.520084470874461715e+02,1.520355372457277099e+02,1.520655248261793417e+02,1.520964600076459874e+02,1.521297637649898036e+02,1.521666905920378099e+02,1.521955659774998253e+02,1.522104407627101637e+02,1.522289258524567117e+02,1.522519899348870922e+02,1.522689053923146218e+02,1.522853612318292562e+02,1.523076241115941230e+02,1.523278106207073677e+02,1.523416868783062341e+02,1.523415144874324483e+02,1.523393619589140258e+02,1.523458177621186564e+02,1.523561013064629890e+02,1.523687124202164682e+02,1.523752384133053113e+02,1.523710440520891893e+02,1.523657545496554349e+02,1.523611103473189701e+02,1.523582873381636489e+02,1.523485594568704187e+02,1.523316583568173996e+02,1.523191854463192101e+02,1.523098972207471888e+02,1.522944078854985150e+02,1.522692767237766702e+02,1.522399411986742166e+02,1.522164435799175237e+02,1.522021493089021646e+02,1.521844621760182008e+02,1.521614928812105632e+02,1.521435735370787654e+02,1.521302845953255769e+02,1.521128704681856902e+02,1.520948075155726542e+02,1.520674094035163080e+02,1.520394857120924996e+02,1.520180097338614473e+02,1.519925921890726386e+02,1.519541105729856554e+02,1.519155111938555933e+02,1.518887801119590222e+02,1.518687898211916263e+02,1.518524401376380126e+02,1.518245141595282064e+02,1.517847503724807439e+02,1.517561537584020357e+02,1.517344862930771967e+02,1.517053923642101267e+02,1.516770288726805234e+02,1.516587355112196747e+02,1.516477860278465357e+02,1.516444225868834224e+02,1.516328805165196627e+02,1.515978873386252985e+02,1.515560242555803825e+02,1.515285300632052099e+02,1.515201895507294125e+02,1.515220238251846467e+02,1.515237991127415853e+02,1.515251662082017674e+02,1.515249358974201073e+02,1.515129069911885153e+02,1.514957100474726417e+02,1.514781150887288845e+02,1.514751825384748827e+02,1.514860633619178429e+02,1.514909515284317933e+02,1.514851102546350035e+02,1.514921039657266419e+02,1.515128726591262307e+02,1.515200710566792281e+02,1.515235366307268237e+02,1.515385167958159514e+02,1.515533107731752125e+02,1.515596456059338095e+02,1.515655132790980701e+02,1.515788505212162534e+02,1.515974724767355610e+02,1.516213119763382053e+02,1.516468042368706506e+02,1.516624731237181436e+02,1.516743943646381751e+02,1.516977580452537495e+02,1.517247086695342944e+02,1.517541631950876706e+02,1.517958084180542073e+02,1.518359450485224613e+02,1.518622398049815274e+02,1.518715729491301545e+02,1.518714265652972131e+02
1.484722663859255931e+02,1.484904552282020518e+02,1.485229357647582447e+02,1.485808885664770855e+02,1.486615187920049834e+02,1.487604988182663703e+02,1.488877557710257804e+02,1.490379252279278148e+02,1.492050277848014161e+02,1.493889836392531834e+02,1.495862415717211320e+02,1.497809003659329221e+02,1.499592389849409244e+02,1.501265371326483660e+02,1.502957312481585745e+02,1.504592352106043904e+02,1.506072140960241086e+02,1.507415734521320871e+02,1.508672280799570729e+02,1.509887158881296045e+02,1.511046778523360956e+02,1.512036489003683073e+02,1.512707814695668276e+02,1.513255556043069419e+02,1.513816591383185823e+02,1.514422325984501470e+02,1.515058195650573225e+02,1.515709462457099903e+02,1.516324100576004525e+02,1.516748497865064564e+02,1.517047314429432845e+02,1.517511360565290488e+02,1.518058574933052682e+02,1.518425539607354153e+02,1.518733013300052903e+02,1.518964921604162441e+02,1.519200597843876324e+02,1.519492677964954908e+02,1.519840022838918685e+02,1.520234560052243751e+02,1.520559612227174853e+02,1.520864620275589516e+02,1.521244228762294881e+02,1.521603604991576049e+02,1.521848386260072346e+02,1.522037480607622228e+02,1.522308099569011119e+02,1.522616309927144016e+02,1.522862589307654275e+02,1.523100586214291070e+02,1.523318957333698620e+02,1.523518652017135651e+02,1.523668898814345596e+02,1.523687419544162367e+02,1.523742910167061950e+02,1.523864579282305840e+02,1.523946176021105998e+02,1.524092227420994163e+02,1.524224665758573565e+02,1.524207028808386895e+02,1.524165022150565392e+02,1.524151647736267421e+02,1.524098503362742747e+02,1.523965551681855857e+02,1.523825320031800175e+02,1.523725772379048635e+02,1.523557186528313707e+02,1.523354138547929892e+02,1.523177633934024584e+02,1.522990287797055089e+02,1.522851435315066624e+02,1.522747617590891593e+02,1.522482848966912456e+02,1.522130823473638941e+02,1.521930330251620376e+02,1.521786538142244467e+02,1.521484844840032622e+02,1.521146273684112771e+02,1.520795042856705379e+02,1.520465580512932320e+02,1.520177721314350663e+02,1.519893936116578459e+02,1.519569534762788976e+02,1.519228908393530446e+02,1.518952204486435278e+02,1.518734643731970664e+02,1.518527839194775595e+02,1.518208561883324705e+02,1.517815787297943189e+02,1.517542087998054967e+02,1.517292944862114155e+02,1.516974468262349660e+02,1.516654461010347461e+02,1.516485745501731230e+02,1.516435718137620938e+02,1.516374629696542797e+02,1.516188467089238827e+02,1.515802785012363074e+02,1.515376656947821061e+02,1.515094686303988851e+02,1.514949608088732589e+02,1.514943328387140014e+02,1.515014213035735793e+02,1.515074382892599374e+02,1.515094548956104177e+02,1.515065711774892634e+02,1.514994429036916586e+02,1.514818855465989884e+02,1.514768963064591389e+02,1.514876424242380892e+02,1.514949257458515604e+02,1.515005175468323557e+02,1.515239172661176781e+02,1.515574804298650520e+02,1.515675039246366964e+02,1.515673082536220591e+02,1.515710345826100820e+02,1.515766219439695988e+02,1.515865878642326265e+02,1.516047612414831463e+02,1.516237313441733932e+02,1.516432238998254718e+02,1.516742924958277854e+02,1.517055738752533784e+02,1.517186674040393655e+02,1.517308478787224146e+02,1.517568960547082497e+02,1.517830672404136010e+02,1.518105286609858240e+02,1.518512613812707741e+02,1.518921291538985940e+02,1.519206944032985120e+02,1.519413127434340538e+02,1.519529086698084939e+02
1.486591744194025182e+02,1.486524147447396444e+02,1.486453660620278185e+02,1.486620772186759041e+02,1.487032602251556739e+02,1.487630042952661142e+02,1.488484141032746209e+02,1.489642984988293222e+02,1.491082336068462268e+02,1.492708329601609876e+02,1.494445086419527797e+02,1.496204724321809181e+02,1.497995235783020007e+02,1.499767165795257426e+02,1.501528207333981584e+02,1.503214820074615261e+02,1.504740898206714519e+02,1.506179330961736582e+02,1.507539582873534982e+02,1.508841700829061097e+02,1.510120665247419538e+02,1.511228480302017658e+02,1.511989570478548046e+02,1.512609837084963829e+02,1.513262563668200755e+02,1.513956674106471780e+02,1.514622490570067157e+02,1.515282210673699979e+02,1.515956476871205609e+02,1.516437775472661542e+02,1.516726847863652097e+02,1.517111656891507039e+02,1.517599379636734795e+02,1.518054083123295186e+02,1.518495667281703732e+02,1.518777914521789398e+02,1.518958343149697896e+02,1.519225340496172123e+02,1.519552598952291760e+02,1.519928823544750571e+02,1.520293411446893970e+02,1.520600501422279649e+02,1.520954792223582785e+02,1.521328176084278425e+02,1.521618294576623782e+02,1.521861729639850864e+02,1.522169412932884143e+02,1.522533447718232082e+02,1.522924061094942942e+02,1.523284935105260161e+02,1.523507019297072702e+02,1.523694902851891584e+02,1.523822319521320310e+02,1.523864680567305072e+02,1.524021994568593072e+02,1.524256279227249422e+02,1.524359946967144879e+02,1.524478339012611343e+02,1.524614698680034621e+02,1.524603639364190144e+02,1.524600477986846840e+02,1.524679062529271505e+02,1.524674174431296478e+02,1.524492366851721670e+02,1.524309028990486468e+02,1.524188753810884691e+02,1.524010279351162467e+02,1.523891605581642068e+02,1.523814784299469807e+02,1.523623042399377425e+02,1.523489792953590438e+02,1.523366159657731487e+02,1.523000377012277795e+02,1.522578072642161828e+02,1.522357832127047459e+02,1.522207405322714635e+02,1.521860763685812401e+02,1.521418597807716537e+02,1.520989748008131528e+02,1.520579238099833788e+02,1.520234728771029609e+02,1.519949174976790118e+02,1.519639263401717244e+02,1.519298345550409124e+02,1.519038258744577092e+02,1.518840063079992433e+02,1.518533378428207925e+02,1.518099739291808419e+02,1.517683522538458760e+02,1.517414313426140779e+02,1.517165741697805856e+02,1.516826246901955528e+02,1.516502457715911305e+02,1.516306205913044778e+02,1.516178120368737723e+02,1.516033097729032022e+02,1.515829176126996458e+02,1.515482831937823676e+02,1.515096142185855115e+02,1.514864331680939245e+02,1.514746076886949027e+02,1.514718131014157620e+02,1.514753187886626620e+02,1.514774019901485644e+02,1.514760093924898854e+02,1.514750680832937633e+02,1.514762141584628239e+02,1.514754945353806477e+02,1.514810971285440360e+02,1.514879424198760489e+02,1.514938293557040936e+02,1.515113569688348036e+02,1.515407891445588007e+02,1.515723694179397398e+02,1.515913280222613935e+02,1.516028284801691939e+02,1.516049153908545009e+02,1.516085404331390123e+02,1.516264011409859904e+02,1.516538369069883174e+02,1.516761687415105371e+02,1.516974695607293313e+02,1.517280865952259319e+02,1.517574964150143728e+02,1.517723043557792835e+02,1.517900241935366239e+02,1.518175763451082219e+02,1.518472728707349972e+02,1.518791973506857289e+02,1.519203888581000115e+02,1.519603617284711277e+02,1.519809540021042267e+02,1.520010941399163187e+02,1.520219547101737021e+02
1.488795927593202748e+02,1.488580975147702929e+02,1.488182232370286897e+02,1.487933647832365978e+02,1.487952782823062421e+02,1.488235062535426323e+02,1.488732842762182713e+02,1.489473736538456592e+02,1.490538709029159179e+02,1.491833400775718133e+02,1.493244368542285088e+02,1.494786510269360633e+02,1.496539524414976654e+02,1.498314183255453429e+02,1.499978429834447411e+02,1.501595158197933415e+02,1.503168171059056704e+02,1.504745778629389861e+02,1.506248927727796456e+02,1.507615011818383266e+02,1.508920513419034819e+02,1.510111296463921917e+02,1.511059069970536370e+02,1.511840276290569989e+02,1.512581844334906407e+02,1.513318972996875686e+02,1.514009179231073006e+02,1.514657986831705614e+02,1.515328458070114834e+02,1.515903328991069543e+02,1.516323661986493789e+02,1.516714394117690290e+02,1.517132186681205042e+02,1.517584390681154218e+02,1.518056605302078594e+02,1.518429349596271152e+02,1.518680358537127972e+02,1.518981744701092964e+02,1.519306454109247397e+02,1.519653714771305317e+02,1.520047285242758335e+02,1.520374370988156443e+02,1.520704754536155292e+02,1.521093018158011319e+02,1.521447178717950806e+02,1.521704511612551300e+02,1.521993687377408833e+02,1.522382626118891835e+02,1.522870309385014025e+02,1.523313886022771158e+02,1.523556243172507152e+02,1.523775611293246470e+02,1.523942773134295123e+02,1.524029189458631492e+02,1.524194761868567980e+02,1.524466746254159659e+02,1.524655048410682241e+02,1.524789174381671728e+02,1.524906913344244117e+02,1.524957466890375031e+02,1.525068225718650297e+02,1.525221982978807773e+02,1.525226308262277257e+02,1.524979455419809824e+02,1.524770933439580460e+02,1.524658091777769755e+02,1.524526787052905377e+02,1.524490109742208688e+02,1.524447902576362708e+02,1.524190984899472596e+02,1.523970973875002528e+02,1.523772128809182504e+02,1.523383188991384145e+02,1.523021593085445033e+02,1.522823705179343392e+02,1.522622844997503648e+02,1.522250322869010120e+02,1.521769266125061790e+02,1.521290671375938359e+02,1.520816635117222404e+02,1.520416677548692235e+02,1.520112890745869549e+02,1.519812365119205708e+02,1.519450646714367394e+02,1.519137370268452969e+02,1.518866474222164982e+02,1.518447853015829025e+02,1.517978862897605836e+02,1.517596969493094150e+02,1.517272506663160812e+02,1.516990625434747244e+02,1.516657426930296424e+02,1.516361479657236373e+02,1.516094198218873146e+02,1.515832728133972864e+02,1.515611002178172555e+02,1.515434645377966945e+02,1.515201788322090124e+02,1.514852881110863621e+02,1.514631236570916997e+02,1.514575481400917738e+02,1.514564724820233437e+02,1.514536639292219888e+02,1.514500611346861945e+02,1.514472732742917174e+02,1.514446559582106318e+02,1.514470311611360671e+02,1.514634140241722662e+02,1.514849694207947266e+02,1.514918512024633799e+02,1.514986118961536192e+02,1.515223568770138627e+02,1.515430762325826208e+02,1.515625128850938381e+02,1.515874427187467290e+02,1.516119157796403556e+02,1.516290912511078091e+02,1.516452295204720429e+02,1.516717803929610966e+02,1.517074894938415923e+02,1.517357372713232166e+02,1.517608812404123455e+02,1.517835898024528092e+02,1.518035350993250745e+02,1.518220734845754123e+02,1.518510787224269052e+02,1.518825913569484101e+02,1.519183581930378750e+02,1.519554797971625817e+02,1.519898154152474774e+02,1.520238111319443988e+02,1.520370732509526306e+02,1.520499868533241283e+02,1.520672867390541114e+02
1.491161317575268015e+02,1.490825128690635779e+02,1.490212444044455538e+02,1.489691077006252726e+02,1.489435537043873978e+02,1.489460735575369199e+02,1.489630913563028685e+02,1.489913312034494197e+02,1.490495321245959701e+02,1.491382107560260124e+02,1.492432945642852928e+02,1.493641055541341416e+02,1.495167563815352878e+02,1.496824349653686568e+02,1.498313037403318049e+02,1.499820104225211992e+02,1.501469371264908546e+02,1.503198421341629114e+02,1.504816450432559805e+02,1.506249202813190777e+02,1.507639837563898197e+02,1.508973812467147013e+02,1.510103652110850589e+02,1.510997909635451038e+02,1.511809800314306926e+02,1.512608257997224541e+02,1.513333952848593356e+02,1.513989442762154454e+02,1.514670664022692677e+02,1.515300529445284212e+02,1.515823193200456558e+02,1.516300256865623624e+02,1.516734358474061537e+02,1.517112921526149876e+02,1.517477343305368152e+02,1.517851951353536037e+02,1.518216689777829060e+02,1.518623894948773341e+02,1.519051212721311686e+02,1.519459935915808728e+02,1.519906445527099379e+02,1.520303992402772906e+02,1.520651375542661867e+02,1.520971892415147693e+02,1.521291026870761414e+02,1.521575072345445392e+02,1.521896787225526282e+02,1.522315700993759435e+02,1.522859424684508269e+02,1.523339282147534277e+02,1.523542901762444899e+02,1.523723335222392166e+02,1.523966625424810388e+02,1.524188697681553037e+02,1.524406861395559645e+02,1.524675877148633845e+02,1.524888983262024453e+02,1.525085375209965264e+02,1.525272986861568256e+02,1.525361786048564454e+02,1.525515479207320197e+02,1.525687770502723311e+02,1.525694332537324840e+02,1.525451231985465768e+02,1.525239933886942936e+02,1.525140990079118524e+02,1.525061628062863406e+02,1.525059132276840614e+02,1.525048420210038671e+02,1.524770227909772018e+02,1.524370593930257769e+02,1.524043522403450197e+02,1.523764034585095715e+02,1.523667797924336753e+02,1.523577289711442404e+02,1.523122497766435686e+02,1.522589304983897591e+02,1.522131462709719472e+02,1.521647035522830151e+02,1.521108795960360567e+02,1.520624929046365708e+02,1.520255957785574310e+02,1.519940877418468403e+02,1.519552315865156515e+02,1.519197159959263388e+02,1.518931646959875366e+02,1.518538115465371447e+02,1.518039426622778478e+02,1.517639610913898878e+02,1.517210082708879497e+02,1.516822027725949624e+02,1.516468368337424124e+02,1.516152378159946466e+02,1.515776916568475485e+02,1.515421598471158973e+02,1.515191191473252843e+02,1.515085896635834501e+02,1.514982670786050676e+02,1.514697538506375167e+02,1.514448882673308958e+02,1.514394899858193639e+02,1.514417937498134847e+02,1.514390010696406534e+02,1.514356121485257063e+02,1.514381461080424174e+02,1.514401043174403299e+02,1.514382634742107143e+02,1.514513388858588314e+02,1.514757170633294265e+02,1.514913838670203745e+02,1.515123545686523983e+02,1.515448532071173418e+02,1.515553457843469403e+02,1.515609524734987303e+02,1.515844815218551389e+02,1.516187634567060343e+02,1.516552975584787646e+02,1.516851741719067945e+02,1.517143898455876183e+02,1.517526678220007739e+02,1.517854798138459103e+02,1.518163573735687351e+02,1.518344779604772725e+02,1.518466755901447414e+02,1.518682263293674168e+02,1.519039409384472492e+02,1.519395245786483315e+02,1.519798485184371941e+02,1.520158889862044589e+02,1.520352043068551779e+02,1.520577365782303332e+02,1.520757450361283531e+02,1.520928988319958535e+02,1.521072961421528476e+02
1.493734827488220276e+02,1.493299590574980300e+02,1.492537824849880508e+02,1.491832398369599844e+02,1.491371501124589827e+02,1.491131042094734198e+02,1.490980303855823195e+02,1.490867157597024288e+02,1.490963452498914990e+02,1.491387024536522290e+02,1.492055533824643021e+02,1.492854143752007872e+02,1.493933579065386539e+02,1.495274007185574305e+02,1.496628294616064636e+02,1.498088313338242870e+02,1.499740428305772184e+02,1.501466871382032764e+02,1.503079601627854345e+02,1.504597198365926261e+02,1.506125976281913950e+02,1.507594275833434381e+02,1.508873372551772718e+02,1.509881123535908500e+02,1.510811307000953434e+02,1.511743278993135959e+02,1.512532586574475317e+02,1.513238125953413942e+02,1.514001442956987660e+02,1.514690801705791046e+02,1.515233644098540537e+02,1.515728555672864672e+02,1.516186024781077606e+02,1.516537978376611022e+02,1.516858378270208902e+02,1.517268047666930499e+02,1.517780703557983770e+02,1.518328268996671113e+02,1.518801878376420973e+02,1.519185414461974517e+02,1.519658431408922752e+02,1.520161985226924060e+02,1.520526737237157988e+02,1.520791037090237410e+02,1.521133081318307063e+02,1.521534456441477232e+02,1.521940663542372647e+02,1.522341867138540010e+02,1.522804369978695718e+02,1.523220460728204841e+02,1.523460329780610891e+02,1.523686024298648363e+02,1.524024637169696916e+02,1.524413602556163028e+02,1.524784848228314615e+02,1.525077875443375319e+02,1.525195529047452681e+02,1.525387977709123106e+02,1.525644497329233218e+02,1.525721809815821928e+02,1.525845782635729506e+02,1.526045730238864451e+02,1.526132863935030173e+02,1.526004504434701516e+02,1.525817732071574824e+02,1.525691598559931492e+02,1.525608755866981028e+02,1.525627308329250127e+02,1.525742794547861081e+02,1.525576934836101373e+02,1.524987497724763443e+02,1.524487981281150724e+02,1.524255899862706087e+02,1.524312296435404619e+02,1.524268570330354748e+02,1.523555651847988770e+02,1.522845866024704833e+02,1.522387747124021189e+02,1.521862623161307511e+02,1.521277562318569210e+02,1.520760060969020060e+02,1.520293029782483814e+02,1.519865496396313347e+02,1.519452666484934866e+02,1.519167317663753352e+02,1.519012438477759019e+02,1.518682694728628348e+02,1.518096779142649098e+02,1.517600900603842717e+02,1.517161528940495714e+02,1.516764756532629406e+02,1.516308165386223550e+02,1.515912670543006016e+02,1.515538322480261968e+02,1.515156954786306187e+02,1.514866210736800838e+02,1.514703915419776479e+02,1.514625964009790948e+02,1.514499715031498113e+02,1.514334521647057556e+02,1.514219430196271219e+02,1.514196148518755649e+02,1.514209990459239066e+02,1.514239022143722764e+02,1.514339576255472934e+02,1.514453202481278140e+02,1.514429655313836918e+02,1.514459762938135725e+02,1.514645261981942781e+02,1.514880307986928187e+02,1.515202684274225930e+02,1.515557064956466036e+02,1.515678494267356200e+02,1.515766477396031178e+02,1.516037100159904867e+02,1.516408795535003264e+02,1.516808829998109047e+02,1.517162999355942929e+02,1.517492497297530463e+02,1.517866034234971266e+02,1.518167396812108336e+02,1.518497306481033888e+02,1.518777775640293441e+02,1.518992405100211158e+02,1.519236802488733247e+02,1.519530475348469167e+02,1.519836649472577506e+02,1.520183605475278910e+02,1.520496687552711705e+02,1.520710437558471426e+02,1.520952438837742307e+02,1.521181029011734438e+02,1.521371817872816905e+02,1.521496911021351366e+02
1.496285192905477004e+02,1.495868743487807819e+02,1.495062366909314449e+02,1.494218621148793886e+02,1.493566794467151055e+02,1.493088453061434961e+02,1.492693457694151107e+02,1.492294372825083997e+02,1.491967804156049624e+02,1.491906009281966305e+02,1.492141522335221566e+02,1.492571124474470139e+02,1.493213296432741402e+02,1.494130217299402261e+02,1.495257972781901969e+02,1.496568612998172512e+02,1.498058188728324467e+02,1.499657033822205392e+02,1.501231446015312940e+02,1.502800036591628157e+02,1.504390004001650141e+02,1.505852493222097053e+02,1.507211118208201128e+02,1.508393308926619056e+02,1.509471409910575801e+02,1.510545951166238865e+02,1.511454296836596995e+02,1.512247910610838630e+02,1.513087363850307838e+02,1.513862086797473125e+02,1.514465408825876978e+02,1.514981464473007691e+02,1.515463248187038516e+02,1.515876671798932875e+02,1.516298666049693225e+02,1.516811122127173235e+02,1.517408919636737892e+02,1.518005554591045438e+02,1.518447546161908690e+02,1.518797721244046102e+02,1.519284050408573421e+02,1.519834153942843784e+02,1.520193910054497053e+02,1.520500682641419417e+02,1.520983382671980166e+02,1.521549115311732123e+02,1.522026126379827815e+02,1.522376545530058536e+02,1.522710918205593202e+02,1.523070080369294601e+02,1.523461959660479010e+02,1.523862757385252849e+02,1.524281702904365261e+02,1.524720266306579219e+02,1.525131254615394596e+02,1.525424637884736683e+02,1.525484362411447705e+02,1.525636041795002313e+02,1.525906893950020162e+02,1.526035149721253106e+02,1.526155818711770280e+02,1.526331066777311776e+02,1.526479930176421078e+02,1.526528912804871538e+02,1.526418252324013451e+02,1.526260614678189427e+02,1.526145384572101875e+02,1.526158863365759260e+02,1.526442395993133800e+02,1.526483373513317190e+02,1.525758850993438784e+02,1.525078933351852868e+02,1.524746202769418915e+02,1.524548833200525451e+02,1.524293673760232082e+02,1.523687561433974338e+02,1.523055288147957640e+02,1.522517477182156540e+02,1.521942037281907290e+02,1.521381089665638910e+02,1.520895390546571093e+02,1.520373532150387064e+02,1.519836091058126897e+02,1.519368105730518437e+02,1.519039909720062838e+02,1.518788337383204805e+02,1.518424789231640943e+02,1.517928939156535080e+02,1.517471794307263337e+02,1.517027433836866237e+02,1.516629962211277132e+02,1.516191376923832763e+02,1.515941328055817507e+02,1.515684922353607647e+02,1.515168696613965835e+02,1.514676426980904580e+02,1.514368478565470468e+02,1.514205731260002494e+02,1.514171957646283886e+02,1.514161522372765489e+02,1.514026772116161510e+02,1.513924284772253941e+02,1.513971197530480879e+02,1.514070992090716459e+02,1.514191608266157800e+02,1.514329420391187568e+02,1.514397702943410309e+02,1.514456676182176125e+02,1.514617694170549100e+02,1.514910847946982813e+02,1.515263697284082127e+02,1.515539834405342958e+02,1.515717967645892941e+02,1.515964364866588596e+02,1.516353213553966839e+02,1.516752100825342495e+02,1.517139323801406761e+02,1.517530251854663277e+02,1.517890805378469281e+02,1.518221297994038537e+02,1.518492297777590636e+02,1.518842275798041612e+02,1.519281248037353578e+02,1.519674013404331276e+02,1.519930586534105146e+02,1.520136414574912465e+02,1.520374483983803202e+02,1.520625217502725377e+02,1.520921183183369862e+02,1.521273318487047845e+02,1.521589281344737969e+02,1.521771430986176483e+02,1.521879076775251747e+02,1.521939352537300465e+02
1.498536129456027481e+02,1.498150998641586398e+02,1.497481535004866373e+02,1.496734568994961592e+02,1.496015304343468983e+02,1.495334665145905433e+02,1.494741212187244912e+02,1.494155852100452080e+02,1.493524637665964860e+02,1.493049972549229096e+02,1.492863682578409907e+02,1.492943898327648071e+02,1.493202775183467566e+02,1.493681264858883537e+02,1.494455736596036104e+02,1.495438416815242988e+02,1.496579351881869684e+02,1.497938987202826979e+02,1.499439842841333075e+02,1.500965037837795251e+02,1.502490657909726224e+02,1.503919527452848115e+02,1.505357085073432017e+02,1.506661873771270734e+02,1.507827078742196534e+02,1.509015235671162429e+02,1.510082524623002769e+02,1.510985512688689312e+02,1.511855388963625728e+02,1.512718836566185701e+02,1.513482633676766227e+02,1.514129893749442886e+02,1.514733885668890707e+02,1.515322211750748238e+02,1.515889811506327760e+02,1.516388320923670108e+02,1.516907234149246051e+02,1.517485408810184424e+02,1.517987919757767656e+02,1.518416988579668896e+02,1.518870048965523551e+02,1.519387633701356037e+02,1.519855389908443897e+02,1.520302299936812744e+02,1.520873950924028861e+02,1.521482699484330965e+02,1.521998281634729437e+02,1.522423349995091826e+02,1.522753593542600470e+02,1.523140888949154998e+02,1.523712331133384055e+02,1.524265465335394651e+02,1.524649713639570905e+02,1.524979058516760801e+02,1.525285540414454886e+02,1.525566411239987019e+02,1.525724657495911174e+02,1.525899252673065121e+02,1.526165767437756813e+02,1.526378951971565812e+02,1.526544669565725485e+02,1.526672835461395721e+02,1.526790499394364247e+02,1.526901488263873716e+02,1.526821130860153346e+02,1.526655275521937369e+02,1.526544507802933879e+02,1.526519164063553262e+02,1.526812765209174643e+02,1.526942624598997327e+02,1.526243755704606428e+02,1.525509273413443339e+02,1.525086295646747203e+02,1.524680003915809436e+02,1.524302955148975798e+02,1.523933267970530210e+02,1.523418242348479339e+02,1.522756624016120099e+02,1.522120671507227030e+02,1.521590399235327311e+02,1.521170802848699282e+02,1.520663634420886865e+02,1.520016963728449468e+02,1.519429452428738045e+02,1.518970712874388767e+02,1.518579999356736039e+02,1.518158712611087253e+02,1.517696562178003319e+02,1.517232897750721747e+02,1.516732307115732965e+02,1.516273632874824671e+02,1.515957596386477633e+02,1.515949187379969771e+02,1.515813793522267474e+02,1.515216546932153392e+02,1.514563530621866221e+02,1.514129818257807472e+02,1.513910648585828937e+02,1.513871754525811753e+02,1.513910927252896386e+02,1.513814531760813793e+02,1.513769249435837878e+02,1.513888970192458032e+02,1.514012274244550724e+02,1.514128391335639208e+02,1.514191612741185793e+02,1.514267625815662939e+02,1.514414541035467039e+02,1.514646554557191394e+02,1.514998173101536736e+02,1.515333748586428726e+02,1.515553438482683077e+02,1.515794769878443731e+02,1.516161090581234987e+02,1.516630055959699916e+02,1.517062891174851984e+02,1.517473991504745641e+02,1.517910415989854300e+02,1.518270516809151331e+02,1.518570172161118990e+02,1.518932035724706680e+02,1.519418439711644453e+02,1.520015417340827639e+02,1.520512857310530990e+02,1.520669690145313950e+02,1.520815715624096356e+02,1.521072668930451357e+02,1.521272674939411900e+02,1.521557563755236515e+02,1.521969050633486518e+02,1.522285414185696766e+02,1.522395452452882978e+02,1.522426340878855342e+02,1.522443943546256548e+02
1.500574682337372110e+02,1.500182843468435294e+02,1.499692015317923506e+02,1.499182322273991872e+02,1.498545089763340457e+02,1.497761958639358113e+02,1.497027642388953836e+02,1.496335859468393892e+02,1.495513612895892379e+02,1.494743078595945462e+02,1.494210052163612090e+02,1.493966579544211299e+02,1.493870353582295252e+02,1.493886926845714811e+02,1.494212380388929091e+02,1.494770194228785840e+02,1.495513493898583306e+02,1.496552614517812287e+02,1.497808774377320447e+02,1.499121192991619864e+02,1.500481573510199951e+02,1.501920009196230694e+02,1.503399632550501792e+02,1.504671614520436265e+02,1.505882834372783066e+02,1.507211242724820011e+02,1.508454206553514041e+02,1.509510840655339621e+02,1.510501089444019840e+02,1.511525964876312571e+02,1.512463116661137406e+02,1.513247606017463340e+02,1.514005887617063308e+02,1.514762282934975133e+02,1.515426490976454943e+02,1.515874395908817576e+02,1.516315985544001421e+02,1.516912697335426969e+02,1.517534778354992113e+02,1.518071674873716006e+02,1.518505620987333486e+02,1.519008190856185934e+02,1.519614504104069965e+02,1.520179038277442203e+02,1.520715582629248672e+02,1.521276706212358931e+02,1.521852268730068545e+02,1.522408264070940049e+02,1.522814151153191347e+02,1.523341506524020019e+02,1.524079330800341268e+02,1.524637646270564346e+02,1.524908370704031313e+02,1.525132290486647548e+02,1.525390380563371195e+02,1.525730060061773656e+02,1.526050747149255358e+02,1.526273537742401345e+02,1.526512551649006468e+02,1.526767247086610553e+02,1.526972022958159982e+02,1.527075415853548179e+02,1.527097589389148879e+02,1.527132011663918263e+02,1.527090358498061278e+02,1.527020632052699511e+02,1.526965846396181803e+02,1.526876980363296354e+02,1.526954162742615608e+02,1.526908749463484583e+02,1.526358724788681229e+02,1.525767555897962211e+02,1.525329452198240006e+02,1.524927186745837275e+02,1.524607095183450838e+02,1.524335932778922995e+02,1.523853277925828138e+02,1.523135602581674277e+02,1.522428560451920987e+02,1.521888911284492565e+02,1.521583377882301420e+02,1.521162036400378383e+02,1.520325607936530332e+02,1.519526009398367705e+02,1.518963598131502977e+02,1.518532357405950961e+02,1.518082743694584451e+02,1.517570416723073095e+02,1.517073035714608977e+02,1.516523217415894464e+02,1.515969668706946720e+02,1.515622514406371408e+02,1.515528032205634190e+02,1.515389278726619295e+02,1.514995998037722700e+02,1.514435128358424549e+02,1.513952161209237488e+02,1.513751397699814447e+02,1.513728404330714739e+02,1.513737386157366700e+02,1.513657919575364019e+02,1.513733756923546139e+02,1.513949703775720650e+02,1.514023726671796908e+02,1.514142526673009570e+02,1.514237943866512808e+02,1.514308518293255474e+02,1.514448708138512245e+02,1.514703820136645049e+02,1.515067219942460497e+02,1.515418395310181836e+02,1.515667159151530541e+02,1.515970839502605259e+02,1.516398616902108074e+02,1.516864668269859067e+02,1.517295556860398165e+02,1.517705074872940259e+02,1.518155275317136557e+02,1.518562277801646871e+02,1.518935782584981382e+02,1.519442346747483157e+02,1.520053145182941421e+02,1.520715936233005721e+02,1.521222537209561096e+02,1.521280440663826141e+02,1.521401216005330639e+02,1.521709848510404868e+02,1.521934354400762004e+02,1.522206328296119295e+02,1.522537461657940980e+02,1.522774082199698285e+02,1.522906974482338285e+02,1.522984435491450768e+02,1.523021084906300473e+02
1.502307484128299393e+02,1.502046472966829356e+02,1.501745937981698376e+02,1.501392622996391992e+02,1.500902684547745025e+02,1.500201027158013289e+02,1.499427630614305826e+02,1.498667700741232238e+02,1.497771203679196788e+02,1.496847039910890658e+02,1.496041705573002218e+02,1.495482415894830126e+02,1.495041620098103294e+02,1.494635661337831039e+02,1.494497635526104204e+02,1.494625995069531541e+02,1.495018355823880540e+02,1.495713417041517346e+02,1.496561228577834868e+02,1.497512230318243951e+02,1.498657923336403428e+02,1.500058601276640502e+02,1.501471621984744615e+02,1.502609610472576094e+02,1.503812764314454853e+02,1.505238308694671048e+02,1.506611949446296990e+02,1.507844086935598966e+02,1.509051512907370238e+02,1.510279561242299167e+02,1.511336636196896563e+02,1.512182728172497832e+02,1.513042514354014543e+02,1.513885575944161985e+02,1.514625646107085970e+02,1.515167484309401686e+02,1.515665969847592578e+02,1.516339415383458231e+02,1.517094314153864616e+02,1.517731503914450286e+02,1.518261652917315701e+02,1.518829466015823755e+02,1.519445644959633341e+02,1.520013049580298343e+02,1.520474612025653300e+02,1.520991439205032236e+02,1.521564365976626050e+02,1.522123775903626210e+02,1.522678801411209975e+02,1.523430474357473372e+02,1.524215936468557970e+02,1.524643058804919633e+02,1.524887454037461225e+02,1.525177764943412058e+02,1.525503388448181283e+02,1.525922732286851726e+02,1.526366661481414724e+02,1.526683475386141708e+02,1.526956210699745782e+02,1.527219648215893244e+02,1.527387327950325755e+02,1.527462691239813353e+02,1.527442042842974956e+02,1.527432754410875759e+02,1.527437866944060829e+02,1.527435706201320329e+02,1.527401763862321786e+02,1.527286626396970348e+02,1.527213416403859298e+02,1.527010453058500730e+02,1.526565654278691113e+02,1.526144992268497163e+02,1.525752567648920603e+02,1.525326433307579350e+02,1.524935423491666029e+02,1.524576981245492675e+02,1.524087779204150195e+02,1.523396066558941016e+02,1.522652894406201369e+02,1.522096214481228458e+02,1.521862448772608900e+02,1.521519504607973090e+02,1.520584774040374327e+02,1.519643640344402229e+02,1.519008949063130558e+02,1.518508492602794036e+02,1.517996987871145507e+02,1.517510028381532834e+02,1.517119665774532109e+02,1.516598612224203464e+02,1.515923225165010706e+02,1.515430822337796712e+02,1.515133481832482403e+02,1.514873708320293133e+02,1.514598948369560389e+02,1.514220694931729554e+02,1.513834977250917859e+02,1.513658782395348794e+02,1.513634236904646002e+02,1.513636270775532466e+02,1.513557529660038767e+02,1.513642601803576326e+02,1.513858464688764514e+02,1.513851801981845711e+02,1.513926657512513430e+02,1.514168575869564961e+02,1.514367428272507254e+02,1.514508095348249412e+02,1.514775630707191567e+02,1.515221137204555077e+02,1.515699294351789490e+02,1.515943629026630788e+02,1.516192039353301482e+02,1.516613998396459806e+02,1.517055070858274632e+02,1.517496116032581881e+02,1.517935801107548173e+02,1.518415520495483975e+02,1.518860447011304018e+02,1.519298947800022290e+02,1.519892086334787393e+02,1.520494395505263583e+02,1.521000139997212273e+02,1.521427187250731095e+02,1.521616802279115177e+02,1.521841127668699585e+02,1.522176089333756579e+02,1.522522865994926349e+02,1.522863207388687101e+02,1.523076311351395304e+02,1.523230939122314851e+02,1.523436013918375238e+02,1.523594610475023501e+02,1.523631944565476033e+02
1.503701869397477822e+02,1.503650045312627981e+02,1.503558076185047412e+02,1.503308756721938266e+02,1.502977423921415721e+02,1.502456865045571135e+02,1.501736191096714492e+02,1.500978875202837912e+02,1.500119581783730496e+02,1.499155825551813734e+02,1.498156392620567772e+02,1.497284632184684199e+02,1.496496235796794281e+02,1.495777386943470901e+02,1.495278516626781879e+02,1.495070938772931584e+02,1.495257056142984027e+02,1.495666531268945221e+02,1.495933071178463649e+02,1.496339759401241167e+02,1.497145862672909971e+02,1.498282134657689255e+02,1.499468343584240699e+02,1.500547101364191462e+02,1.501796671247250288e+02,1.503222049095672332e+02,1.504553997414008677e+02,1.505861436279998884e+02,1.507287864083287445e+02,1.508692753087494225e+02,1.509821871470840904e+02,1.510752650766733609e+02,1.511747282410896105e+02,1.512747219910611136e+02,1.513665851719446493e+02,1.514337319169392799e+02,1.514891671661524128e+02,1.515632603788851043e+02,1.516486329594428639e+02,1.517208068744279217e+02,1.517935913141954245e+02,1.518695562934426562e+02,1.519297793426401313e+02,1.519770019248711037e+02,1.520182131757290165e+02,1.520708440556064716e+02,1.521280669544302100e+02,1.521825781889407381e+02,1.522494512931132817e+02,1.523319900921673309e+02,1.524018284888136918e+02,1.524407028536381858e+02,1.524750437270289467e+02,1.525167424933725897e+02,1.525594940650609601e+02,1.526071546601224895e+02,1.526560911974598866e+02,1.526953683681718701e+02,1.527319552490039598e+02,1.527609995562713721e+02,1.527749521812165199e+02,1.527827509430523492e+02,1.527821635538229543e+02,1.527820292811253466e+02,1.527837975926440777e+02,1.527815748132773024e+02,1.527756971881615868e+02,1.527611741238223431e+02,1.527484890190748956e+02,1.527280182378175937e+02,1.526926413022044358e+02,1.526622753552842369e+02,1.526267451610239334e+02,1.525757309830133863e+02,1.525232827240587881e+02,1.524757943330839680e+02,1.524218658780380338e+02,1.523555539796105336e+02,1.522829351078202080e+02,1.522213531844150225e+02,1.521817416369929958e+02,1.521413812628467213e+02,1.520634687588804752e+02,1.519780153739841353e+02,1.519142486296196637e+02,1.518568460885030049e+02,1.517968666439530239e+02,1.517449430041802998e+02,1.517097895908149496e+02,1.516627146184286516e+02,1.515857729881823843e+02,1.515269461602172782e+02,1.514940119709746682e+02,1.514598992398723567e+02,1.514244344637081667e+02,1.513955692955933046e+02,1.513728545429487440e+02,1.513535399527358436e+02,1.513413111005336305e+02,1.513427918654557516e+02,1.513451150056158667e+02,1.513516768288714047e+02,1.513660861295119560e+02,1.513664972314488466e+02,1.513723477480789370e+02,1.513959168746653745e+02,1.514196215520493070e+02,1.514424077745815111e+02,1.514809849248183582e+02,1.515433566129544261e+02,1.516065695921016072e+02,1.516264717840948038e+02,1.516426282066040869e+02,1.516827348663013879e+02,1.517247104663607047e+02,1.517705888938959333e+02,1.518216665522965343e+02,1.518717342587715962e+02,1.519149927727585805e+02,1.519638857994690966e+02,1.520320505364726387e+02,1.520947778855461934e+02,1.521328370686694313e+02,1.521712034971725700e+02,1.522047699592349090e+02,1.522303350001429862e+02,1.522605421814731130e+02,1.523059438077756056e+02,1.523488839305854299e+02,1.523641315556012046e+02,1.523760399152578771e+02,1.524038267159444615e+02,1.524261378576761103e+02,1.524230931068909456e+02
1.504975142944214213e+02,1.504982812566253472e+02,1.505028299452461056e+02,1.504925576672931697e+02,1.504721133504714885e+02,1.504328494213519605e+02,1.503709500151696830e+02,1.503014700217956374e+02,1.502254269557930684e+02,1.501351390291866039e+02,1.500309697921609029e+02,1.499273071724535953e+02,1.498263514344805003e+02,1.497327942285657514e+02,1.496553056810288069e+02,1.496047397709293136e+02,1.496007473601723632e+02,1.496113552267201783e+02,1.495836845380559339e+02,1.495699750437168518e+02,1.496049588837859119e+02,1.496763902586820336e+02,1.497656098951629815e+02,1.498684034351013850e+02,1.499927176309702475e+02,1.501234510906443802e+02,1.502440993162981044e+02,1.503715835689426399e+02,1.505198519742073699e+02,1.506671839493837979e+02,1.507876626238715119e+02,1.508996078790252113e+02,1.510185870148961556e+02,1.511367919970687694e+02,1.512474538592034889e+02,1.513269721295336012e+02,1.513932850311695120e+02,1.514732298995819519e+02,1.515598855982738655e+02,1.516401207359323848e+02,1.517302106762107314e+02,1.518284497021757318e+02,1.519003102931091007e+02,1.519442668669478280e+02,1.519842229494709045e+02,1.520417711886879886e+02,1.521057455210394949e+02,1.521662222947255714e+02,1.522406289502650907e+02,1.523267657701226767e+02,1.523926983767453294e+02,1.524312080914682213e+02,1.524723166240297019e+02,1.525245844735719629e+02,1.525772685475163826e+02,1.526296034479361765e+02,1.526786258051533025e+02,1.527175049368985924e+02,1.527539306694343963e+02,1.527803833770211668e+02,1.527992679129708335e+02,1.528163057302540437e+02,1.528193961982084943e+02,1.528193216932788232e+02,1.528198883345551735e+02,1.528166484827824547e+02,1.528123515333144837e+02,1.527949283137212717e+02,1.527744347708731993e+02,1.527549928569475242e+02,1.527306298771839863e+02,1.527041535271617931e+02,1.526612178283030516e+02,1.526068108457799326e+02,1.525551672132365297e+02,1.525050641137873981e+02,1.524414256889141939e+02,1.523721518064248244e+02,1.523040011342724540e+02,1.522354862037993826e+02,1.521746780718758032e+02,1.521270207567493458e+02,1.520673958185228116e+02,1.519931013002996281e+02,1.519295672211732722e+02,1.518656926929339193e+02,1.517993546000265894e+02,1.517438066083068975e+02,1.516980939492889888e+02,1.516444213865462984e+02,1.515687570741864079e+02,1.515105910320338580e+02,1.514802546364508657e+02,1.514479255036063137e+02,1.514085750217001305e+02,1.513799333600829584e+02,1.513608313437323147e+02,1.513384948216213672e+02,1.513183567107490717e+02,1.513200358297124524e+02,1.513349563890900811e+02,1.513466469510959200e+02,1.513587975353880211e+02,1.513635926804066969e+02,1.513702836498418947e+02,1.513859794814328552e+02,1.514054536059347811e+02,1.514349592387256109e+02,1.514813386822086159e+02,1.515456946776283758e+02,1.516077199162536431e+02,1.516358485997348566e+02,1.516665891010758855e+02,1.517141141061303244e+02,1.517518363776486297e+02,1.517944474751658390e+02,1.518502441588265128e+02,1.519007124994627702e+02,1.519440174687234730e+02,1.520007938279295274e+02,1.520749045289879859e+02,1.521398501739706148e+02,1.521819257132413838e+02,1.522244808120551625e+02,1.522605393631066306e+02,1.522811028683921677e+02,1.523060422607227622e+02,1.523500871936024055e+02,1.523924204545308214e+02,1.524084606517107545e+02,1.524231492587300067e+02,1.524571150755312772e+02,1.524858611397380059e+02,1.524809625897330534e+02
1.506087218877319742e+02,1.506128270813196082e+02,1.506266717548451766e+02,1.506280693744335224e+02,1.506174353782156459e+02,1.505913936070416241e+02,1.505467376619653237e+02,1.504892484959786998e+02,1.504241876854154611e+02,1.503474226350699610e+02,1.502534324194915882e+02,1.501458280870067483e+02,1.500329019680204965e+02,1.499237875451173636e+02,1.498248200379923105e+02,1.497409787922690043e+02,1.496882516104565752e+02,1.496519926318591160e+02,1.496021815274746700e+02,1.495644312009218311e+02,1.495554783209190077e+02,1.495796217274074706e+02,1.496344288920403187e+02,1.497170411645073500e+02,1.498215021596831775e+02,1.499320208395395184e+02,1.500414843480098170e+02,1.501616256673953842e+02,1.502994519993960978e+02,1.504409049016794597e+02,1.505719422371200835e+02,1.507069801386442123e+02,1.508429778709231073e+02,1.509667654460231461e+02,1.510861022298342675e+02,1.511866183540715838e+02,1.512759330655543977e+02,1.513679917739780478e+02,1.514628391956349560e+02,1.515592292289937859e+02,1.516633603934635630e+02,1.517756578303490187e+02,1.518588506633757902e+02,1.519054632865795043e+02,1.519488095679936919e+02,1.520113514577205933e+02,1.520807418618138342e+02,1.521473840594329658e+02,1.522293531915945550e+02,1.523294905687500602e+02,1.524072242225665264e+02,1.524422808851448110e+02,1.524842302507653642e+02,1.525478923298376230e+02,1.526050404844148147e+02,1.526527185624053118e+02,1.527010267906269974e+02,1.527432619612228564e+02,1.527735094172735728e+02,1.527930923587512098e+02,1.528175823955325541e+02,1.528464752705573346e+02,1.528575013322287077e+02,1.528574788271877196e+02,1.528562108384558371e+02,1.528563549256321039e+02,1.528580846912834090e+02,1.528391983470883417e+02,1.528120119666101289e+02,1.527911075809931276e+02,1.527666443984459193e+02,1.527287088335285148e+02,1.526763584918283811e+02,1.526283605088092372e+02,1.525877216756095720e+02,1.525416393337976331e+02,1.524698666902639843e+02,1.523935161491929762e+02,1.523285730423643258e+02,1.522591010867285490e+02,1.521850857779675721e+02,1.521264416374095845e+02,1.520657100132611959e+02,1.519933488991588888e+02,1.519266606511755811e+02,1.518619921798859309e+02,1.518036025210206503e+02,1.517549082095404174e+02,1.516990599100197414e+02,1.516382355609239028e+02,1.515709715830564619e+02,1.515141835254757154e+02,1.514789276838957051e+02,1.514500374359205921e+02,1.514149957681656247e+02,1.513831527200156870e+02,1.513516392283419520e+02,1.513263053608656605e+02,1.513069588075645697e+02,1.513062761177972391e+02,1.513237360813757846e+02,1.513368937814224182e+02,1.513510601768295487e+02,1.513661598945463425e+02,1.513771788878772782e+02,1.513904612091065189e+02,1.514105823669984829e+02,1.514435105341739245e+02,1.514882419961295454e+02,1.515399907091384648e+02,1.515931035414505743e+02,1.516380531519334909e+02,1.516915136286539791e+02,1.517488842237022482e+02,1.517834041089632819e+02,1.518181616082752612e+02,1.518734492380746133e+02,1.519306315799067875e+02,1.519801965707333409e+02,1.520440167490275485e+02,1.521180472341870882e+02,1.521750480899449940e+02,1.522228929755240756e+02,1.522694102527386235e+02,1.522999055361140393e+02,1.523210897265969379e+02,1.523485396866462622e+02,1.523920040892181760e+02,1.524360510888467672e+02,1.524557480065494701e+02,1.524700292145487879e+02,1.524984439906631906e+02,1.525250752526315523e+02,1.525280583482065708e+02
1.506870640111359307e+02,1.506997890934404154e+02,1.507211796551355860e+02,1.507319092392078801e+02,1.507336585049704922e+02,1.507256946891586438e+02,1.507041386330387240e+02,1.506648597796758509e+02,1.506092554166162358e+02,1.505460213193695722e+02,1.504691039695418908e+02,1.503659107172591689e+02,1.502479931037194376e+02,1.501299979739244463e+02,1.500190473239009918e+02,1.499112168355283643e+02,1.498145929190701509e+02,1.497372078791215984e+02,1.496742322651119821e+02,1.496195183931423003e+02,1.495715563532046986e+02,1.495486078095284483e+02,1.495623333485490321e+02,1.496101956642439177e+02,1.496780698254956974e+02,1.497585943222622973e+02,1.498528640403066561e+02,1.499640577882795469e+02,1.500880289705523580e+02,1.502170490183815446e+02,1.503502979185536503e+02,1.504950441091094717e+02,1.506394134457910070e+02,1.507686803169410155e+02,1.508966807850987379e+02,1.510187155450498722e+02,1.511320086479735494e+02,1.512431619200195030e+02,1.513570341702505857e+02,1.514736740316720898e+02,1.515867657627122753e+02,1.516985546001689897e+02,1.517899157019641905e+02,1.518505417972717169e+02,1.519073532149645871e+02,1.519779517768005519e+02,1.520517054787972597e+02,1.521245381383503172e+02,1.522135458796950616e+02,1.523223398474237058e+02,1.524089354406033863e+02,1.524488314653996781e+02,1.524997865179788050e+02,1.525717437260777842e+02,1.526246306958851164e+02,1.526649452383713879e+02,1.527168502581172334e+02,1.527643388621358440e+02,1.527853200429458127e+02,1.528013409876776336e+02,1.528361641903322266e+02,1.528769843855666011e+02,1.528934764718402164e+02,1.528933321983623728e+02,1.528948413045655741e+02,1.529027273312258330e+02,1.529108634724157696e+02,1.528911352795105358e+02,1.528625907390484713e+02,1.528386851003589300e+02,1.528003706023016264e+02,1.527461426683186119e+02,1.526919526818898021e+02,1.526512274481212046e+02,1.526165005744101677e+02,1.525689055383764412e+02,1.524908400904122914e+02,1.524111146980129092e+02,1.523497027342438628e+02,1.522845916459239106e+02,1.522058866593592938e+02,1.521359573010101371e+02,1.520648111641480682e+02,1.519882757804597304e+02,1.519186889019647140e+02,1.518578831787098125e+02,1.518102136071451014e+02,1.517636463124836723e+02,1.516992582670258116e+02,1.516388257455413680e+02,1.515804064316656365e+02,1.515254688359933937e+02,1.514887975591775557e+02,1.514622975757279164e+02,1.514255343394763713e+02,1.513893244591958478e+02,1.513532317411367671e+02,1.513307145968763052e+02,1.513104689315529754e+02,1.512993746360368448e+02,1.513099900212790203e+02,1.513230381661457784e+02,1.513404389227406455e+02,1.513649373739835937e+02,1.513820754290230468e+02,1.513967985830426528e+02,1.514217069558303024e+02,1.514590389976726215e+02,1.515014657920669947e+02,1.515435073775366845e+02,1.515937680658086606e+02,1.516517468620664886e+02,1.517109244257981686e+02,1.517671702015078381e+02,1.518100379429910731e+02,1.518496785102480544e+02,1.519030205299316663e+02,1.519649941300479554e+02,1.520193782700029601e+02,1.520835460043930709e+02,1.521549326463796774e+02,1.522074233199558080e+02,1.522555523450678550e+02,1.523009678372471001e+02,1.523325257162381376e+02,1.523617588961105298e+02,1.523953249867145132e+02,1.524398101146504132e+02,1.524861932900059855e+02,1.525114317234250052e+02,1.525232448478382139e+02,1.525418118295040983e+02,1.525617272039852423e+02,1.525659474813109000e+02
1.507552256496378220e+02,1.507699132585114512e+02,1.507919415199995967e+02,1.508113450012387489e+02,1.508268924484677029e+02,1.508344829812967589e+02,1.508329301891050704e+02,1.508135574382459367e+02,1.507696538587679811e+02,1.507148931190278063e+02,1.506507541632643381e+02,1.505626803079923093e+02,1.504553131944608140e+02,1.503385893417790271e+02,1.502219759700614077e+02,1.501036379989483294e+02,1.499887421804172618e+02,1.498884033865033416e+02,1.498011505617117223e+02,1.497186651766170939e+02,1.496402137589628296e+02,1.495796992693743164e+02,1.495538480112090838e+02,1.495633277821308411e+02,1.495903474271348159e+02,1.496330870305148437e+02,1.497002613572027201e+02,1.497900723145488087e+02,1.498942752088117345e+02,1.500089077893975684e+02,1.501327085424042025e+02,1.502691757809178625e+02,1.504120011784289090e+02,1.505542970635960387e+02,1.506981880332999708e+02,1.508342833738856257e+02,1.509667284782833576e+02,1.510999268923087584e+02,1.512263386480644840e+02,1.513518309369384269e+02,1.514725796216368963e+02,1.515796713658945407e+02,1.516756089696361869e+02,1.517624191143816290e+02,1.518475777908566329e+02,1.519341663790070811e+02,1.520189610188461415e+02,1.521008281793362471e+02,1.521888801969193707e+02,1.522839825782359071e+02,1.523644658975014750e+02,1.524245871316483090e+02,1.524940885948936398e+02,1.525670410616839092e+02,1.526193377032245451e+02,1.526667848228342166e+02,1.527253983842022649e+02,1.527736270707496260e+02,1.527921296728464426e+02,1.528091933386397159e+02,1.528506991006781845e+02,1.528964105394378805e+02,1.529120440562297745e+02,1.529155129728083580e+02,1.529237577089215847e+02,1.529312769082895329e+02,1.529365308762979794e+02,1.529206870329310561e+02,1.528983105266612483e+02,1.528724710873644312e+02,1.528212593493117311e+02,1.527619966269638780e+02,1.527152006406583951e+02,1.526793495894542048e+02,1.526377088608736017e+02,1.525789570231689822e+02,1.525007912402118109e+02,1.524261893268638630e+02,1.523644038931417981e+02,1.522976413532936704e+02,1.522200365647944125e+02,1.521462179360181040e+02,1.520694050993258202e+02,1.519912987775775264e+02,1.519215402559342181e+02,1.518603848944530341e+02,1.518101908938373583e+02,1.517538442330942416e+02,1.516816786076383323e+02,1.516212661008263467e+02,1.515695254959621820e+02,1.515247267941337554e+02,1.514941668097424667e+02,1.514599400686731769e+02,1.514106865512496825e+02,1.513745042000927583e+02,1.513551403077482291e+02,1.513409765520609653e+02,1.513161763747445718e+02,1.512967153733298744e+02,1.513033972241336187e+02,1.513194437406401676e+02,1.513349130271922718e+02,1.513554525822979713e+02,1.513769563526415141e+02,1.513999944707874761e+02,1.514332033655488772e+02,1.514748570298002619e+02,1.515167452101514982e+02,1.515574956571754797e+02,1.516126781334443194e+02,1.516788566011405237e+02,1.517328421460457264e+02,1.517828107716058241e+02,1.518378616428331043e+02,1.518890710757956413e+02,1.519409660766194747e+02,1.520004608888946507e+02,1.520537634460181380e+02,1.521112808573722077e+02,1.521765041950125976e+02,1.522344576837766112e+02,1.522857541396373620e+02,1.523299751693603241e+02,1.523696843175739843e+02,1.524104893421385611e+02,1.524517358847127753e+02,1.524939891961709293e+02,1.525333285684108660e+02,1.525607344691673006e+02,1.525758458350684350e+02,1.525942173172564935e+02,1.526110880325994117e+02,1.526114394251930833e+02
1.507903743487424890e+02,1.508171898830127589e+02,1.508485950073261961e+02,1.508777718706421354e+02,1.509043720723731212e+02,1.509223486705776907e+02,1.509347670878446195e+02,1.509339378912437724e+02,1.509064102675076811e+02,1.508612315116944842e+02,1.508053604438729849e+02,1.507353241760473850e+02,1.506485237386922336e+02,1.505430927632283442e+02,1.504271182059992498e+02,1.503068542666816825e+02,1.501878336773742149e+02,1.500766105746047572e+02,1.499669920839801591e+02,1.498566620924047754e+02,1.497538370781251160e+02,1.496642379224483079e+02,1.496021262599711008e+02,1.495738198210478629e+02,1.495684257388506921e+02,1.495746375207240817e+02,1.495979306495294168e+02,1.496508077441771150e+02,1.497357055732867934e+02,1.498391037852714476e+02,1.499423448332520934e+02,1.500563931622332916e+02,1.501883091140469446e+02,1.503346860428906098e+02,1.504869771541856380e+02,1.506311767820594696e+02,1.507789207560642240e+02,1.509320690010793555e+02,1.510680263705040147e+02,1.511935851307881649e+02,1.513201255120321775e+02,1.514376864226251200e+02,1.515499471837587748e+02,1.516677687996990755e+02,1.517804071611312793e+02,1.518765237055930015e+02,1.519742938694115821e+02,1.520709439397397205e+02,1.521571500310979843e+02,1.522389159688227096e+02,1.523169467770916867e+02,1.523956273944526743e+02,1.524764661512214730e+02,1.525503235215498421e+02,1.526109105330044713e+02,1.526678061469183945e+02,1.527253502509795737e+02,1.527709475143822146e+02,1.527990433661896361e+02,1.528238210732315849e+02,1.528607888177306222e+02,1.528976705402577068e+02,1.529133053479014848e+02,1.529224352842234680e+02,1.529320657285595644e+02,1.529325369213545116e+02,1.529301021089943902e+02,1.529216877678275353e+02,1.529087213892551063e+02,1.528841867529802698e+02,1.528338530214067816e+02,1.527776743464717981e+02,1.527334006360911189e+02,1.526966654300635753e+02,1.526477328826720736e+02,1.525846360822881138e+02,1.525144986281990782e+02,1.524469937881276564e+02,1.523805682391121650e+02,1.523072213367874497e+02,1.522325201956593332e+02,1.521578581681887954e+02,1.520778616043669729e+02,1.520042147904489980e+02,1.519348235726204450e+02,1.518635615495904290e+02,1.517978851532399744e+02,1.517323760325139119e+02,1.516644960237027249e+02,1.516066036560716270e+02,1.515584643847325310e+02,1.515243147530562737e+02,1.514972380059483612e+02,1.514499513838788971e+02,1.513917209376959931e+02,1.513594723947626335e+02,1.513518018562348288e+02,1.513402080761814545e+02,1.513183835728880240e+02,1.513021061202990722e+02,1.513101658760294868e+02,1.513306740088535491e+02,1.513426466966203634e+02,1.513532764382495941e+02,1.513742271650522468e+02,1.514062568313282213e+02,1.514474795868085266e+02,1.514901055403308021e+02,1.515304889379022768e+02,1.515756402340004456e+02,1.516361681912906647e+02,1.517026584217344976e+02,1.517534754331240663e+02,1.518021967241781454e+02,1.518616672054581045e+02,1.519181262445649168e+02,1.519755862662442212e+02,1.520391622568570256e+02,1.520912735866750722e+02,1.521416690792614475e+02,1.522012736500489041e+02,1.522645292412365734e+02,1.523221266664934035e+02,1.523674792943180591e+02,1.524093109255266540e+02,1.524561916085141320e+02,1.525036316115378554e+02,1.525427510282125922e+02,1.525737125634805693e+02,1.525974157577308006e+02,1.526160502028533870e+02,1.526388965836328850e+02,1.526541029995707390e+02,1.526555202870232222e+02
1.508013594095572216e+02,1.508425562266847351e+02,1.508933427964524583e+02,1.509370181865507448e+02,1.509700475288418602e+02,1.509956079239635756e+02,1.510207253860925221e+02,1.510350605195822027e+02,1.510207330628319937e+02,1.509855027867041031e+02,1.509393498593279332e+02,1.508849846194054294e+02,1.508177913766083407e+02,1.507301243126620420e+02,1.506242789989218807e+02,1.505101784501996747e+02,1.503919307547336359e+02,1.502727388749968043e+02,1.501493074110034058e+02,1.500215038052776890e+02,1.499002603576230399e+02,1.497887481606785798e+02,1.496975613314988323e+02,1.496346135474132097e+02,1.496015099169024722e+02,1.495762637634508110e+02,1.495514803578956560e+02,1.495636602844062395e+02,1.496292048589939156e+02,1.497183185376160850e+02,1.497937181537625975e+02,1.498748605608323601e+02,1.499873202986464662e+02,1.501242736958821240e+02,1.502685312100554142e+02,1.504106774902020902e+02,1.505602915739636387e+02,1.507207712131861399e+02,1.508767196452335497e+02,1.510197497422086315e+02,1.511582634599382970e+02,1.512934959859157971e+02,1.514238182258315533e+02,1.515635258288540967e+02,1.516948478833827494e+02,1.517974183257164782e+02,1.519067531507071749e+02,1.520214720406179936e+02,1.521139224126607701e+02,1.521941017073058902e+02,1.522778592717036759e+02,1.523716259435222469e+02,1.524631493005804828e+02,1.525377202211294048e+02,1.526007369531829170e+02,1.526606092441165003e+02,1.527170222802456578e+02,1.527663779162588753e+02,1.528077821636818499e+02,1.528418124464209313e+02,1.528726829817103123e+02,1.528996853081317795e+02,1.529174047295094852e+02,1.529273653561431559e+02,1.529325712191478601e+02,1.529325724419635435e+02,1.529297851364956955e+02,1.529295416366625204e+02,1.529263535549214339e+02,1.529013854423122893e+02,1.528528628619833967e+02,1.527985420407347590e+02,1.527531427497914365e+02,1.527152440906649815e+02,1.526673573495990013e+02,1.526050512978577274e+02,1.525358350253569597e+02,1.524671278446571137e+02,1.523938260162562415e+02,1.523137465162032527e+02,1.522433132738793233e+02,1.521728931589572653e+02,1.520917203565969089e+02,1.520196359349700117e+02,1.519472341868842022e+02,1.518661077679542473e+02,1.517910059256759041e+02,1.517271743880284021e+02,1.516705748307477108e+02,1.516156906901032073e+02,1.515620398008612142e+02,1.515230523151190880e+02,1.514898392989040019e+02,1.514395515596295070e+02,1.513832556773951978e+02,1.513506655794832341e+02,1.513434714196080222e+02,1.513378133465392921e+02,1.513233211243811525e+02,1.513100355443403942e+02,1.513200930775006441e+02,1.513448460845943941e+02,1.513574953422038050e+02,1.513685006699369637e+02,1.513963921392930558e+02,1.514357585240948083e+02,1.514764563836300226e+02,1.515149252432114508e+02,1.515532828956449976e+02,1.516003984097391708e+02,1.516557409386318227e+02,1.517138354179205635e+02,1.517694572393571377e+02,1.518266901693719433e+02,1.518848700141658128e+02,1.519416849068701367e+02,1.520076890186264222e+02,1.520779159204413986e+02,1.521291926742161422e+02,1.521775037125818812e+02,1.522363584226128239e+02,1.523020206026985477e+02,1.523641211658411123e+02,1.524078296677942603e+02,1.524453180946380542e+02,1.524936239599104510e+02,1.525419392213929939e+02,1.525753001432256610e+02,1.526034642010790208e+02,1.526288451320504009e+02,1.526490183018348148e+02,1.526732467252812455e+02,1.526896620860518965e+02,1.526939179235632764e+02
1.508160603631862386e+02,1.508630070647471086e+02,1.509261204466666300e+02,1.509810087572432167e+02,1.510182877476930798e+02,1.510537924106373850e+02,1.510908200514001578e+02,1.511107249336741631e+02,1.511038642856286174e+02,1.510801578977509507e+02,1.510462644572199338e+02,1.510036337199912282e+02,1.509518905311389290e+02,1.508835988039749623e+02,1.507928317606934456e+02,1.506917914624452237e+02,1.505832371483391796e+02,1.504654600967966189e+02,1.503405758345216441e+02,1.502078799386264336e+02,1.500743044555275105e+02,1.499445620401835981e+02,1.498307653545502092e+02,1.497389717363635100e+02,1.496760984980143689e+02,1.496215124202117863e+02,1.495605890433465390e+02,1.495362310211793329e+02,1.495675750611986246e+02,1.496270038463667902e+02,1.496804729821319029e+02,1.497331788322426860e+02,1.498216120352785765e+02,1.499408288492386987e+02,1.500649068929407122e+02,1.501937224125085777e+02,1.503368974509872942e+02,1.504954086501018082e+02,1.506643436939791059e+02,1.508282506462839194e+02,1.509838844067809305e+02,1.511345021869439051e+02,1.512761766232230798e+02,1.514249875663973057e+02,1.515649122338328425e+02,1.516805778493661307e+02,1.518036025508011164e+02,1.519310003954351487e+02,1.520372924229275782e+02,1.521268158619256212e+02,1.522195289807109475e+02,1.523281384290887104e+02,1.524333442454193914e+02,1.525090998159425340e+02,1.525724907111665516e+02,1.526373146580290552e+02,1.527004967583163761e+02,1.527581407893948153e+02,1.528085406761769605e+02,1.528532035615417897e+02,1.528897705392559772e+02,1.529156344654688269e+02,1.529306207128182677e+02,1.529358178367670575e+02,1.529418355932694737e+02,1.529486751857124887e+02,1.529438314260791287e+02,1.529429468873842382e+02,1.529440815868524908e+02,1.529168063506230339e+02,1.528701155929090305e+02,1.528226263905479811e+02,1.527787809618780557e+02,1.527369927954765103e+02,1.526904960106116107e+02,1.526276227705105271e+02,1.525498446030119908e+02,1.524732385911072470e+02,1.523972702944765842e+02,1.523214353048462044e+02,1.522585609361868819e+02,1.521905659789458696e+02,1.521063424516359532e+02,1.520286880061676698e+02,1.519531396839625756e+02,1.518736586722316702e+02,1.518030898437262408e+02,1.517445336017753164e+02,1.516923915717738112e+02,1.516390168492576436e+02,1.515792840113128932e+02,1.515304319445705801e+02,1.514888446884044129e+02,1.514403347867248044e+02,1.513884635467991018e+02,1.513534907537249126e+02,1.513430609785573608e+02,1.513404163529514221e+02,1.513285416155286498e+02,1.513178678052928490e+02,1.513280236721931828e+02,1.513474996168723976e+02,1.513618691291651146e+02,1.513837701615336471e+02,1.514240248769469872e+02,1.514688310751723179e+02,1.515037900286143895e+02,1.515381003948857028e+02,1.515794276173486992e+02,1.516285003734659540e+02,1.516780468144579004e+02,1.517300405212360488e+02,1.517911128869619120e+02,1.518563861195811455e+02,1.519145179037706725e+02,1.519693908808388301e+02,1.520328751477962328e+02,1.521010714796219645e+02,1.521562358894407794e+02,1.522103396138184621e+02,1.522695411318080687e+02,1.523328856806340923e+02,1.523945563874336813e+02,1.524383166898661557e+02,1.524762326028367738e+02,1.525239790471553079e+02,1.525690664873064293e+02,1.525990448087630966e+02,1.526273852866893321e+02,1.526585455903082220e+02,1.526821722309625216e+02,1.527050787800926628e+02,1.527230725638138438e+02,1.527295792349638930e+02
1.508428292908687638e+02,1.508861207469008434e+02,1.509474305257297715e+02,1.510046392844440959e+02,1.510475768726224146e+02,1.510934203840844248e+02,1.511380365848683880e+02,1.511582313557765929e+02,1.511590452440867978e+02,1.511504486565277148e+02,1.511281733153589357e+02,1.510942342821780073e+02,1.510552408406710470e+02,1.510050444259502456e+02,1.509307858511419909e+02,1.508429361545597658e+02,1.507496834627042972e+02,1.506458412420506647e+02,1.505299679091632470e+02,1.503998408320686337e+02,1.502585959728762646e+02,1.501189238923145979e+02,1.499958139114911830e+02,1.498897947017639467e+02,1.497992666069698657e+02,1.497094786013785495e+02,1.496228061018904327e+02,1.495687355358155912e+02,1.495559538951542322e+02,1.495740794055433867e+02,1.496006281030317666e+02,1.496286871526293680e+02,1.496906553781861930e+02,1.497846448224312326e+02,1.498868089774297516e+02,1.500032086018695168e+02,1.501404551712626017e+02,1.502919567696366130e+02,1.504560522892246581e+02,1.506232832871707501e+02,1.507835834497666951e+02,1.509427914010777840e+02,1.511048087039625898e+02,1.512704462071072840e+02,1.514157140449964345e+02,1.515391050919188842e+02,1.516713072893548429e+02,1.518058613564730592e+02,1.519252091590592499e+02,1.520320641006892401e+02,1.521402973639835068e+02,1.522587326195724700e+02,1.523706754580802851e+02,1.524536549974602337e+02,1.525261799478025750e+02,1.526000597367338969e+02,1.526723623232771843e+02,1.527363109395668346e+02,1.527927931547014282e+02,1.528505444339099313e+02,1.529019928310837599e+02,1.529340427815668022e+02,1.529443354227773852e+02,1.529446135350910936e+02,1.529580890457730789e+02,1.529719705746580871e+02,1.529577883384796735e+02,1.529426374980674268e+02,1.529360534618802774e+02,1.529141409098596114e+02,1.528845225701068387e+02,1.528502979553940690e+02,1.527990681516051836e+02,1.527414082157488053e+02,1.526888441481598022e+02,1.526274486869803582e+02,1.525514833853943628e+02,1.524776815623482662e+02,1.524067383000867153e+02,1.523387692166836587e+02,1.522769106806895820e+02,1.522025180141187946e+02,1.521165136506697877e+02,1.520358033384720216e+02,1.519613671630839349e+02,1.518945907088444187e+02,1.518363983022432251e+02,1.517766839747089307e+02,1.517146757602579612e+02,1.516537436080908492e+02,1.515922852511131680e+02,1.515413585245538002e+02,1.514992954299973462e+02,1.514594088841431585e+02,1.514130971423275014e+02,1.513713069704678560e+02,1.513515235907391343e+02,1.513448719431708014e+02,1.513373373087044058e+02,1.513348884481558230e+02,1.513446657483767126e+02,1.513537959359750289e+02,1.513652323055313218e+02,1.513895914840538808e+02,1.514286670719940844e+02,1.514713620323858265e+02,1.515042546040603497e+02,1.515405087080622764e+02,1.515906026282215180e+02,1.516444824220571945e+02,1.516966871882399914e+02,1.517514664777280586e+02,1.518138948977456266e+02,1.518794047255610167e+02,1.519411717650644675e+02,1.519992498574225408e+02,1.520595020456308646e+02,1.521249802243044087e+02,1.521861168050165816e+02,1.522446521254071286e+02,1.523011622102807223e+02,1.523601038190309964e+02,1.524190691059910705e+02,1.524673141761326178e+02,1.525111208467023403e+02,1.525593848200780371e+02,1.526025680868758343e+02,1.526303045860366865e+02,1.526558210216609837e+02,1.526896977067428907e+02,1.527193203353478168e+02,1.527372061314227381e+02,1.527479665863894809e+02,1.527502352773052507e+02
1.508771308060790943e+02,1.509120155642511918e+02,1.509715985660621413e+02,1.510344147614489430e+02,1.510787129131787196e+02,1.511192207943422829e+02,1.511603872871149008e+02,1.511875111240084664e+02,1.512070443210016322e+02,1.512153608613469373e+02,1.511976592866047042e+02,1.511681538569188206e+02,1.511380965933466882e+02,1.511004272544080891e+02,1.510438843455653455e+02,1.509749145372383055e+02,1.509022550587430374e+02,1.508147422617049074e+02,1.507086081239141890e+02,1.505875183312284946e+02,1.504500719534466953e+02,1.503101958805422385e+02,1.501864905695480559e+02,1.500808964206611336e+02,1.499759961339313463e+02,1.498518592263011442e+02,1.497400602293299698e+02,1.496603873996428433e+02,1.496069607682266280e+02,1.495799749090102750e+02,1.495684497658333498e+02,1.495728967252377117e+02,1.496079616110321240e+02,1.496688419384339568e+02,1.497462505242992847e+02,1.498476012173479148e+02,1.499742179689009731e+02,1.501177033061339330e+02,1.502804013537065657e+02,1.504496771720216088e+02,1.505959260437709020e+02,1.507429483467818159e+02,1.509155235679063196e+02,1.510957094646688859e+02,1.512500491994989602e+02,1.513824288980356414e+02,1.515213902264819126e+02,1.516628751962826982e+02,1.517946906327818795e+02,1.519196612241988191e+02,1.520451794734100019e+02,1.521696695467378220e+02,1.522846867004904539e+02,1.523807603412415688e+02,1.524656712231646623e+02,1.525480945407521745e+02,1.526311329730585840e+02,1.527025714373044707e+02,1.527599715864907921e+02,1.528217084052865005e+02,1.528865221794218883e+02,1.529345017629848371e+02,1.529483545953243606e+02,1.529481002271747627e+02,1.529621034214252120e+02,1.529731302144082861e+02,1.529574514241795669e+02,1.529381148278614546e+02,1.529221965979770346e+02,1.529022564030853459e+02,1.528872408605890598e+02,1.528621130978934275e+02,1.528021247181310116e+02,1.527340323050508175e+02,1.526746889410517269e+02,1.526136576043238051e+02,1.525499412002795623e+02,1.524869414857667493e+02,1.524196437296451165e+02,1.523499971688647179e+02,1.522816460485568655e+02,1.522045195274255889e+02,1.521229914587650001e+02,1.520435536444149420e+02,1.519712579152594003e+02,1.519194423589581220e+02,1.518772883816097021e+02,1.518176946475869045e+02,1.517448258895869913e+02,1.516672600037433938e+02,1.515979243968068886e+02,1.515470806309859029e+02,1.515092449041246709e+02,1.514790468398249743e+02,1.514409955450723544e+02,1.513954784734987129e+02,1.513660685263297410e+02,1.513587548860509742e+02,1.513605468416365625e+02,1.513600351343250736e+02,1.513634091862565469e+02,1.513686435268845685e+02,1.513799949508103282e+02,1.514029299043015442e+02,1.514361242117670656e+02,1.514760556229221038e+02,1.515123932163094480e+02,1.515507371354442512e+02,1.516032488687715158e+02,1.516597416306842661e+02,1.517158055745863408e+02,1.517747213381401821e+02,1.518383955079107750e+02,1.519019061171288740e+02,1.519638518318294587e+02,1.520269696473868919e+02,1.520926157561067953e+02,1.521586879488594946e+02,1.522239467276700680e+02,1.522854846741214772e+02,1.523371112786050787e+02,1.523922848958142140e+02,1.524516832918704381e+02,1.525060510148070136e+02,1.525536543844695245e+02,1.526034309887944005e+02,1.526474254789644363e+02,1.526714107784095802e+02,1.526929577710455135e+02,1.527287826205336501e+02,1.527630813372045964e+02,1.527737291571230571e+02,1.527750328806193352e+02,1.527721001155064187e+02
1.509007836201784585e+02,1.509358881099446421e+02,1.509978603337542040e+02,1.510659424971790941e+02,1.511091628160640425e+02,1.511406859812316270e+02,1.511751865344872101e+02,1.512078216077467516e+02,1.512427929505050201e+02,1.512633929728806663e+02,1.512487702540237535e+02,1.512236567109879957e+02,1.512009222487611169e+02,1.511731650734679988e+02,1.511374692612768058e+02,1.510953663405471445e+02,1.510427286887551190e+02,1.509674913898576278e+02,1.508712497500523000e+02,1.507640256685435247e+02,1.506412492966367154e+02,1.505094698580214754e+02,1.503884167966375571e+02,1.502862333236756740e+02,1.501775035141356511e+02,1.500340653887638496e+02,1.499006379636068687e+02,1.497977757190525949e+02,1.497137796943893591e+02,1.496491585255155883e+02,1.496035648737875476e+02,1.495853756994266348e+02,1.495952008942307998e+02,1.496233681025487954e+02,1.496670657069404058e+02,1.497398175764429880e+02,1.498463674593539281e+02,1.499746987343559965e+02,1.501299638715350113e+02,1.502980778766007290e+02,1.504291209183936644e+02,1.505510219962843053e+02,1.507067985106024253e+02,1.508803178392718110e+02,1.510458903004157492e+02,1.512026333902801412e+02,1.513602398303791574e+02,1.515161193152956685e+02,1.516627658905821363e+02,1.517974853361503165e+02,1.519316597626017256e+02,1.520624263361710291e+02,1.521813144392688173e+02,1.522913813476871780e+02,1.523905385851314804e+02,1.524841940198806185e+02,1.525825079573746734e+02,1.526699416712911557e+02,1.527259035032461441e+02,1.527792922348709794e+02,1.528463298990016881e+02,1.529068222454467900e+02,1.529280442234245925e+02,1.529357026463788145e+02,1.529533189980140833e+02,1.529648294438310643e+02,1.529517723115080230e+02,1.529339525306114922e+02,1.529166114518696418e+02,1.528935386210377771e+02,1.528733684549221721e+02,1.528459856620888786e+02,1.527917021618354170e+02,1.527304815367490392e+02,1.526728642902608613e+02,1.526160278333607323e+02,1.525585838061130630e+02,1.524923017722298368e+02,1.524195306757729327e+02,1.523479460064349382e+02,1.522791229222157767e+02,1.522055104983670049e+02,1.521283375973935108e+02,1.520500407890094721e+02,1.519780929973218235e+02,1.519305360129866642e+02,1.518933190652506369e+02,1.518373623322240462e+02,1.517668538587949456e+02,1.516849850179058876e+02,1.516118112258055248e+02,1.515638034917611776e+02,1.515278682331211257e+02,1.514917736823025791e+02,1.514577608761944703e+02,1.514235156585006337e+02,1.513941212735510931e+02,1.513858470779854883e+02,1.513927948259150185e+02,1.513866771571279060e+02,1.513788346160075378e+02,1.513854625023546987e+02,1.514074131992887260e+02,1.514382460551058216e+02,1.514660674184218863e+02,1.515006119698398663e+02,1.515392346190898252e+02,1.515774591927625465e+02,1.516275602840585748e+02,1.516836010522303013e+02,1.517419951761512493e+02,1.518041112051135428e+02,1.518706427019662897e+02,1.519349036778480126e+02,1.519931560061472737e+02,1.520592446343480049e+02,1.521342154655953891e+02,1.521990229277566584e+02,1.522637448323762897e+02,1.523298135882272391e+02,1.523801180357899057e+02,1.524344981581717775e+02,1.525052020984458352e+02,1.525747741934381168e+02,1.526169278364342574e+02,1.526524123514761015e+02,1.526899939117786005e+02,1.527136109005668345e+02,1.527336171576581023e+02,1.527664393270235053e+02,1.527989171994276205e+02,1.528093978478188717e+02,1.528103748195352409e+02,1.528066066014285411e+02
1.509089643666247014e+02,1.509479978315810058e+02,1.510051517379117740e+02,1.510690626767080289e+02,1.511179682144724552e+02,1.511523146868321419e+02,1.511851990817687863e+02,1.512188027353889197e+02,1.512530633740717292e+02,1.512732520517873809e+02,1.512712683115395862e+02,1.512621767973892304e+02,1.512480418751406717e+02,1.512284582517150113e+02,1.512101894603575261e+02,1.511885078232820945e+02,1.511454108742653943e+02,1.510794659788404886e+02,1.509971952495496907e+02,1.509067000647510213e+02,1.508042556671573493e+02,1.506888659970367712e+02,1.505770152417994154e+02,1.504746015627320617e+02,1.503623809896458283e+02,1.502211504558540582e+02,1.500845676163719418e+02,1.499701538879588156e+02,1.498691779474367536e+02,1.497790211711985648e+02,1.497053721402296560e+02,1.496609217530621549e+02,1.496429783344077009e+02,1.496404602410640905e+02,1.496498715796831220e+02,1.496894937956298008e+02,1.497644833274556504e+02,1.498564245190052873e+02,1.499732739489272433e+02,1.501176058459693650e+02,1.502484871335025787e+02,1.503647526786003823e+02,1.505033005041553906e+02,1.506602483055829680e+02,1.508270974345850561e+02,1.510054761294896366e+02,1.511886769785502054e+02,1.513631325749205416e+02,1.515201326313726327e+02,1.516568581883150273e+02,1.517944059730407957e+02,1.519354627477450776e+02,1.520612773092695420e+02,1.521830445338413824e+02,1.522931423595233582e+02,1.523956625676779026e+02,1.525064220101589001e+02,1.526104061514297996e+02,1.526715839253681111e+02,1.527214642480902853e+02,1.527858363669902531e+02,1.528485294999445614e+02,1.528808037139757232e+02,1.529038840076792667e+02,1.529319190214146147e+02,1.529518862840970712e+02,1.529402987774644487e+02,1.529232120648475188e+02,1.529143582659577589e+02,1.528954046317396092e+02,1.528710604888323985e+02,1.528399074881701267e+02,1.527939795747519725e+02,1.527392614946655556e+02,1.526868469973449578e+02,1.526361811207708001e+02,1.525723464531623677e+02,1.524926374852732067e+02,1.524138101308533351e+02,1.523450946892447746e+02,1.522818701197215887e+02,1.522104968338567801e+02,1.521311478345926389e+02,1.520535756180450733e+02,1.519869466594650760e+02,1.519364612224965754e+02,1.518882840701303394e+02,1.518293389821250798e+02,1.517640982275244141e+02,1.516962276276830153e+02,1.516336282990043287e+02,1.515910881095107925e+02,1.515556689026872164e+02,1.515173601241802999e+02,1.514914435533135588e+02,1.514679865812745732e+02,1.514364337922733910e+02,1.514136660383818764e+02,1.514110962654873447e+02,1.514046818424446030e+02,1.513946079422796060e+02,1.514045853329330953e+02,1.514413924296986806e+02,1.514852261855154438e+02,1.515121710723169599e+02,1.515396823212594200e+02,1.515706313266047687e+02,1.516054172601904213e+02,1.516572588185930783e+02,1.517155297193149579e+02,1.517760746346039014e+02,1.518403363794004974e+02,1.519086591038480378e+02,1.519724791828276693e+02,1.520287317313268716e+02,1.520977443900583239e+02,1.521759716062197469e+02,1.522374713796678236e+02,1.522986793743307317e+02,1.523639115277476037e+02,1.524184417051157254e+02,1.524802348775868381e+02,1.525666186812268279e+02,1.526487491311354461e+02,1.526773552489522103e+02,1.526911558298192517e+02,1.527207565226309498e+02,1.527484753924199765e+02,1.527668110991564845e+02,1.527890028409692036e+02,1.528163584177402754e+02,1.528394050246950826e+02,1.528519072576399367e+02,1.528484946539353473e+02
1.509275844512342815e+02,1.509573811672258898e+02,1.510017460684983348e+02,1.510603782068601788e+02,1.511149638869275122e+02,1.511534547033945159e+02,1.511878637608297709e+02,1.512242637604070126e+02,1.512556910068093998e+02,1.512729153056351947e+02,1.512829580062820582e+02,1.512883934478182084e+02,1.512793607340378230e+02,1.512646638296928074e+02,1.512567081855846709e+02,1.512445188535438376e+02,1.512029746064969800e+02,1.511459750027667610e+02,1.510844748417768812e+02,1.510192555170774824e+02,1.509439339223039838e+02,1.508481462071194983e+02,1.507461080387319612e+02,1.506416824488342172e+02,1.505263395679279483e+02,1.503981620956479901e+02,1.502741103032548153e+02,1.501612739045659737e+02,1.500533973739709666e+02,1.499479310177077309e+02,1.498548104883457768e+02,1.497849815558093951e+02,1.497353790256336765e+02,1.497006599572968071e+02,1.496821332382660614e+02,1.496953745493540566e+02,1.497362424808610797e+02,1.497829055648045937e+02,1.498523107989425398e+02,1.499594018244308700e+02,1.500784414830034734e+02,1.501935170141093749e+02,1.503237941950450534e+02,1.504679885982999110e+02,1.506268544469398307e+02,1.508055499486478652e+02,1.509962300792125234e+02,1.511759013050758540e+02,1.513378043844259651e+02,1.514859338417090271e+02,1.516297153015040067e+02,1.517775952845848906e+02,1.519123640862429738e+02,1.520447781063568016e+02,1.521624707456248302e+02,1.522703815318939178e+02,1.523812393642764391e+02,1.524861998204704037e+02,1.525639390856399018e+02,1.526309123824379412e+02,1.527043404803995941e+02,1.527695743939935937e+02,1.528089163228572716e+02,1.528384132482366624e+02,1.528676197733203992e+02,1.528896967062044610e+02,1.528907101192093592e+02,1.528924187513454171e+02,1.529014408610648275e+02,1.528899889364382148e+02,1.528675329476426441e+02,1.528369203574746962e+02,1.527958331747056206e+02,1.527460564922643016e+02,1.527014844747008624e+02,1.526533888879725396e+02,1.525803818677852064e+02,1.524955100531473136e+02,1.524175936832218667e+02,1.523526690416983911e+02,1.522956459722511795e+02,1.522253489445054413e+02,1.521413999115730178e+02,1.520625591934120280e+02,1.520002685722168394e+02,1.519473360436913936e+02,1.518887145137195205e+02,1.518241523516278448e+02,1.517627732846086133e+02,1.517099767114033853e+02,1.516573394055086226e+02,1.516113356316949421e+02,1.515680424585356718e+02,1.515363288641715087e+02,1.515254375904841027e+02,1.515084231272729198e+02,1.514729726445615370e+02,1.514370621832930226e+02,1.514222581460425943e+02,1.514171544877494284e+02,1.514135998341102152e+02,1.514323734877455081e+02,1.514754991942514550e+02,1.515172974753610333e+02,1.515483906788756201e+02,1.515826562352486633e+02,1.516109314031529607e+02,1.516399794126176630e+02,1.516890196328731122e+02,1.517447648801238529e+02,1.518041366802030439e+02,1.518711170322252428e+02,1.519393886025793563e+02,1.519988487550947411e+02,1.520578112088822422e+02,1.521281550453811064e+02,1.521973377591255883e+02,1.522572905554440013e+02,1.523221146337720597e+02,1.523872283937603527e+02,1.524480333648575652e+02,1.525132086891278220e+02,1.525896678866111529e+02,1.526572622653383178e+02,1.526841624675271305e+02,1.527069208799632065e+02,1.527442263907940401e+02,1.527742709700247019e+02,1.527908534275422028e+02,1.528053016018293420e+02,1.528295878751348198e+02,1.528644073488315485e+02,1.528861804465660157e+02,1.528823052489867962e+02
1.509637461078609135e+02,1.509775783687791773e+02,1.510042280643210688e+02,1.510542146006776250e+02,1.511082482598944807e+02,1.511506302308536647e+02,1.511899842600699913e+02,1.512294139912180810e+02,1.512598069145573731e+02,1.512766969035328657e+02,1.512913737880969620e+02,1.513010888208373217e+02,1.512934906842718590e+02,1.512829780654721503e+02,1.512857501836289487e+02,1.512839456097035509e+02,1.512495841032645671e+02,1.512053283437109314e+02,1.511616063034459216e+02,1.511133910317778373e+02,1.510586004002434493e+02,1.509863487883284563e+02,1.509014390724231589e+02,1.507986577158296200e+02,1.506830999750906983e+02,1.505662682556248910e+02,1.504571200053599398e+02,1.503530726386287881e+02,1.502478019823982720e+02,1.501416040463756758e+02,1.500430769333952412e+02,1.499533112933234804e+02,1.498747652733049449e+02,1.498113027028597344e+02,1.497672204228735495e+02,1.497552389268447541e+02,1.497663767955614276e+02,1.497764298540302832e+02,1.498090051435006842e+02,1.498797841739536807e+02,1.499687279242024829e+02,1.500632995052330330e+02,1.501766108896187575e+02,1.503121609332816320e+02,1.504620840017409478e+02,1.506207359174738372e+02,1.507922200426426400e+02,1.509631628524122675e+02,1.511333470107496169e+02,1.512998782781747593e+02,1.514436850355083664e+02,1.515843980367259292e+02,1.517238263566407568e+02,1.518645959397350111e+02,1.519943070685119437e+02,1.521155991783723493e+02,1.522292781541477211e+02,1.523317060977178130e+02,1.524256138457645307e+02,1.525138453259660878e+02,1.525963914409544770e+02,1.526665047269755462e+02,1.527176702075133221e+02,1.527521219682138849e+02,1.527778828102806301e+02,1.527984798858971374e+02,1.528162286984443767e+02,1.528416062073924309e+02,1.528607202509037961e+02,1.528467986537505112e+02,1.528205342922153136e+02,1.527914136077930323e+02,1.527583538396312406e+02,1.527273353100226529e+02,1.526978158858771053e+02,1.526468169311938539e+02,1.525758229448646262e+02,1.525059970586814302e+02,1.524383993626504150e+02,1.523696231567516861e+02,1.523102272698271804e+02,1.522407426028551924e+02,1.521549568564366837e+02,1.520735934123653692e+02,1.520076037871768619e+02,1.519487854032372240e+02,1.518890313691259450e+02,1.518273957484585708e+02,1.517683331553153891e+02,1.517197046816581292e+02,1.516724207161013851e+02,1.516254910894890031e+02,1.515766930476506502e+02,1.515405118327697096e+02,1.515238557479362385e+02,1.515103927859555029e+02,1.514913009357572093e+02,1.514688567300476052e+02,1.514517353992922040e+02,1.514432234138819808e+02,1.514435670955903106e+02,1.514649022740053113e+02,1.515005222414723676e+02,1.515298316773309750e+02,1.515602794343433288e+02,1.516042617376390922e+02,1.516451815288024818e+02,1.516773724157088736e+02,1.517201188024135377e+02,1.517701546215298833e+02,1.518263380670927063e+02,1.518940506035840485e+02,1.519644760315817962e+02,1.520251784288657291e+02,1.520841289317667986e+02,1.521517156411188409e+02,1.522154842688943006e+02,1.522765094147965215e+02,1.523452868624707719e+02,1.524172630659254537e+02,1.524869909423181866e+02,1.525423408585631933e+02,1.525920496225887177e+02,1.526409350766087982e+02,1.526751903004939663e+02,1.527164457391413066e+02,1.527644120491314652e+02,1.527914077465606226e+02,1.528052336408155156e+02,1.528223357773485986e+02,1.528497030451842988e+02,1.528845611559214035e+02,1.529029369184197549e+02,1.528984135545325103e+02
1.509628556508418171e+02,1.509793443163167126e+02,1.510032999304454222e+02,1.510479769689285376e+02,1.511032579401734779e+02,1.511522404050292607e+02,1.511965588921265748e+02,1.512425142825691751e+02,1.512771792693153259e+02,1.512896874639956764e+02,1.512980566352508163e+02,1.513058561985508845e+02,1.513046439147502724e+02,1.513010336608065529e+02,1.513087398404930752e+02,1.513124908313903063e+02,1.512918021146842307e+02,1.512620566342883137e+02,1.512247608280828217e+02,1.511773178141407357e+02,1.511305530186623685e+02,1.510851874391157708e+02,1.510298771064707921e+02,1.509401117013481155e+02,1.508324623534083742e+02,1.507256989962457396e+02,1.506297144154196133e+02,1.505377113758042356e+02,1.504414215740998770e+02,1.503436437336113158e+02,1.502499058959568856e+02,1.501533598142952997e+02,1.500583826715465818e+02,1.499717572649645376e+02,1.499021872015479175e+02,1.498601405029709497e+02,1.498441035175277989e+02,1.498372622911150529e+02,1.498485437206411177e+02,1.498863481806302502e+02,1.499333124428958968e+02,1.499926549598974361e+02,1.500780214794506264e+02,1.501952999943684404e+02,1.503276835260020903e+02,1.504567884885771605e+02,1.505965919163783155e+02,1.507516323194902554e+02,1.509293153856792458e+02,1.511092786863376318e+02,1.512499267171043869e+02,1.513822471611123603e+02,1.515230522943778340e+02,1.516649544156404090e+02,1.518002870799124366e+02,1.519331653755840250e+02,1.520567375762871052e+02,1.521657110169518319e+02,1.522707615354383961e+02,1.523735705757063101e+02,1.524621133123781362e+02,1.525416772014885964e+02,1.526121834134659707e+02,1.526597825769052292e+02,1.526915355377169021e+02,1.527187714023068565e+02,1.527520484608135689e+02,1.527905145513740877e+02,1.527997552101394945e+02,1.527768829980475402e+02,1.527505596725660553e+02,1.527243141163235123e+02,1.526983581489868129e+02,1.526839344671123513e+02,1.526651359752042936e+02,1.526122772824734000e+02,1.525528938318888095e+02,1.525058829111064256e+02,1.524496406133224298e+02,1.523699297307421716e+02,1.522985936289009601e+02,1.522305819226598373e+02,1.521514918385807107e+02,1.520761436406320399e+02,1.520130549052923925e+02,1.519543132567687849e+02,1.518959812786321777e+02,1.518380890784894177e+02,1.517834202731425535e+02,1.517364637252746888e+02,1.516859207117690005e+02,1.516377621830630744e+02,1.515936305046067218e+02,1.515543661115161456e+02,1.515271967794408567e+02,1.515152506441940545e+02,1.515128256366277526e+02,1.515051445243540797e+02,1.514902370682043511e+02,1.514803184311392101e+02,1.514793757508762155e+02,1.514917272836144662e+02,1.515162661115004710e+02,1.515440029961699793e+02,1.515761158616627711e+02,1.516171954955637204e+02,1.516620508153787910e+02,1.517048167425204781e+02,1.517518615692860635e+02,1.518036621350458688e+02,1.518595911122275766e+02,1.519246458708334728e+02,1.519955008712260280e+02,1.520575162883536962e+02,1.521121517539430101e+02,1.521753839959379206e+02,1.522391251623020025e+02,1.523011260409277270e+02,1.523693985690883324e+02,1.524473648110182467e+02,1.525248385349915168e+02,1.525714451427449205e+02,1.526086404698871206e+02,1.526568277506265190e+02,1.526913050983684457e+02,1.527306581659580047e+02,1.527753783443647535e+02,1.527986073127345605e+02,1.528164706903833121e+02,1.528440810212525207e+02,1.528726944631147830e+02,1.528973592119937166e+02,1.529092144407821934e+02,1.529064364895127994e+02
1.509429434391083475e+02,1.509712283240329498e+02,1.510029043752208509e+02,1.510483775302162712e+02,1.511103427964435468e+02,1.511654093921325170e+02,1.512047802794071458e+02,1.512498667911961547e+02,1.512884622161896573e+02,1.513012968698274676e+02,1.513089873501499483e+02,1.513148232392422869e+02,1.513180760259847943e+02,1.513177289079890784e+02,1.513205325325787385e+02,1.513270695596345377e+02,1.513223521311932132e+02,1.512951735681706111e+02,1.512546265817990445e+02,1.512148703755635779e+02,1.511788303289441728e+02,1.511467785792557379e+02,1.511099307326668395e+02,1.510434529646092585e+02,1.509581859466618994e+02,1.508699167767337599e+02,1.507909280353636632e+02,1.507126824074705382e+02,1.506265667306591922e+02,1.505356000332393762e+02,1.504475103747521416e+02,1.503593356103116889e+02,1.502639748787552207e+02,1.501636302921644415e+02,1.500767348775430037e+02,1.500101954085442344e+02,1.499690982818253246e+02,1.499502845059595302e+02,1.499473609659362410e+02,1.499602104064129549e+02,1.499687422997716340e+02,1.499942645096637079e+02,1.500447071613282333e+02,1.501212170534566610e+02,1.502180928098846380e+02,1.503215267920018618e+02,1.504384046447399328e+02,1.505729005790855695e+02,1.507313553061352138e+02,1.508989626544687326e+02,1.510425441104379161e+02,1.511781531576854150e+02,1.513178438470132221e+02,1.514564174497534736e+02,1.515926057484222724e+02,1.517296992631300157e+02,1.518607141050410974e+02,1.519814535826430983e+02,1.520977423774676822e+02,1.522098745479660806e+02,1.523068717669599437e+02,1.523968641534860922e+02,1.524778162832781163e+02,1.525372985293839179e+02,1.525836874206585208e+02,1.526277466587701781e+02,1.526776093884515717e+02,1.527223381951286569e+02,1.527199356655604561e+02,1.526917922718811838e+02,1.526707760925554567e+02,1.526524880744332222e+02,1.526324039347040298e+02,1.526153750896876602e+02,1.525903494202255501e+02,1.525453725595955348e+02,1.525032311537207761e+02,1.524662736524002185e+02,1.524112545925951565e+02,1.523333139183056915e+02,1.522621078247711921e+02,1.522002768917909066e+02,1.521373555267630877e+02,1.520773956773146551e+02,1.520250030041637217e+02,1.519760960324925065e+02,1.519202247109791983e+02,1.518600094545028014e+02,1.518136990853822681e+02,1.517751230541052792e+02,1.517141413236897165e+02,1.516569079663860862e+02,1.516183191518580884e+02,1.515816227068636692e+02,1.515512942407056585e+02,1.515381349022626409e+02,1.515362064962054376e+02,1.515270628547584408e+02,1.515144923601854430e+02,1.515106152818523526e+02,1.515144135007672617e+02,1.515240122703058887e+02,1.515438425402541043e+02,1.515734495422121313e+02,1.516060714681734964e+02,1.516393327494431276e+02,1.516788680677010461e+02,1.517286877981622411e+02,1.517836207445646437e+02,1.518414611501115132e+02,1.518988754067263471e+02,1.519565932392308127e+02,1.520169249145120034e+02,1.520752743411066206e+02,1.521387214962822441e+02,1.522105114594207862e+02,1.522710502969685251e+02,1.523231844185543764e+02,1.523815954653324809e+02,1.524534205321896820e+02,1.525329133065311282e+02,1.525913055257420581e+02,1.526393881645336705e+02,1.526940396981499930e+02,1.527220451244363630e+02,1.527488467254532338e+02,1.527845167144399454e+02,1.528096198095872467e+02,1.528349942419958722e+02,1.528683322591220701e+02,1.528941616705665183e+02,1.529115786007431268e+02,1.529209606135478907e+02,1.529174390725791852e+02
1.509266521262197216e+02,1.509616933073950236e+02,1.510023510844099519e+02,1.510533758878511321e+02,1.511231443413574027e+02,1.511772276816128056e+02,1.512027740685318236e+02,1.512323539128079233e+02,1.512635560049084802e+02,1.512874397018947548e+02,1.513088195905510531e+02,1.513167746341554789e+02,1.513203536102082012e+02,1.513195190521084328e+02,1.513159160790286251e+02,1.513273970800523784e+02,1.513389229702671059e+02,1.513125681611460323e+02,1.512733130307431111e+02,1.512508056320366450e+02,1.512283550576088373e+02,1.511968121304511783e+02,1.511625344727568176e+02,1.511144834121686245e+02,1.510528220616000112e+02,1.509884243787439004e+02,1.509283114791937521e+02,1.508638453378571853e+02,1.507919423824461091e+02,1.507123261518220829e+02,1.506301774144145895e+02,1.505493932357640574e+02,1.504589070262607606e+02,1.503608468445306698e+02,1.502713637613105107e+02,1.501933828486656068e+02,1.501327243578067510e+02,1.500911635062180949e+02,1.500659692819933184e+02,1.500564525478913538e+02,1.500453027549382909e+02,1.500529239517663314e+02,1.500711736085312964e+02,1.501019331177990352e+02,1.501623699630339388e+02,1.502470703966105248e+02,1.503457519872034709e+02,1.504554635682418962e+02,1.505772565510421828e+02,1.507134737932993858e+02,1.508531836558337886e+02,1.509880005119543114e+02,1.511151675545094122e+02,1.512452881423731412e+02,1.513819395469158167e+02,1.515205664642613215e+02,1.516533583002487262e+02,1.517801576701676254e+02,1.519008470789333956e+02,1.520126453129699939e+02,1.521174957464913859e+02,1.522197310628500873e+02,1.523072843452361553e+02,1.523746155152854840e+02,1.524349923049605877e+02,1.524926314783614316e+02,1.525479680050753473e+02,1.525897354832011672e+02,1.525932735096816941e+02,1.525788484757727019e+02,1.525698222767919390e+02,1.525632055426664238e+02,1.525521735299152510e+02,1.525336851637387667e+02,1.525044329252073680e+02,1.524744765548064152e+02,1.524481713303335368e+02,1.524073713176632339e+02,1.523507351820093163e+02,1.522866261203525937e+02,1.522272206858991126e+02,1.521745470131467641e+02,1.521240580294222582e+02,1.520756678391477976e+02,1.520322253992326011e+02,1.519899310939595125e+02,1.519362392531087949e+02,1.518725510644327699e+02,1.518286412284986113e+02,1.517995572964306916e+02,1.517458213329110208e+02,1.516939102568858289e+02,1.516576885257355514e+02,1.516159536624247721e+02,1.515787777696004923e+02,1.515613297515268130e+02,1.515605609694253815e+02,1.515558142538064317e+02,1.515429001042870141e+02,1.515383685214634397e+02,1.515469546502207834e+02,1.515611720322098677e+02,1.515813818135111148e+02,1.516078336635050050e+02,1.516369844181454027e+02,1.516697101031119814e+02,1.517074968759181957e+02,1.517557886310779622e+02,1.518118882649488910e+02,1.518726370546308999e+02,1.519306821822958966e+02,1.519845011645100215e+02,1.520402192110029773e+02,1.520965589663455830e+02,1.521658529202005354e+02,1.522427675862026604e+02,1.522991843637560692e+02,1.523427922480519214e+02,1.523921448988150473e+02,1.524538163201126508e+02,1.525284704355768497e+02,1.525975396203281775e+02,1.526554371676616597e+02,1.527116418360347438e+02,1.527410037912447365e+02,1.527642719235031450e+02,1.527969475203086347e+02,1.528277774896493497e+02,1.528546315562721247e+02,1.528853762147313944e+02,1.529107862655562542e+02,1.529310047063039235e+02,1.529396228177135413e+02,1.529312760606970301e+02
1.509275749622020442e+02,1.509580102954790561e+02,1.509983585086476978e+02,1.510498328010959597e+02,1.511127261330431679e+02,1.511533193550822034e+02,1.511750844580899695e+02,1.512023818675779410e+02,1.512305831989725107e+02,1.512596918972566868e+02,1.512898860158296657e+02,1.513090337753177437e+02,1.513194998538986624e+02,1.513208447676490493e+02,1.513101899231626248e+02,1.513151021719485527e+02,1.513369568818087032e+02,1.513315648556942392e+02,1.513066323796244887e+02,1.512949963178959365e+02,1.512776191836700832e+02,1.512438984925973671e+02,1.512115447383147853e+02,1.511785265560706932e+02,1.511355573673976664e+02,1.510893805894439197e+02,1.510424120062580187e+02,1.509901271547015824e+02,1.509328958158690739e+02,1.508665065544234380e+02,1.507963276449575858e+02,1.507265161224407848e+02,1.506474936735433516e+02,1.505623503822395435e+02,1.504768031749144939e+02,1.503962348231142983e+02,1.503270721644300636e+02,1.502653757956745153e+02,1.502149532679419508e+02,1.501786741799974152e+02,1.501503671286469626e+02,1.501425100508889443e+02,1.501377624850035772e+02,1.501411703192084701e+02,1.501779987038009949e+02,1.502403131114569987e+02,1.503118533338938221e+02,1.503951383374285911e+02,1.504828799837100064e+02,1.505859436494181409e+02,1.507072317519197497e+02,1.508279788090260070e+02,1.509364186777055750e+02,1.510542918710600020e+02,1.511889572832652391e+02,1.513264454495900964e+02,1.514521835700660688e+02,1.515725490808241602e+02,1.516886485772510014e+02,1.517956716943684512e+02,1.519032340796580058e+02,1.520155900851581805e+02,1.521139540614931036e+02,1.521899422671178854e+02,1.522637023878095306e+02,1.523322683993579574e+02,1.523821268583548374e+02,1.524137857996325351e+02,1.524300831085517984e+02,1.524409896526310320e+02,1.524499351450954805e+02,1.524516900127852637e+02,1.524502880516490677e+02,1.524403893359527729e+02,1.524149303624254799e+02,1.523965975719092398e+02,1.523822204720648870e+02,1.523461597407873001e+02,1.523008945906038321e+02,1.522488188827682336e+02,1.521979147621389075e+02,1.521488314941989302e+02,1.520951212934867272e+02,1.520457698792225756e+02,1.520065399386690785e+02,1.519626004362403364e+02,1.519089283507211405e+02,1.518507588607338903e+02,1.518110675605284428e+02,1.517989814846936838e+02,1.517804772456607338e+02,1.517408193908265162e+02,1.516938411189382236e+02,1.516434340184744656e+02,1.516050572009785640e+02,1.515864713160464703e+02,1.515890359359876811e+02,1.515951363730551975e+02,1.515807721675656126e+02,1.515671833834935001e+02,1.515748077257172213e+02,1.515941733917242402e+02,1.516157537734177367e+02,1.516381813063998152e+02,1.516675139919130686e+02,1.517049629452370141e+02,1.517416696049682798e+02,1.517848830517346812e+02,1.518371364792139389e+02,1.518921300349098260e+02,1.519452912241175682e+02,1.520007233944496363e+02,1.520633156191476871e+02,1.521216417273533921e+02,1.521819309344141971e+02,1.522470829886676142e+02,1.523061732824592696e+02,1.523605562451706135e+02,1.524120578842399425e+02,1.524662287644276262e+02,1.525278275026633423e+02,1.525900795348316308e+02,1.526460538052839695e+02,1.526983000537928206e+02,1.527367528679276631e+02,1.527692791647581885e+02,1.528080526591541002e+02,1.528442902046629115e+02,1.528699324613493502e+02,1.528972341482618731e+02,1.529215200366706142e+02,1.529441279301193219e+02,1.529516300102248749e+02,1.529416069583501780e+02
1.509308930844202905e+02,1.509525124420177917e+02,1.509853100347003760e+02,1.510329266203744112e+02,1.510847346571470666e+02,1.511182214088939304e+02,1.511475532771469261e+02,1.511808991845632590e+02,1.512073502674943484e+02,1.512343840652523568e+02,1.512700040541240583e+02,1.513001665613107889e+02,1.513141784457677090e+02,1.513211928234657080e+02,1.513095913396949754e+02,1.513057002877038713e+02,1.513326564347573822e+02,1.513492282593590517e+02,1.513345224048852344e+02,1.513225111188539245e+02,1.513073281780723676e+02,1.512787738852202040e+02,1.512534846059256779e+02,1.512333696360402087e+02,1.512040500987125142e+02,1.511695963997542549e+02,1.511321570104246916e+02,1.510913227089380939e+02,1.510475541612997858e+02,1.509990690681269427e+02,1.509497130416882555e+02,1.508957329730697552e+02,1.508325891928818407e+02,1.507612805050355860e+02,1.506798374009149484e+02,1.506005968760239284e+02,1.505301172507984120e+02,1.504638699628840754e+02,1.504045989763506554e+02,1.503504364607412356e+02,1.503040841886447652e+02,1.502754070795385815e+02,1.502500505656830114e+02,1.502343899959170699e+02,1.502460718453709774e+02,1.502784622391896505e+02,1.503228978064570356e+02,1.503838622811238679e+02,1.504476357157191160e+02,1.505226408721246116e+02,1.506116188254975441e+02,1.507017912674178604e+02,1.507909417743338736e+02,1.508952335538133411e+02,1.510202445648906178e+02,1.511514167668315736e+02,1.512646737295593766e+02,1.513667218985940508e+02,1.514717524214719333e+02,1.515766874852510568e+02,1.516836740473851819e+02,1.517952739207654531e+02,1.518991654517398615e+02,1.519912714900177093e+02,1.520834561945723067e+02,1.521541813117104880e+02,1.521892215686140730e+02,1.522145106056371446e+02,1.522456270040380559e+02,1.522787194713832832e+02,1.523056729041455810e+02,1.523171387660494247e+02,1.523253086731993449e+02,1.523237941567799112e+02,1.523039127425178663e+02,1.522860384889734178e+02,1.522726657549699780e+02,1.522515722626878301e+02,1.522268304257152352e+02,1.521884922826147886e+02,1.521501280615746907e+02,1.521030521820334798e+02,1.520422971908856198e+02,1.519893087590974972e+02,1.519497479420093384e+02,1.519072869327518447e+02,1.518613915972330233e+02,1.518158085791530993e+02,1.517846640641537874e+02,1.517899011287188955e+02,1.517962086754608322e+02,1.517506067265799174e+02,1.516895386626325717e+02,1.516480263304930531e+02,1.516250532479033950e+02,1.516094593035068101e+02,1.516095121686590232e+02,1.516206088588561443e+02,1.516141148046291107e+02,1.515975957304114559e+02,1.515974935341615719e+02,1.516147870603056163e+02,1.516359821185602073e+02,1.516566974567519992e+02,1.516894509687377308e+02,1.517315784478097953e+02,1.517683161199582287e+02,1.518110911247786987e+02,1.518628941434927526e+02,1.519096735555642681e+02,1.519553545677237594e+02,1.520092080116587852e+02,1.520721654960251215e+02,1.521325385562478516e+02,1.521872980386181098e+02,1.522423217231937258e+02,1.523034994695903492e+02,1.523700445065009603e+02,1.524301800080700673e+02,1.524827200418591815e+02,1.525301598892577317e+02,1.525812117266800669e+02,1.526348563750753726e+02,1.526823519973927148e+02,1.527245972500115840e+02,1.527638492712563334e+02,1.528041442253756941e+02,1.528426694839828883e+02,1.528737791784690785e+02,1.528982821418982780e+02,1.529140329522703041e+02,1.529341433977622273e+02,1.529487981486434478e+02,1.529462748103403271e+02
1.509005546893618259e+02,1.509256322306942479e+02,1.509641484781733993e+02,1.510138670323891574e+02,1.510636128117524777e+02,1.510954303174671622e+02,1.511249374245731758e+02,1.511566575370729311e+02,1.511802623724659043e+02,1.512099384649416152e+02,1.512542735589347842e+02,1.512881365816258494e+02,1.512922682791237889e+02,1.512967218040677437e+02,1.512953231162698557e+02,1.512952470702280436e+02,1.513189060545374218e+02,1.513384658177748463e+02,1.513270151313219571e+02,1.513166189340670371e+02,1.513150465182244773e+02,1.513026410001261866e+02,1.512844927984023684e+02,1.512690392229576446e+02,1.512486539132726762e+02,1.512264850919411856e+02,1.512020009098165758e+02,1.511734710381385582e+02,1.511422371493646892e+02,1.511144523864378471e+02,1.510848895396517833e+02,1.510458020285262251e+02,1.510046780337091263e+02,1.509485733191039003e+02,1.508701679062472181e+02,1.507951456260999521e+02,1.507297048838166802e+02,1.506715327572322565e+02,1.506170372712267067e+02,1.505560851094244867e+02,1.504992966104077254e+02,1.504534881624967966e+02,1.504089680084189808e+02,1.503751831407255395e+02,1.503610429105391972e+02,1.503647621241919978e+02,1.503835717886930468e+02,1.504193286145584239e+02,1.504655475073045068e+02,1.505200097187667438e+02,1.505739794198187269e+02,1.506283032633783137e+02,1.506896058783362378e+02,1.507661156591481699e+02,1.508623214283027778e+02,1.509737791553827151e+02,1.510768426846538546e+02,1.511669499262517320e+02,1.512677232179079283e+02,1.513755305690484931e+02,1.514739469693126637e+02,1.515672041905198171e+02,1.516633933965220535e+02,1.517675987492790455e+02,1.518677738597638722e+02,1.519298804304622763e+02,1.519632044203418673e+02,1.520007669222274274e+02,1.520444298205214864e+02,1.520838633728314164e+02,1.521202814007082509e+02,1.521461264463504222e+02,1.521642080970001132e+02,1.521720875180359371e+02,1.521682463862478869e+02,1.521534992582979271e+02,1.521361691875498536e+02,1.521175197604018479e+02,1.521000468507394316e+02,1.520816327504129788e+02,1.520647572913938461e+02,1.520285670805345717e+02,1.519769654953942108e+02,1.519322831514170957e+02,1.518937314857832916e+02,1.518530099238349749e+02,1.518120292839224419e+02,1.517733554504177391e+02,1.517455508671220343e+02,1.517468480668993891e+02,1.517493217502337757e+02,1.517113480266980901e+02,1.516647938710917174e+02,1.516401462155546938e+02,1.516287071958990396e+02,1.516147691099085364e+02,1.516137584781176599e+02,1.516275613354610243e+02,1.516318811096821833e+02,1.516206387390879797e+02,1.516123825211718383e+02,1.516216119839492080e+02,1.516433316665371080e+02,1.516671978940478596e+02,1.517010778671343587e+02,1.517430305636064247e+02,1.517849148584992918e+02,1.518354504582691220e+02,1.518903804981086409e+02,1.519292124473667513e+02,1.519663714037221212e+02,1.520166050528995925e+02,1.520748367044053850e+02,1.521340584831575597e+02,1.521879145687988455e+02,1.522395981586918197e+02,1.522976093965665996e+02,1.523682538414132353e+02,1.524389457645279151e+02,1.524943172156177695e+02,1.525344572667360694e+02,1.525753013044804334e+02,1.526253174739696590e+02,1.526708548483530876e+02,1.527121144217710480e+02,1.527475317239200194e+02,1.527827078071735514e+02,1.528242714496530255e+02,1.528634189658556579e+02,1.528857373824041872e+02,1.528955937467528088e+02,1.529121304612413610e+02,1.529272920614684494e+02,1.529294485680850926e+02
1.508742381158101864e+02,1.508989467643281159e+02,1.509410959643290084e+02,1.509918857861600543e+02,1.510422411002359695e+02,1.510715365965681940e+02,1.510977358432355118e+02,1.511281493412328132e+02,1.511558242255200355e+02,1.511959688203274936e+02,1.512468717993426139e+02,1.512742068099185531e+02,1.512663001585744951e+02,1.512643165902866826e+02,1.512736334887146654e+02,1.512841553685409508e+02,1.513048172634968864e+02,1.513217024124991212e+02,1.513161354133186478e+02,1.513122979575526870e+02,1.513202594307386448e+02,1.513230141707167036e+02,1.513128542535839074e+02,1.512972179944982258e+02,1.512814407078486738e+02,1.512705131340487696e+02,1.512587588520509314e+02,1.512441275817161284e+02,1.512291232599200157e+02,1.512130741701424199e+02,1.511889209866463091e+02,1.511668497820804191e+02,1.511552583427728109e+02,1.511184145238967744e+02,1.510459542925983101e+02,1.509755959252591992e+02,1.509182876118342733e+02,1.508722074386666350e+02,1.508271787768909178e+02,1.507680867717552360e+02,1.507081796848093518e+02,1.506532845757818961e+02,1.505994319225435731e+02,1.505556612817479447e+02,1.505248267070909947e+02,1.505046401305026507e+02,1.504941622666150920e+02,1.504961180314234639e+02,1.505154404562330228e+02,1.505475860661182423e+02,1.505765409973409419e+02,1.506063461737099374e+02,1.506395062430331109e+02,1.506841597729644491e+02,1.507441827586594627e+02,1.508212253219330989e+02,1.509052874442189136e+02,1.509902389056801439e+02,1.510910362645640248e+02,1.511960885819603675e+02,1.512776789930115626e+02,1.513491129654719884e+02,1.514265344505791973e+02,1.515140269500762429e+02,1.516006485930777217e+02,1.516653536970160303e+02,1.517203730480175636e+02,1.517794849879735466e+02,1.518329027510638127e+02,1.518732717230184051e+02,1.519140510794959766e+02,1.519459804047392595e+02,1.519678106263334030e+02,1.519903852893498311e+02,1.520081789119146833e+02,1.520017940423830112e+02,1.519854210147384777e+02,1.519686923675032233e+02,1.519552382737973062e+02,1.519504325643964648e+02,1.519499303086625446e+02,1.519317377190730554e+02,1.519066000903696079e+02,1.518816049880797436e+02,1.518374598885516207e+02,1.517892250663845743e+02,1.517498386510596333e+02,1.517165442033471550e+02,1.516927486160654439e+02,1.516870740231669288e+02,1.516884698373817457e+02,1.516755365059103724e+02,1.516492179351133700e+02,1.516263594585252577e+02,1.516134121326438731e+02,1.515969988444894057e+02,1.515918556251157554e+02,1.516027129649245637e+02,1.516128063777167654e+02,1.516164710548697485e+02,1.516155285771467618e+02,1.516239904525735369e+02,1.516477330303659414e+02,1.516747840785539267e+02,1.517062530340209605e+02,1.517436803070850999e+02,1.517886738413109242e+02,1.518435749576736953e+02,1.518970080061718306e+02,1.519337627331597673e+02,1.519673970623572359e+02,1.520109351014455683e+02,1.520633143180035063e+02,1.521210329521151152e+02,1.521741935018243623e+02,1.522242463676977025e+02,1.522809679638420164e+02,1.523526676180942445e+02,1.524239634163100447e+02,1.524761278490734071e+02,1.525158622468242129e+02,1.525501531643720909e+02,1.525947476039896742e+02,1.526417766431275140e+02,1.526833965022028679e+02,1.527158001301293666e+02,1.527502808895713429e+02,1.527926439114803827e+02,1.528321606222503419e+02,1.528577659183340529e+02,1.528753822698623139e+02,1.528938493479786302e+02,1.528994206987996449e+02,1.528988512853762529e+02
1.508485861302847582e+02,1.508664375759583436e+02,1.509077946972345785e+02,1.509636550715083558e+02,1.510164006124009859e+02,1.510471041227690989e+02,1.510756367011677526e+02,1.511106746383195514e+02,1.511473105579971161e+02,1.511992990021235244e+02,1.512480743877370344e+02,1.512569008542772053e+02,1.512442306090305237e+02,1.512448147645057475e+02,1.512587058075325501e+02,1.512744215723230923e+02,1.512911378510758311e+02,1.513037989533412429e+02,1.513095787133927956e+02,1.513173940911143518e+02,1.513273704583630490e+02,1.513368022807334796e+02,1.513352768503127663e+02,1.513195973746027789e+02,1.513053268289796733e+02,1.513028960375036718e+02,1.513012272743720246e+02,1.512978294239071602e+02,1.513018779681436854e+02,1.512979683994473419e+02,1.512729797883422123e+02,1.512573889546017938e+02,1.512599163695335278e+02,1.512432213938641894e+02,1.511925495279373308e+02,1.511340889447156428e+02,1.510850577546746649e+02,1.510476757383920869e+02,1.510113988770946207e+02,1.509639610266090131e+02,1.509118486516315158e+02,1.508583419191658948e+02,1.508039351992916295e+02,1.507556938125539432e+02,1.507141296764656886e+02,1.506758984778687136e+02,1.506416139772034342e+02,1.506149708350537821e+02,1.506032354850543697e+02,1.506078276838537136e+02,1.506170289494030499e+02,1.506260711855567820e+02,1.506376719124502870e+02,1.506609574688951625e+02,1.506934637982759568e+02,1.507369857230492869e+02,1.507935216572825254e+02,1.508628342173257408e+02,1.509455369943730716e+02,1.510297692173233486e+02,1.510967903772036607e+02,1.511590375298711990e+02,1.512214411579058719e+02,1.512840011278314591e+02,1.513513020834264466e+02,1.514174934571863673e+02,1.514823493404758779e+02,1.515497512368925754e+02,1.516111166030111121e+02,1.516554881174336060e+02,1.516965956235893600e+02,1.517268423850275667e+02,1.517512577340664564e+02,1.517842461695526879e+02,1.518115818098281409e+02,1.518118823191884985e+02,1.518019076563405179e+02,1.517964323953540884e+02,1.517947875834306615e+02,1.517957560327456008e+02,1.517996591536086157e+02,1.517928544863809748e+02,1.517930240545709637e+02,1.517880378466072955e+02,1.517411775060836021e+02,1.516928787539879977e+02,1.516650229449736855e+02,1.516436013581183033e+02,1.516278036104431806e+02,1.516212476149844974e+02,1.516292373968553306e+02,1.516381058603332690e+02,1.516206259222794870e+02,1.515903708847774851e+02,1.515714644829904501e+02,1.515562036547302114e+02,1.515535650762103046e+02,1.515652796874689443e+02,1.515766854614242334e+02,1.515892738569557707e+02,1.516005569146883545e+02,1.516168468286654161e+02,1.516445080336043247e+02,1.516729901828502989e+02,1.517057142302285229e+02,1.517423352082320775e+02,1.517783086904530307e+02,1.518201512661539425e+02,1.518648253295459085e+02,1.519117455318681777e+02,1.519572930518940836e+02,1.519965141084546190e+02,1.520423808695105095e+02,1.520971497187260582e+02,1.521453232906738720e+02,1.521908549707725342e+02,1.522469705740907955e+02,1.523118933580315684e+02,1.523725667935851220e+02,1.524190605213565846e+02,1.524578954164317679e+02,1.524962251612472812e+02,1.525454348462727125e+02,1.525922884026801967e+02,1.526293041546086897e+02,1.526626162268734106e+02,1.527016079047999710e+02,1.527404974547797565e+02,1.527729171971778328e+02,1.528037112134942390e+02,1.528397641129094495e+02,1.528705022178473598e+02,1.528774759594872421e+02,1.528854237861775118e+02
1.508060139258635672e+02,1.508257421112256509e+02,1.508743861510014597e+02,1.509380394652663711e+02,1.509871631985138265e+02,1.510184934861267152e+02,1.510547329708292636e+02,1.510996243231615495e+02,1.511436199802380145e+02,1.511955631737197336e+02,1.512383396204708674e+02,1.512392124111777321e+02,1.512270221798370358e+02,1.512306987621248595e+02,1.512450186076866316e+02,1.512624592533616408e+02,1.512754642419208722e+02,1.512848618204468494e+02,1.512983620957289190e+02,1.513143492928162459e+02,1.513293650474136314e+02,1.513408365354285365e+02,1.513414156689413517e+02,1.513289729357970543e+02,1.513223898678278942e+02,1.513274084051336956e+02,1.513314677159521580e+02,1.513362536816908346e+02,1.513557539323044807e+02,1.513644937273563187e+02,1.513418758547733489e+02,1.513261113695258473e+02,1.513283726723511791e+02,1.513262435296991839e+02,1.513047238185183119e+02,1.512673923536030998e+02,1.512333848392564448e+02,1.512058251874115911e+02,1.511738772868781382e+02,1.511380875152194960e+02,1.511004298347433803e+02,1.510565546407194404e+02,1.510061673327556662e+02,1.509587553131412392e+02,1.509170239995270322e+02,1.508732884838424297e+02,1.508240661155202815e+02,1.507785666206361839e+02,1.507458339135663152e+02,1.507277173994992268e+02,1.507160681295495408e+02,1.507018418366199057e+02,1.506922658497180407e+02,1.506960136745274212e+02,1.507076445101980937e+02,1.507282172677779783e+02,1.507622376134383728e+02,1.508076354319804011e+02,1.508498324908169650e+02,1.508955987841796968e+02,1.509512527215624118e+02,1.510115983112236790e+02,1.510634516378973444e+02,1.511051048675178947e+02,1.511551758431274379e+02,1.512142551999275497e+02,1.512705155247786308e+02,1.513245027609790156e+02,1.513769627862396021e+02,1.514190961753031672e+02,1.514571403453919061e+02,1.514897656656012828e+02,1.515201416589851533e+02,1.515517568862915141e+02,1.515758089509487831e+02,1.515856326812615293e+02,1.515912320938385562e+02,1.515988100818966302e+02,1.516064240406188048e+02,1.516125958009308192e+02,1.516184473740240719e+02,1.516120421149790900e+02,1.516120935863035015e+02,1.516129609599819901e+02,1.515897519952627590e+02,1.515666284807218744e+02,1.515555238770865856e+02,1.515496436167786101e+02,1.515511831411712933e+02,1.515501812407302964e+02,1.515551429913917900e+02,1.515666556154003501e+02,1.515529424160409917e+02,1.515253409826497659e+02,1.515056046517758261e+02,1.514949259566133719e+02,1.515024700316830035e+02,1.515231756768082789e+02,1.515364798684655625e+02,1.515456859310292543e+02,1.515589466147094981e+02,1.515797679472623827e+02,1.516109863241504172e+02,1.516440781136114424e+02,1.516837054516355749e+02,1.517234076560338565e+02,1.517482677034183780e+02,1.517761008031111203e+02,1.518174219266101375e+02,1.518770255401238387e+02,1.519337776900725316e+02,1.519695940366235618e+02,1.520077807695209344e+02,1.520566409025553298e+02,1.521001978200352767e+02,1.521449219241990818e+02,1.521998639964157860e+02,1.522522687739307798e+02,1.523035222756369649e+02,1.523527956832763834e+02,1.523936801091956283e+02,1.524346673535999344e+02,1.524850615945125583e+02,1.525264529234882787e+02,1.525565605657988044e+02,1.525918044042321071e+02,1.526350228612430442e+02,1.526676165115105164e+02,1.526918405997604111e+02,1.527268111152992560e+02,1.527749038724990669e+02,1.528139223190768234e+02,1.528310556865067156e+02,1.528536159650445256e+02
1.507946910442381636e+02,1.508071057921766283e+02,1.508509761120582198e+02,1.509144899397331585e+02,1.509586920562356340e+02,1.509879057395187090e+02,1.510262116952112024e+02,1.510733922795940600e+02,1.511194312081182147e+02,1.511652059664130832e+02,1.512052718295698810e+02,1.512167344094032728e+02,1.512100295085434709e+02,1.512128967354386475e+02,1.512275140492307060e+02,1.512457898807705590e+02,1.512580080035957337e+02,1.512690708537249407e+02,1.512861637486946904e+02,1.513031425811528834e+02,1.513184067137424336e+02,1.513283269979822308e+02,1.513325489665052146e+02,1.513360232544607697e+02,1.513462634861309084e+02,1.513561113889600733e+02,1.513632419349524980e+02,1.513711339741613244e+02,1.513916044171403996e+02,1.514036329722364940e+02,1.513948501005414187e+02,1.513918711349488717e+02,1.513937726342662131e+02,1.513978375546575990e+02,1.513961836634184124e+02,1.513820072540630690e+02,1.513694536450699957e+02,1.513546259531386795e+02,1.513273793633757407e+02,1.512993979851532913e+02,1.512735429137003962e+02,1.512391633206548818e+02,1.511959340997402705e+02,1.511576712977960426e+02,1.511256822956645465e+02,1.510852506783509170e+02,1.510278085971538076e+02,1.509717282247333969e+02,1.509336143710995088e+02,1.509062593034877580e+02,1.508703947572757897e+02,1.508311438042665031e+02,1.508031863254230984e+02,1.507887236166862692e+02,1.507799688269516878e+02,1.507778884316501831e+02,1.507895043519098408e+02,1.508091357392668783e+02,1.508130177103711276e+02,1.508205393867873454e+02,1.508543002775260788e+02,1.509013135208450649e+02,1.509395861795446763e+02,1.509641158251569948e+02,1.509997468555129103e+02,1.510482752240953914e+02,1.510913329741886741e+02,1.511229138798148313e+02,1.511541778031923400e+02,1.511893765762691544e+02,1.512260503451389582e+02,1.512600244012687085e+02,1.512888733926650389e+02,1.513147463224881903e+02,1.513399994496413399e+02,1.513632888335083635e+02,1.513867861370549690e+02,1.514056350166466700e+02,1.514132042195680015e+02,1.514163748133842091e+02,1.514221086182461704e+02,1.514185907180762456e+02,1.514142216892931856e+02,1.514158793886231820e+02,1.514187806285827946e+02,1.514227380938956742e+02,1.514258997197200642e+02,1.514313177076007833e+02,1.514509472417172162e+02,1.514626693435170353e+02,1.514617894807213929e+02,1.514650716538347410e+02,1.514542524428044032e+02,1.514359408319357954e+02,1.514213788875919704e+02,1.514141955438240643e+02,1.514265678694937094e+02,1.514520179532934208e+02,1.514687052462618055e+02,1.514748772221364561e+02,1.514855787616853036e+02,1.515060004606941106e+02,1.515429037105485861e+02,1.515865961700691287e+02,1.516250295947219797e+02,1.516602541256921484e+02,1.516891837568023789e+02,1.517210502147800639e+02,1.517594407887889929e+02,1.518110414717486378e+02,1.518595302769255113e+02,1.518954004854921322e+02,1.519381059098046762e+02,1.519904245478546727e+02,1.520347392258612160e+02,1.520790942791796283e+02,1.521307175530904487e+02,1.521745931182512663e+02,1.522218128307893039e+02,1.522802401998552000e+02,1.523279257084832352e+02,1.523617869479949718e+02,1.524058877107102603e+02,1.524457819729406083e+02,1.524689806938814627e+02,1.525027363418607820e+02,1.525501628149338558e+02,1.525788450349106142e+02,1.525933758069858754e+02,1.526230608238968216e+02,1.526663286803419055e+02,1.527026507149851966e+02,1.527242134901237023e+02,1.527462964276911634e+02
1.508144425923030099e+02,1.508063799127436369e+02,1.508272877082074785e+02,1.508809612061430698e+02,1.509288300416451989e+02,1.509608737425217839e+02,1.509948355841270029e+02,1.510345369139109835e+02,1.510773971282719117e+02,1.511229034898108807e+02,1.511645454239877040e+02,1.511827656102398691e+02,1.511820457768173469e+02,1.511876136678487796e+02,1.512040104367989102e+02,1.512250743120351331e+02,1.512477731146476572e+02,1.512740409495177119e+02,1.512937926233936423e+02,1.512994373011040921e+02,1.513056348898590500e+02,1.513167443381637156e+02,1.513302640019217620e+02,1.513506350929104087e+02,1.513759742271157336e+02,1.513987174033641168e+02,1.514179356399611720e+02,1.514138923367806910e+02,1.514143708125978378e+02,1.514271168166239931e+02,1.514474581071589796e+02,1.514730704192529060e+02,1.514744526300011955e+02,1.514738737766762711e+02,1.514808995980604607e+02,1.514866946953463867e+02,1.514875242316990125e+02,1.514765080474481636e+02,1.514603832287647549e+02,1.514457354134129901e+02,1.514274717415225950e+02,1.513993403217813238e+02,1.513657699567528994e+02,1.513380161632737781e+02,1.513129948852812561e+02,1.512791201675522075e+02,1.512277780744120719e+02,1.511733617922148483e+02,1.511369901496501029e+02,1.511059352807065466e+02,1.510495779582785474e+02,1.509905571779190154e+02,1.509491742112431325e+02,1.509201530399317335e+02,1.508934091579056940e+02,1.508676837741078316e+02,1.508491318237431642e+02,1.508387255993961560e+02,1.508232390221312471e+02,1.508140461052681189e+02,1.508240600646221310e+02,1.508437384609796652e+02,1.508587142560060954e+02,1.508658563844423952e+02,1.508832293875230448e+02,1.509129564760979747e+02,1.509421724378387353e+02,1.509598108311057274e+02,1.509760565422568277e+02,1.510045112747398548e+02,1.510390397711672961e+02,1.510659749402129250e+02,1.510852312485787081e+02,1.511043123426561010e+02,1.511302908854199814e+02,1.511612273686079391e+02,1.511952024030717894e+02,1.512197184226118054e+02,1.512212936353637929e+02,1.512211469570040947e+02,1.512313228461589745e+02,1.512349080605792437e+02,1.512344562351003674e+02,1.512382525428582767e+02,1.512503488671964078e+02,1.512684539740873504e+02,1.512837530477119685e+02,1.512901301157043576e+02,1.513052076297330757e+02,1.513215055260489521e+02,1.513213346983775409e+02,1.513188666342773558e+02,1.513155547395537894e+02,1.513166468270455880e+02,1.513191399269512658e+02,1.513172400741433989e+02,1.513278283562751199e+02,1.513492306983346793e+02,1.513668431511403583e+02,1.513786992883070752e+02,1.513945967435642217e+02,1.514156121408072124e+02,1.514578857582342835e+02,1.515088302639776145e+02,1.515370405015230801e+02,1.515626153471532689e+02,1.516026968313919383e+02,1.516461541057891509e+02,1.516765167521211879e+02,1.517091563040572453e+02,1.517461337116027664e+02,1.517833514695118424e+02,1.518298441715311924e+02,1.518880386777895808e+02,1.519378360521813249e+02,1.519778895157283500e+02,1.520236213277905222e+02,1.520706492935976826e+02,1.521207131496361740e+02,1.521803108814554548e+02,1.522251206728450370e+02,1.522519011046307753e+02,1.522984179511522314e+02,1.523459735042935108e+02,1.523602026609413258e+02,1.523808190146165202e+02,1.524272487288698414e+02,1.524614422102677906e+02,1.524742137797583439e+02,1.524953354605460731e+02,1.525291253384465335e+02,1.525610925497109349e+02,1.525860219764606711e+02,1.526060725981973292e+02
1.508183543357459087e+02,1.508006225823843920e+02,1.508060469217530795e+02,1.508484856610556335e+02,1.508980221989095298e+02,1.509379084634620654e+02,1.509717074075843755e+02,1.510084225364492454e+02,1.510495058641545540e+02,1.510884819424414331e+02,1.511237116655316299e+02,1.511446213988396607e+02,1.511536922949825339e+02,1.511671257544776950e+02,1.511898716274875483e+02,1.512203668154688216e+02,1.512574950312574913e+02,1.512988077673054477e+02,1.513195995619373093e+02,1.513130488259506592e+02,1.513104073066285764e+02,1.513210718993864816e+02,1.513376039698212310e+02,1.513604493161469691e+02,1.513876117664296430e+02,1.514273936367171132e+02,1.514645243232212124e+02,1.514509411760787430e+02,1.514378752989301802e+02,1.514576394345445181e+02,1.515016123044659935e+02,1.515456716751027102e+02,1.515473331894877163e+02,1.515409710477001113e+02,1.515514654968255286e+02,1.515724740999062874e+02,1.515798607466168733e+02,1.515697190369810414e+02,1.515673699688993281e+02,1.515675857426498965e+02,1.515548055785385202e+02,1.515319808367221412e+02,1.515082305622510432e+02,1.514882923329996629e+02,1.514667983962884534e+02,1.514440300027350190e+02,1.514110769489008135e+02,1.513632137853781501e+02,1.513227943182163244e+02,1.512837147107513829e+02,1.512223391701216428e+02,1.511625346657885132e+02,1.511165186395360820e+02,1.510758876701524684e+02,1.510343117585943560e+02,1.509901152668350051e+02,1.509487241037972467e+02,1.509156058259538327e+02,1.508872916155281985e+02,1.508695277427418659e+02,1.508589717781732986e+02,1.508516609257022765e+02,1.508436349530153393e+02,1.508290216327157509e+02,1.508224610017198017e+02,1.508288336842664989e+02,1.508393876300694387e+02,1.508440873870414691e+02,1.508485810326971830e+02,1.508697285325779944e+02,1.509008690750719097e+02,1.509152834595837476e+02,1.509216527749032366e+02,1.509309139978599603e+02,1.509487243760894160e+02,1.509755951293493297e+02,1.510080028598756599e+02,1.510289884047138571e+02,1.510287084188619815e+02,1.510380145640442890e+02,1.510599273647268888e+02,1.510671637760709132e+02,1.510698807877569152e+02,1.510788847655913969e+02,1.510928187301040850e+02,1.511116275939255331e+02,1.511349117808819642e+02,1.511436949743842888e+02,1.511423787961506378e+02,1.511468357106906524e+02,1.511504803955991747e+02,1.511572832281395904e+02,1.511706880985701105e+02,1.511873990639868452e+02,1.511989485526830208e+02,1.512021680130416144e+02,1.512132863029685836e+02,1.512318131283385867e+02,1.512518441316584017e+02,1.512731167056848562e+02,1.512960108758088893e+02,1.513164463191369009e+02,1.513540478053877791e+02,1.513988482545815089e+02,1.514224954629753483e+02,1.514461594303342622e+02,1.514925707296944779e+02,1.515431425132379957e+02,1.515684728032284454e+02,1.515906459276524743e+02,1.516241506387935942e+02,1.516584405234406745e+02,1.516998840799951722e+02,1.517579576136043045e+02,1.518122406730643661e+02,1.518516814225345115e+02,1.518916945974460759e+02,1.519388971461330584e+02,1.519866966131899346e+02,1.520331771482466081e+02,1.520687382540866111e+02,1.520980978897081854e+02,1.521481316706049540e+02,1.521998927683279419e+02,1.522131535315535302e+02,1.522228763983907243e+02,1.522631471557680243e+02,1.523078348425350441e+02,1.523316793348855924e+02,1.523502441734243860e+02,1.523755076399430095e+02,1.524037583538546983e+02,1.524372256834774930e+02,1.524683738916586435e+02
1.507866347723938816e+02,1.507759728144655469e+02,1.507827623741034699e+02,1.508188961474082816e+02,1.508647421788251677e+02,1.509087086017422052e+02,1.509458627054451654e+02,1.509865586462053670e+02,1.510277372409381655e+02,1.510563973562398132e+02,1.510863495851868947e+02,1.511160095506363348e+02,1.511363610306723899e+02,1.511541528096164768e+02,1.511814631414192149e+02,1.512237374807571655e+02,1.512705486613876928e+02,1.513114675335778543e+02,1.513315168052492368e+02,1.513276506516013740e+02,1.513211099425178929e+02,1.513277659000221718e+02,1.513444331364649997e+02,1.513670448885300743e+02,1.513905677990643994e+02,1.514230321292601502e+02,1.514547527507650670e+02,1.514578299342032324e+02,1.514645423052896831e+02,1.514924892893935180e+02,1.515316252243973736e+02,1.515639608720862270e+02,1.515742290354598651e+02,1.515803721205607530e+02,1.515982986091075304e+02,1.516235699958496070e+02,1.516369169541632687e+02,1.516459240682928566e+02,1.516601886560729326e+02,1.516617855465150342e+02,1.516539438444965526e+02,1.516420438942770943e+02,1.516299494756729871e+02,1.516184267741723772e+02,1.515998163886786188e+02,1.515861874568434473e+02,1.515703886319400340e+02,1.515294715549409830e+02,1.514852238778042874e+02,1.514442908324758150e+02,1.513934472121851513e+02,1.513452721502188183e+02,1.513001300023579461e+02,1.512524456597541871e+02,1.512003621100703867e+02,1.511467035360163891e+02,1.510991874923641660e+02,1.510533932843271714e+02,1.510026277382317517e+02,1.509631694014051106e+02,1.509327508296066753e+02,1.509064688901745797e+02,1.508814219181417116e+02,1.508495777745531541e+02,1.508267422276405796e+02,1.508139423233357377e+02,1.508005105866211011e+02,1.507870548851180388e+02,1.507757388556563285e+02,1.507804324204167301e+02,1.508002356765706793e+02,1.508051645354547077e+02,1.507992912999225155e+02,1.507961136718422495e+02,1.508065462635947256e+02,1.508307050286023809e+02,1.508561650728770474e+02,1.508632930088043338e+02,1.508592379107928423e+02,1.508741929881991837e+02,1.508984087759985755e+02,1.509039832442160787e+02,1.509069535044554868e+02,1.509213872009754311e+02,1.509411415449100105e+02,1.509621052946137070e+02,1.509936930782702689e+02,1.510136572481436019e+02,1.510054071494113828e+02,1.509934966787711801e+02,1.509931885266993845e+02,1.510088037613040228e+02,1.510359101476086039e+02,1.510576200519814734e+02,1.510649605860096187e+02,1.510701883731583735e+02,1.510855728009627228e+02,1.511038517398826855e+02,1.511239183769548902e+02,1.511507149979636893e+02,1.511789049377134972e+02,1.512067184365294565e+02,1.512442440108997346e+02,1.512748546506657021e+02,1.512944434208827147e+02,1.513187870571755411e+02,1.513625911124898948e+02,1.514139352093861817e+02,1.514444219520570698e+02,1.514680253485250887e+02,1.514990167143933775e+02,1.515257671819555867e+02,1.515585907050871413e+02,1.516086326883203697e+02,1.516599359419430186e+02,1.517002219035342137e+02,1.517345871695450228e+02,1.517778678928275156e+02,1.518254956973573542e+02,1.518629758776312428e+02,1.518973617760851198e+02,1.519346290087320313e+02,1.519803746715271018e+02,1.520233550099810031e+02,1.520377930815074876e+02,1.520484883692917037e+02,1.520862691576593306e+02,1.521388925174327653e+02,1.521770081572442166e+02,1.521952223641069395e+02,1.522101326537032548e+02,1.522332210324601931e+02,1.522705650471275760e+02,1.523102896867108313e+02
1.507135866609430082e+02,1.507210122451729433e+02,1.507427996042902123e+02,1.507797787929769981e+02,1.508231312590745574e+02,1.508657957229681301e+02,1.509044260955082564e+02,1.509458737892410056e+02,1.509838081143961972e+02,1.510116428978573708e+02,1.510487077215096292e+02,1.510894936790402028e+02,1.511157248090016765e+02,1.511334089611021625e+02,1.511607124522079744e+02,1.512093965143824335e+02,1.512641320778901672e+02,1.512999242746410005e+02,1.513162308892746637e+02,1.513245163999265515e+02,1.513246263336367292e+02,1.513292047487660739e+02,1.513431867918890816e+02,1.513670708596108341e+02,1.513993335447711388e+02,1.514295186410510610e+02,1.514504884126765205e+02,1.514704264936212894e+02,1.514976099485015197e+02,1.515261207676154527e+02,1.515555157118992042e+02,1.515797527534959386e+02,1.515980825503559117e+02,1.516171955038877854e+02,1.516415096986876279e+02,1.516631808744672298e+02,1.516816525369299598e+02,1.517127725077221214e+02,1.517390153935134549e+02,1.517372294695091739e+02,1.517342795196248062e+02,1.517360348973936084e+02,1.517391292374104239e+02,1.517367650148634084e+02,1.517186962530252288e+02,1.517046606845743497e+02,1.516948342598315662e+02,1.516627283014377383e+02,1.516229496756949686e+02,1.515904198450367630e+02,1.515576293616811085e+02,1.515223354990331472e+02,1.514811415582681775e+02,1.514354175375980844e+02,1.513772011573337863e+02,1.513189994962421849e+02,1.512717215829280804e+02,1.512164123762640884e+02,1.511447236893959030e+02,1.510843487885886134e+02,1.510378544027562384e+02,1.509949331075948749e+02,1.509555826749315202e+02,1.509207204269841895e+02,1.508945642152644098e+02,1.508633637896609514e+02,1.508245863149396087e+02,1.507916578489771950e+02,1.507624982248863432e+02,1.507449467795681528e+02,1.507464188597059547e+02,1.507462596650135822e+02,1.507305895028661098e+02,1.507151380160148619e+02,1.507183399275260740e+02,1.507384928002543063e+02,1.507556625634700822e+02,1.507447579087640293e+02,1.507300737787382445e+02,1.507411692148626514e+02,1.507587285302934959e+02,1.507594899140165126e+02,1.507581128147928098e+02,1.507697768864758814e+02,1.507921834398486851e+02,1.508172447546369881e+02,1.508505323606900959e+02,1.508793286916877037e+02,1.508783820406696918e+02,1.508624878796289863e+02,1.508562476879113774e+02,1.508707099152054525e+02,1.508982860513847868e+02,1.509226792501304999e+02,1.509329723589223704e+02,1.509397132435634603e+02,1.509556576180008847e+02,1.509727513399346890e+02,1.509899506210828690e+02,1.510180637178708309e+02,1.510559021274193583e+02,1.511037994843158572e+02,1.511471319967787394e+02,1.511546368942101708e+02,1.511580992490104336e+02,1.511778631296953961e+02,1.512134290153057634e+02,1.512585330339979635e+02,1.512947436533712846e+02,1.513267607780374249e+02,1.513583136770519104e+02,1.513825091088031627e+02,1.514140597469880731e+02,1.514568133472903924e+02,1.515024444165188697e+02,1.515407520674393140e+02,1.515646008804192775e+02,1.516029824666422314e+02,1.516541777552764643e+02,1.516885776680615265e+02,1.517300303322736852e+02,1.517811043963544080e+02,1.518169110652260088e+02,1.518412408587989830e+02,1.518566546391126906e+02,1.518722410811555505e+02,1.519052847069922905e+02,1.519559220648007454e+02,1.520044471597432789e+02,1.520275360189343701e+02,1.520434624513550261e+02,1.520700677582954654e+02,1.520991307444461995e+02,1.521263247042963940e+02
1.506435608363208871e+02,1.506659673238199275e+02,1.507026543975906634e+02,1.507452822531020331e+02,1.507915586727837933e+02,1.508326775775035458e+02,1.508665857532340624e+02,1.509043812327619207e+02,1.509416392420336592e+02,1.509738546787562541e+02,1.510176756658606791e+02,1.510651361120284264e+02,1.510924946936098650e+02,1.511104909939075753e+02,1.511376451652087667e+02,1.511816168666417752e+02,1.512299920307139018e+02,1.512605097270680972e+02,1.512797879982909990e+02,1.513052330759753659e+02,1.513275786161971723e+02,1.513412410785527697e+02,1.513529211281276048e+02,1.513754973302941949e+02,1.514164133289019105e+02,1.514580009846829114e+02,1.514810342792328015e+02,1.515017157488057933e+02,1.515274721595314134e+02,1.515528952203366657e+02,1.515835319314941216e+02,1.516141316545025290e+02,1.516358899977535657e+02,1.516559632572854355e+02,1.516794078158714001e+02,1.516999894564204681e+02,1.517255971891139836e+02,1.517612558924014365e+02,1.517819578660584341e+02,1.517851085691122250e+02,1.517937168366494802e+02,1.518077311886359553e+02,1.518239967137983797e+02,1.518283273622407137e+02,1.518134948587436384e+02,1.518010226703073045e+02,1.517941109303039298e+02,1.517713833821275671e+02,1.517388594507831954e+02,1.517143857337829900e+02,1.516939146913876755e+02,1.516656854488405770e+02,1.516306423693866918e+02,1.515945471127114388e+02,1.515401047359887627e+02,1.514788963810735822e+02,1.514240418600732028e+02,1.513624582821390732e+02,1.512901037250013587e+02,1.512249908145364543e+02,1.511683538912257347e+02,1.511148094317598520e+02,1.510684433183595274e+02,1.510314696063512656e+02,1.509943533234496726e+02,1.509432542139064992e+02,1.508905729719069484e+02,1.508460615006783883e+02,1.508032566157018550e+02,1.507684682017546152e+02,1.507522968671155468e+02,1.507442592404382538e+02,1.507200227322931596e+02,1.506941782739652922e+02,1.506857923750133921e+02,1.506888808280698413e+02,1.506885051698083089e+02,1.506642649616694598e+02,1.506445555314340652e+02,1.506503734375598071e+02,1.506599040690372817e+02,1.506567251233794877e+02,1.506520650163536459e+02,1.506606289076190137e+02,1.506801140177317961e+02,1.507026911898058472e+02,1.507267397384072751e+02,1.507450341722618248e+02,1.507475185824961272e+02,1.507404802650657416e+02,1.507380182455964928e+02,1.507522572886546754e+02,1.507742776213986815e+02,1.507936247119894801e+02,1.508096062876559813e+02,1.508224098986485444e+02,1.508370150516030890e+02,1.508522876015642851e+02,1.508689959584881706e+02,1.508965197552884945e+02,1.509447352159785680e+02,1.510077791648068057e+02,1.510469745814166913e+02,1.510363850056720594e+02,1.510281272116514799e+02,1.510425869582959990e+02,1.510703920581008219e+02,1.511058833132880181e+02,1.511367360573623273e+02,1.511705109532940696e+02,1.512021004728595130e+02,1.512300720726973964e+02,1.512686096494483081e+02,1.513064449832846208e+02,1.513455071166337120e+02,1.513815561093663291e+02,1.513975535237876215e+02,1.514277792824962887e+02,1.514765745455328840e+02,1.515160426290547662e+02,1.515627733604925993e+02,1.516159265613696334e+02,1.516417083916444426e+02,1.516577706051731695e+02,1.516805619229974127e+02,1.516980044760032911e+02,1.517192554973858023e+02,1.517560929380913421e+02,1.517983155223374467e+02,1.518241868692104504e+02,1.518531421461979107e+02,1.518913135023101404e+02,1.519106659191018878e+02,1.519175447529133862e+02
1.506077053857463000e+02,1.506355434556086550e+02,1.506726140497190158e+02,1.507200383237312167e+02,1.507779302819310772e+02,1.508216521744262764e+02,1.508474579946771428e+02,1.508793325224295359e+02,1.509151189207877053e+02,1.509494322409509550e+02,1.509950824043011721e+02,1.510419095291399287e+02,1.510656770908395572e+02,1.510849376639777688e+02,1.511151968934350407e+02,1.511541054870802725e+02,1.511955825090561234e+02,1.512323291388229904e+02,1.512653233263282289e+02,1.513001608734982710e+02,1.513383632583695544e+02,1.513665710413457646e+02,1.513855804870837858e+02,1.514131222851250698e+02,1.514472513706206200e+02,1.514804395115730244e+02,1.515091327226777480e+02,1.515364269135158111e+02,1.515565951478820352e+02,1.515790959975109899e+02,1.516074390393173985e+02,1.516365729145996397e+02,1.516598488693036586e+02,1.516808188435196030e+02,1.517042845889548062e+02,1.517275024516500253e+02,1.517593222669515569e+02,1.517963363134852273e+02,1.518120247431756979e+02,1.518201947517996473e+02,1.518374150545139400e+02,1.518564725991911644e+02,1.518765125050341567e+02,1.518870848483975919e+02,1.518833290686864359e+02,1.518795445943969753e+02,1.518753666206933417e+02,1.518599039257138656e+02,1.518372169049565059e+02,1.518224534273095969e+02,1.518070745943033160e+02,1.517731564880801898e+02,1.517354731852465761e+02,1.517079935216474951e+02,1.516701357701682582e+02,1.516151178456101150e+02,1.515547626942016564e+02,1.514950537321719821e+02,1.514368793584085893e+02,1.513782588479612627e+02,1.513152657729193322e+02,1.512555305624186417e+02,1.512055027173301482e+02,1.511580339163839142e+02,1.511039185147394619e+02,1.510443924453020941e+02,1.509916491632018563e+02,1.509440562983284053e+02,1.508937716163561049e+02,1.508476881346393270e+02,1.508162440474288246e+02,1.507975121614208263e+02,1.507673044525873252e+02,1.507259970447999819e+02,1.506974006839527078e+02,1.506801797585633267e+02,1.506634674784964432e+02,1.506368861468549198e+02,1.506183786397272115e+02,1.506147808590152408e+02,1.506121410304905908e+02,1.506070689354609158e+02,1.506101614387533800e+02,1.506239885999771673e+02,1.506319018511266563e+02,1.506404323913180292e+02,1.506557114156235855e+02,1.506660187126823303e+02,1.506709963569595061e+02,1.506696795495794561e+02,1.506657978517485503e+02,1.506736674460589995e+02,1.506855332028334260e+02,1.506933882755488412e+02,1.507081117067391176e+02,1.507268071319024330e+02,1.507419370836009875e+02,1.507565341202756599e+02,1.507771271325728151e+02,1.508059930581466119e+02,1.508491585459508997e+02,1.508987948009747697e+02,1.509267096048469057e+02,1.509237097824861564e+02,1.509216648582495850e+02,1.509315962708055565e+02,1.509497223524152218e+02,1.509756622112873288e+02,1.509999990197911757e+02,1.510292063605349426e+02,1.510576115402536459e+02,1.510866445533180524e+02,1.511247835469579286e+02,1.511532674371360372e+02,1.511822312702256568e+02,1.512171065191351147e+02,1.512427915623963486e+02,1.512716819821527281e+02,1.513115373252422842e+02,1.513556631966683312e+02,1.513916130860283147e+02,1.514164086743892881e+02,1.514344596525353381e+02,1.514578442265104741e+02,1.514876547458979701e+02,1.515087216465115603e+02,1.515255152107325216e+02,1.515554215920440981e+02,1.515886921824397291e+02,1.516094943166442590e+02,1.516360692210302261e+02,1.516729674599974942e+02,1.516961188071807101e+02,1.517040467902133400e+02
1.505770017508739897e+02,1.506100432657179340e+02,1.506462531189441734e+02,1.506986526786664626e+02,1.507652695770163973e+02,1.508100815377844981e+02,1.508381967790373608e+02,1.508764925460373547e+02,1.509047170618637210e+02,1.509312790442144774e+02,1.509783532802915715e+02,1.510254645279431429e+02,1.510436378793083350e+02,1.510611794400769554e+02,1.510950987159511669e+02,1.511361023175102787e+02,1.511819940842620440e+02,1.512310537544190652e+02,1.512745408293033051e+02,1.513067855097299912e+02,1.513422537250555138e+02,1.513773508785399713e+02,1.514084969886823728e+02,1.514481881715779821e+02,1.514765472372787087e+02,1.514930512308733910e+02,1.515240178491000052e+02,1.515650245250639614e+02,1.515896507813648100e+02,1.516122486013914568e+02,1.516362968077466462e+02,1.516614029494353986e+02,1.516852758219036730e+02,1.517109190998109511e+02,1.517390826149011218e+02,1.517602564423240494e+02,1.517863669124218973e+02,1.518293425298021191e+02,1.518602362015812446e+02,1.518655053743008239e+02,1.518733250121483422e+02,1.518912197990161133e+02,1.519124305996026578e+02,1.519280627568923592e+02,1.519353044114656655e+02,1.519429306743048471e+02,1.519435394947985856e+02,1.519309682018430010e+02,1.519165201769311579e+02,1.519114948567016654e+02,1.518999430231155543e+02,1.518622977296199110e+02,1.518240468563872696e+02,1.518005973954378192e+02,1.517732360741932780e+02,1.517269068602377047e+02,1.516701766205515014e+02,1.516174840161083637e+02,1.515727184139852284e+02,1.515253748391303361e+02,1.514640782113749822e+02,1.514017774374583496e+02,1.513486809322918702e+02,1.512935913879504142e+02,1.512346467918987116e+02,1.511782731541017597e+02,1.511254665202641547e+02,1.510737207266849964e+02,1.510211246202886741e+02,1.509743545561616145e+02,1.509341422486813826e+02,1.508995483244617049e+02,1.508621819410192870e+02,1.508118370391339340e+02,1.507677933534630483e+02,1.507376679780889788e+02,1.507125902098642030e+02,1.506844197657137556e+02,1.506606286553694360e+02,1.506443405147021508e+02,1.506309076026697085e+02,1.506253483398309072e+02,1.506357687769518634e+02,1.506498029030689736e+02,1.506433464022491648e+02,1.506386140405246010e+02,1.506499374180586130e+02,1.506600650081905997e+02,1.506658266447540200e+02,1.506624099600325621e+02,1.506542933483955835e+02,1.506532003393450907e+02,1.506508414035471901e+02,1.506501274038789688e+02,1.506608311297343619e+02,1.506777374518572401e+02,1.506924087975294242e+02,1.507078784619884004e+02,1.507333511756364430e+02,1.507622425211264385e+02,1.507813255490112283e+02,1.508009655758692418e+02,1.508266712541130516e+02,1.508458266551952534e+02,1.508503476237365248e+02,1.508502690311136405e+02,1.508578035645538762e+02,1.508788424557948247e+02,1.509043932716240306e+02,1.509283713415416344e+02,1.509491513321363527e+02,1.509704739412342178e+02,1.509978804264162591e+02,1.510185335213153053e+02,1.510405130925439039e+02,1.510734351861007099e+02,1.511109041248494691e+02,1.511390294316160805e+02,1.511610387899060299e+02,1.511940270156773636e+02,1.512192653394114075e+02,1.512254706584987503e+02,1.512380478912147623e+02,1.512612456367945697e+02,1.512870590478918302e+02,1.513138471871272372e+02,1.513411245384031645e+02,1.513724975910761543e+02,1.513997621352268084e+02,1.514200053380523912e+02,1.514442025319229401e+02,1.514774619972864684e+02,1.515092932225762752e+02,1.515270737719239378e+02
1.505296214709112519e+02,1.505697140597091845e+02,1.506176851874433282e+02,1.506730567058895645e+02,1.507281738240043296e+02,1.507701375550347507e+02,1.508139305788522506e+02,1.508695728180978790e+02,1.508958061206822094e+02,1.509181470477495566e+02,1.509651540450842049e+02,1.510087649990807108e+02,1.510207449681154515e+02,1.510372038573267446e+02,1.510756929540359295e+02,1.511202909528545604e+02,1.511718851227925029e+02,1.512257103604527515e+02,1.512693659026957675e+02,1.513056457664710024e+02,1.513379030954409927e+02,1.513660038900614495e+02,1.513997235465454878e+02,1.514420473413005084e+02,1.514739333051324479e+02,1.514952394700545142e+02,1.515261096529590361e+02,1.515674777230130417e+02,1.516027132545846712e+02,1.516334902138382290e+02,1.516625688224124815e+02,1.516915384310507875e+02,1.517180720952491697e+02,1.517515060443867867e+02,1.517872367250514003e+02,1.518049841460955349e+02,1.518241828631489625e+02,1.518690738817881254e+02,1.519114885635449355e+02,1.519104982796498291e+02,1.519055188285841780e+02,1.519226530577720666e+02,1.519482478158867593e+02,1.519666106064077553e+02,1.519724273580646923e+02,1.519808483387828915e+02,1.519879354800801252e+02,1.519790196706221650e+02,1.519660185170801014e+02,1.519612677917074848e+02,1.519528418623098105e+02,1.519288646175687632e+02,1.519076881626375553e+02,1.518880901064562750e+02,1.518574435351300167e+02,1.518138299820543864e+02,1.517663834387830093e+02,1.517246250508577816e+02,1.516901163927130938e+02,1.516565456779927104e+02,1.516087411373143254e+02,1.515477620748121979e+02,1.514874888020398771e+02,1.514295960584471743e+02,1.513744979399993156e+02,1.513235307150249582e+02,1.512684219043405847e+02,1.512128973207654781e+02,1.511703691313632589e+02,1.511372431817435995e+02,1.510905422230496811e+02,1.510341702853013999e+02,1.509852726803804899e+02,1.509391908943237581e+02,1.508989837462719663e+02,1.508680571851645027e+02,1.508367171551816739e+02,1.507972246496078697e+02,1.507594374843296521e+02,1.507320069150234190e+02,1.507139569632223015e+02,1.507090490371277269e+02,1.507125762390775492e+02,1.507078061242760327e+02,1.506928548197791997e+02,1.506917109127185483e+02,1.507075624352051761e+02,1.507121809790103839e+02,1.507034680606625443e+02,1.506951200635941746e+02,1.506946410376497454e+02,1.506931790323245082e+02,1.506809181721063737e+02,1.506751591795069203e+02,1.506814740255383072e+02,1.506907786855617246e+02,1.506997136326888267e+02,1.507130726958090463e+02,1.507380634824227741e+02,1.507632031181612433e+02,1.507651362128797246e+02,1.507670573136059886e+02,1.507932982600244713e+02,1.508248230305987931e+02,1.508279024922284464e+02,1.508136370503645480e+02,1.508108650772321369e+02,1.508290819456333338e+02,1.508577374789623491e+02,1.508775705051582179e+02,1.508902916313511469e+02,1.509008711992215979e+02,1.509138163113766495e+02,1.509270029570589600e+02,1.509454909470540827e+02,1.509736419100438241e+02,1.510093491959826224e+02,1.510339505402795908e+02,1.510405850478541083e+02,1.510527993296088312e+02,1.510686327450030717e+02,1.510789279683545772e+02,1.510949176938478900e+02,1.511148231000240116e+02,1.511370166783048603e+02,1.511649463027279126e+02,1.511947713377408036e+02,1.512230674770037808e+02,1.512492818023046084e+02,1.512766590396126105e+02,1.513083027063423174e+02,1.513409806298142257e+02,1.513734570836830358e+02,1.513950225952323763e+02
1.504870725529625304e+02,1.505312880459563871e+02,1.505962581484290865e+02,1.506554379598460969e+02,1.506816181037285958e+02,1.507064882660346257e+02,1.507523482910936252e+02,1.508079964486418589e+02,1.508495162755035324e+02,1.508936676013571514e+02,1.509405433807676786e+02,1.509694216568449008e+02,1.509827220927062967e+02,1.510095959513080857e+02,1.510546824518181097e+02,1.510992604715695791e+02,1.511503915038193782e+02,1.512070844033835328e+02,1.512549407098530878e+02,1.513034393237859945e+02,1.513390652777296737e+02,1.513663838394612071e+02,1.514035961335005140e+02,1.514371505207259361e+02,1.514678210544417425e+02,1.515010627222276867e+02,1.515351709331124539e+02,1.515719992902111812e+02,1.516103902382486979e+02,1.516492826947297488e+02,1.516901744865748469e+02,1.517263271926648827e+02,1.517539469518094393e+02,1.517845850838709794e+02,1.518180230811477998e+02,1.518391411016559687e+02,1.518630642082370059e+02,1.518973182036613707e+02,1.519256388966172153e+02,1.519270259965278456e+02,1.519313638673031903e+02,1.519576686117125064e+02,1.519890945241851057e+02,1.520033614390843013e+02,1.519980942290958694e+02,1.519959351461307620e+02,1.520014865134110664e+02,1.520005122254257799e+02,1.519918574724178484e+02,1.519852232698434591e+02,1.519798482444257104e+02,1.519715427390760567e+02,1.519671651548353566e+02,1.519528646549131849e+02,1.519224161494395844e+02,1.518837997114509903e+02,1.518472182232829937e+02,1.518180936498775111e+02,1.517949233051704709e+02,1.517752218930669130e+02,1.517469695136741450e+02,1.516923047029368377e+02,1.516196126543297282e+02,1.515571407907639241e+02,1.515050187199547622e+02,1.514570003493818149e+02,1.514041494284813041e+02,1.513527464262517128e+02,1.513270309850196327e+02,1.513071153603490302e+02,1.512526829417751628e+02,1.511860511836920296e+02,1.511332551353094686e+02,1.510896518284375247e+02,1.510536209945553310e+02,1.510239081096543146e+02,1.509903831280889221e+02,1.509448875034266848e+02,1.508992978752418708e+02,1.508671825485292004e+02,1.508464813803182096e+02,1.508401769990649939e+02,1.508368807021554119e+02,1.508166772560764457e+02,1.507947877090938391e+02,1.507981694402500352e+02,1.508167845966811456e+02,1.508133005614031390e+02,1.507921274541703838e+02,1.507792323066805125e+02,1.507795242546220607e+02,1.507732917422819128e+02,1.507603918501735620e+02,1.507583137092431400e+02,1.507640632641976595e+02,1.507679476075629736e+02,1.507696291635601256e+02,1.507749763173396218e+02,1.507902266467918082e+02,1.508096716816129117e+02,1.508126547337482464e+02,1.508085702139548516e+02,1.508229793481391994e+02,1.508482920403279479e+02,1.508526041547336831e+02,1.508331630223826778e+02,1.508222910517178263e+02,1.508348140874228136e+02,1.508603312034391024e+02,1.508766151811703935e+02,1.508849615324277806e+02,1.508859207300762364e+02,1.508854067700712562e+02,1.508902333367875030e+02,1.509042015257549281e+02,1.509283145294339761e+02,1.509575761263957077e+02,1.509781444076392916e+02,1.509768682578144308e+02,1.509742239362403780e+02,1.509813427320693791e+02,1.509965733534006631e+02,1.510179919982823549e+02,1.510394434479283063e+02,1.510647063048933774e+02,1.510849423813863837e+02,1.511021292819794439e+02,1.511248896356923694e+02,1.511544828377805061e+02,1.511856164630066246e+02,1.512180770045980012e+02,1.512486908107074157e+02,1.512803718637807719e+02,1.513034493815209203e+02
1.504590373186906334e+02,1.504932481984372430e+02,1.505630824691829730e+02,1.506277935948023128e+02,1.506376646617731296e+02,1.506514074170875119e+02,1.506938941709975097e+02,1.507393830243966875e+02,1.507885366213826899e+02,1.508512902096825314e+02,1.509082200521572759e+02,1.509403110369447063e+02,1.509617601569927388e+02,1.509927418835742969e+02,1.510370247664348256e+02,1.510807487936867517e+02,1.511307948793839842e+02,1.511931229069872131e+02,1.512605941763760597e+02,1.513246590268991838e+02,1.513518078811868577e+02,1.513772399729930385e+02,1.514207575511619552e+02,1.514487398404630483e+02,1.514762686462966030e+02,1.515161029999177629e+02,1.515580235152126249e+02,1.516009801738271108e+02,1.516434976003629345e+02,1.516830772899951398e+02,1.517271558007709586e+02,1.517669025101713487e+02,1.517932344842988357e+02,1.518100742286040088e+02,1.518297531773679339e+02,1.518545462011015559e+02,1.518859060878798743e+02,1.519127241181268744e+02,1.519277520563925350e+02,1.519346794975995749e+02,1.519522620937053716e+02,1.519844259512950373e+02,1.520117585974044800e+02,1.520152014587185363e+02,1.520068055694307532e+02,1.520055895627621680e+02,1.520155444002064087e+02,1.520263341797742385e+02,1.520185613214253806e+02,1.520042864529496853e+02,1.519975038606773978e+02,1.519935408717119003e+02,1.519923449354578793e+02,1.519884667624616839e+02,1.519792626865540797e+02,1.519572994821501482e+02,1.519249231927112760e+02,1.518951470400247388e+02,1.518699668655216897e+02,1.518494528099639354e+02,1.518332906541344300e+02,1.517960858796758430e+02,1.517273088362821341e+02,1.516674630762843208e+02,1.516208003965077751e+02,1.515776483983565868e+02,1.515333113902792945e+02,1.514893806101669327e+02,1.514635930866537024e+02,1.514398348102054683e+02,1.513879635115689553e+02,1.513293025633884099e+02,1.512810788655549175e+02,1.512385595937490450e+02,1.511998349882823618e+02,1.511683971984315065e+02,1.511409787565988267e+02,1.511040518948662736e+02,1.510641663238676529e+02,1.510346704837818947e+02,1.510133655790874059e+02,1.510072899657254197e+02,1.510111571477165171e+02,1.509972869913872842e+02,1.509638293271777343e+02,1.509491104952566900e+02,1.509552062223566509e+02,1.509524484135144462e+02,1.509356575407504977e+02,1.509169743073879317e+02,1.509074551121727268e+02,1.508989751242595503e+02,1.508935925772955216e+02,1.509010541960681167e+02,1.509114105643056973e+02,1.509101290036104501e+02,1.509007868623124011e+02,1.508954039775883018e+02,1.509019076510523689e+02,1.509183224087178701e+02,1.509246966913306665e+02,1.509154018205858279e+02,1.509161275834970866e+02,1.509254847494553928e+02,1.509259233017718884e+02,1.509095514657927595e+02,1.508971153783230648e+02,1.509007723490143746e+02,1.509124915422040374e+02,1.509193148943084566e+02,1.509236418888302467e+02,1.509223410522488393e+02,1.509175187759607866e+02,1.509169926396259029e+02,1.509262052197517505e+02,1.509440031012153156e+02,1.509607128818395836e+02,1.509718854794779759e+02,1.509703543522996370e+02,1.509683263354347389e+02,1.509743536901763719e+02,1.509934249664800916e+02,1.510212330011742097e+02,1.510433563476838685e+02,1.510618806608446789e+02,1.510655339965551320e+02,1.510691704800411799e+02,1.510872036412340549e+02,1.511181477624905654e+02,1.511497756812257194e+02,1.511771666114210859e+02,1.512070261938890781e+02,1.512439897154116579e+02,1.512716418651194772e+02
1.504335196396967831e+02,1.504530233456558790e+02,1.505048129108944863e+02,1.505589947831851987e+02,1.505784758034399999e+02,1.506033276192290771e+02,1.506507643728898245e+02,1.506977575599399302e+02,1.507439488276632176e+02,1.508013408449323549e+02,1.508626673938786098e+02,1.509156919689440315e+02,1.509523791813562070e+02,1.509790145522223384e+02,1.510153826629926073e+02,1.510603266421393300e+02,1.511181330408766144e+02,1.511929943234330835e+02,1.512809387445339837e+02,1.513529563228854613e+02,1.513680221586901666e+02,1.513798967156250228e+02,1.514165858639135536e+02,1.514520391675509359e+02,1.514875378822958112e+02,1.515319783322331659e+02,1.515793953482745451e+02,1.516281579123724441e+02,1.516759094945539061e+02,1.517139204647718600e+02,1.517545206479569799e+02,1.517930715041200926e+02,1.518186901317266120e+02,1.518303544509981293e+02,1.518448812378289290e+02,1.518707259380990422e+02,1.518985839826913775e+02,1.519191762027615766e+02,1.519340649726681818e+02,1.519493382766599723e+02,1.519682596437606321e+02,1.519907152829663630e+02,1.520071211370341189e+02,1.520090016653892349e+02,1.520090362869049159e+02,1.520145182775166290e+02,1.520318576742564005e+02,1.520505936066828099e+02,1.520413021696458031e+02,1.520195302288950074e+02,1.520089413974706076e+02,1.520036999850358370e+02,1.519978317079089720e+02,1.519995748264735198e+02,1.520111248564392668e+02,1.520074689383322948e+02,1.519798285106546416e+02,1.519448966067571973e+02,1.519091906813178525e+02,1.518779857158932032e+02,1.518587919331112062e+02,1.518366993641063232e+02,1.517951994718744402e+02,1.517527486696161532e+02,1.517129980665298490e+02,1.516766783105962872e+02,1.516447876948546707e+02,1.516091693809220260e+02,1.515736266514450676e+02,1.515423106178653256e+02,1.515049134125151227e+02,1.514614733856132318e+02,1.514217932203205237e+02,1.513880293721497310e+02,1.513574452439192441e+02,1.513341920058210803e+02,1.513146510212149565e+02,1.512827751613590408e+02,1.512474452107189791e+02,1.512193891730055668e+02,1.512023728286477819e+02,1.512120954610638819e+02,1.512358763653206211e+02,1.512252806206441278e+02,1.511753875907959923e+02,1.511417592785354032e+02,1.511367145643498304e+02,1.511369622291528003e+02,1.511250000127008661e+02,1.511015235900631239e+02,1.510878371761170342e+02,1.510831010689042841e+02,1.510816825359641484e+02,1.510914555513359403e+02,1.511051546298092774e+02,1.510993950069500329e+02,1.510801762762731641e+02,1.510680973711688182e+02,1.510715361975263988e+02,1.510840456628592392e+02,1.510850523203845910e+02,1.510708899654389938e+02,1.510623914571273758e+02,1.510559012691391843e+02,1.510515144017394391e+02,1.510449629221401722e+02,1.510339194259773876e+02,1.510248597110546598e+02,1.510202458032623554e+02,1.510175457907423606e+02,1.510174721593301115e+02,1.510170520031283559e+02,1.510122553723153374e+02,1.510078417487654292e+02,1.510132224539123627e+02,1.510228911765320845e+02,1.510244970725428857e+02,1.510243389118026016e+02,1.510229994475280932e+02,1.510259583393398657e+02,1.510341294746204994e+02,1.510538678403751192e+02,1.510824513952575501e+02,1.510998898078486263e+02,1.511042525423797542e+02,1.510978731673322955e+02,1.511011405579608891e+02,1.511171908180042465e+02,1.511428880768665408e+02,1.511727957235712552e+02,1.512000581039598899e+02,1.512331695478884512e+02,1.512743271344240839e+02,1.513039573782559728e+02
1.503979054802472604e+02,1.504150149826132861e+02,1.504520865604099527e+02,1.504946268709532546e+02,1.505277582562116550e+02,1.505642093129192745e+02,1.506150198327421208e+02,1.506653169603377194e+02,1.507061545918929824e+02,1.507528711584313896e+02,1.508112293788655052e+02,1.508735931336116209e+02,1.509243341983286939e+02,1.509559067913582737e+02,1.509902095456517372e+02,1.510395817831199281e+02,1.511084371782155245e+02,1.511900728504041354e+02,1.512736328980509199e+02,1.513328243231493104e+02,1.513536172095770098e+02,1.513707092911583914e+02,1.514023921657258711e+02,1.514461395219040583e+02,1.514927068681795390e+02,1.515453168440608920e+02,1.515989639089004868e+02,1.516388226638103447e+02,1.516753171852261062e+02,1.517181073852901250e+02,1.517634812538883011e+02,1.517969432578960323e+02,1.518209631625783231e+02,1.518419637644726663e+02,1.518679244574253175e+02,1.518984073656541227e+02,1.519222204657577890e+02,1.519374072232689059e+02,1.519502863555740646e+02,1.519684593691331713e+02,1.519846441108338411e+02,1.519996012448239071e+02,1.520116461132712402e+02,1.520160024063221158e+02,1.520200825708430443e+02,1.520218392335822841e+02,1.520322419853451379e+02,1.520478603165227014e+02,1.520476118641120138e+02,1.520363200448755094e+02,1.520249006296804737e+02,1.520117972712703818e+02,1.519948443972086807e+02,1.519871789888258036e+02,1.519926836623949953e+02,1.519935633921483031e+02,1.519825913743171668e+02,1.519607138407451146e+02,1.519284259345323562e+02,1.518956452742108922e+02,1.518744536177458997e+02,1.518605384118665143e+02,1.518413744327012296e+02,1.518124832638487192e+02,1.517767149142305243e+02,1.517443218936821552e+02,1.517218269192570972e+02,1.516976802122920844e+02,1.516666344652464318e+02,1.516420641671722365e+02,1.516183550540513920e+02,1.515863121552004600e+02,1.515613682854543072e+02,1.515460330696362519e+02,1.515282965841639680e+02,1.515101107109731799e+02,1.514952216819351065e+02,1.514686190045192120e+02,1.514374862099323309e+02,1.514127423613315955e+02,1.514037129514707374e+02,1.514271353513566112e+02,1.514538043142983383e+02,1.514309789603469198e+02,1.513839821751308250e+02,1.513568080319910507e+02,1.513487198907994866e+02,1.513481387192594525e+02,1.513397560028637088e+02,1.513222309022482364e+02,1.513123896244929938e+02,1.513068523946216715e+02,1.513035343401585067e+02,1.513088521439913166e+02,1.513177203295351205e+02,1.513131314821689841e+02,1.512992423582674064e+02,1.512881579472652618e+02,1.512889317064784791e+02,1.512985817951637841e+02,1.512907306868864339e+02,1.512654308021804468e+02,1.512449921841735261e+02,1.512309492076283846e+02,1.512296240937994298e+02,1.512336954746521656e+02,1.512227544049199253e+02,1.511999916568655067e+02,1.511815831794778262e+02,1.511728416841170315e+02,1.511700193005473807e+02,1.511679045502128815e+02,1.511597088076624402e+02,1.511497229305329029e+02,1.511510702548333143e+02,1.511549654747366844e+02,1.511463255250944542e+02,1.511381255618649675e+02,1.511348185382705651e+02,1.511357735407370626e+02,1.511392704748216147e+02,1.511496431858174105e+02,1.511657537741317867e+02,1.511776426590973301e+02,1.511833261958147432e+02,1.511839431341603017e+02,1.511941399929961563e+02,1.512092685858497134e+02,1.512272115639985941e+02,1.512538629383714124e+02,1.512825646774647055e+02,1.513153985006909465e+02,1.513485959483801651e+02,1.513687328124871954e+02
1.503634544046010433e+02,1.503832476412914616e+02,1.504156424773953233e+02,1.504547469722052426e+02,1.504945617579321038e+02,1.505335536394014753e+02,1.505803586121833177e+02,1.506263564104096133e+02,1.506663837142332909e+02,1.507129939709975588e+02,1.507689721776012846e+02,1.508277136819426687e+02,1.508843889104323353e+02,1.509290993536038172e+02,1.509712438749573948e+02,1.510287387667540315e+02,1.511063712403250747e+02,1.511805897698681918e+02,1.512432022520331145e+02,1.512912179086231959e+02,1.513252600985634331e+02,1.513567267269408489e+02,1.513920278222573472e+02,1.514407300259538829e+02,1.514972501021856601e+02,1.515604737802722184e+02,1.516213792797721567e+02,1.516556843557199556e+02,1.516801691602297524e+02,1.517195764981964317e+02,1.517652713773487392e+02,1.518003058614933707e+02,1.518281649334828103e+02,1.518591251968889253e+02,1.518973400581428450e+02,1.519322849710376317e+02,1.519535933598731958e+02,1.519684689830760647e+02,1.519797852444539785e+02,1.519931261033000283e+02,1.520081904319005162e+02,1.520227626702495058e+02,1.520295697773518384e+02,1.520315250982713451e+02,1.520361457065044419e+02,1.520349381165111140e+02,1.520370943717164209e+02,1.520452242080932592e+02,1.520490932830340682e+02,1.520488858582566536e+02,1.520366337060749231e+02,1.520102243429862767e+02,1.519811065755895072e+02,1.519643405943173775e+02,1.519601351510662255e+02,1.519592246527480768e+02,1.519596369980090458e+02,1.519533888419865661e+02,1.519348446810450355e+02,1.519101391354170119e+02,1.518897645473358580e+02,1.518754046327052549e+02,1.518620306322861779e+02,1.518406110268573457e+02,1.518124907222351681e+02,1.517866041288418728e+02,1.517703160506471249e+02,1.517553672452347087e+02,1.517382967501073949e+02,1.517280676694946919e+02,1.517149087891742738e+02,1.516942371691998233e+02,1.516881406226362969e+02,1.516923343314327894e+02,1.516817029683025453e+02,1.516608514413838407e+02,1.516524154222051948e+02,1.516417604317296934e+02,1.516193780531918378e+02,1.516006585734977250e+02,1.515973412190378440e+02,1.516152278039500629e+02,1.516293908881486345e+02,1.516133112065097066e+02,1.515943352552372403e+02,1.515844539014992165e+02,1.515743123145373374e+02,1.515702402699000118e+02,1.515714656877418065e+02,1.515695493342298903e+02,1.515615060147645181e+02,1.515495507076423678e+02,1.515442124417318723e+02,1.515468917201147576e+02,1.515520370298123680e+02,1.515525476675306322e+02,1.515482385188822150e+02,1.515381483709469137e+02,1.515328854948677986e+02,1.515384417778464581e+02,1.515265913942968439e+02,1.514960764191427529e+02,1.514697723556736264e+02,1.514528922857238911e+02,1.514490147821998391e+02,1.514513027356994144e+02,1.514427576988385908e+02,1.514200262998450910e+02,1.513945921200618159e+02,1.513770938963645847e+02,1.513695864989913673e+02,1.513645458301228359e+02,1.513500150262902366e+02,1.513305161799606253e+02,1.513251166202086324e+02,1.513260484459648865e+02,1.513163606932224070e+02,1.513054140886795835e+02,1.513003974499624746e+02,1.512931492419274377e+02,1.512872040899497392e+02,1.512890875906553845e+02,1.512913423276002334e+02,1.512966255358211924e+02,1.513085750713030393e+02,1.513198386911805073e+02,1.513361567006354278e+02,1.513524990584647583e+02,1.513673738442949173e+02,1.513900568555855557e+02,1.514184078178868731e+02,1.514505290659402021e+02,1.514746992275099160e+02,1.514819384284403156e+02
1.503392951232049199e+02,1.503618455893293344e+02,1.503932612922646399e+02,1.504261963901340096e+02,1.504625378236595736e+02,1.505013205384391881e+02,1.505460403214321445e+02,1.505874479143154758e+02,1.506276908387739013e+02,1.506759239419362473e+02,1.507298834528332065e+02,1.507836535109086640e+02,1.508422465267282746e+02,1.509012148410440091e+02,1.509582653853123020e+02,1.510234973873099875e+02,1.510995338429234494e+02,1.511590442826186802e+02,1.512079337517675981e+02,1.512598957307539536e+02,1.513104963086936152e+02,1.513551639814796772e+02,1.513946820840199337e+02,1.514482558509065484e+02,1.515147629008378658e+02,1.515812105229634597e+02,1.516386437064182928e+02,1.516739377810496876e+02,1.517007453821695435e+02,1.517351923739480526e+02,1.517779605632007076e+02,1.518224995904209038e+02,1.518585799657895450e+02,1.518893080071010786e+02,1.519249239996515257e+02,1.519569594517575126e+02,1.519751413923733310e+02,1.519924720321058089e+02,1.520082042223425560e+02,1.520190413818600064e+02,1.520324935503392396e+02,1.520443723848801483e+02,1.520435739722088329e+02,1.520410046700719136e+02,1.520502141371101175e+02,1.520536116551375017e+02,1.520455785735539962e+02,1.520394444495825041e+02,1.520338053044701780e+02,1.520309297624676788e+02,1.520199498089408223e+02,1.519930425704759500e+02,1.519614030980927737e+02,1.519403543634116716e+02,1.519329809155508428e+02,1.519332189192180635e+02,1.519387153959933130e+02,1.519393898012262412e+02,1.519285190306830771e+02,1.519105973776879068e+02,1.518915583809979921e+02,1.518772466069563052e+02,1.518689158366925653e+02,1.518545551112613339e+02,1.518329270461837552e+02,1.518142435836026038e+02,1.518069547738691085e+02,1.518006673029914850e+02,1.517943547012782517e+02,1.517956255276793343e+02,1.517935493732963437e+02,1.517844110431839226e+02,1.517896597349166257e+02,1.518028065854366560e+02,1.518009112956919466e+02,1.517906451829795742e+02,1.517947969020453343e+02,1.517974532952784159e+02,1.517839260553781742e+02,1.517732825982016038e+02,1.517752150516976428e+02,1.517862187959983657e+02,1.517954392001396400e+02,1.517981458326521533e+02,1.518045881926345828e+02,1.518124863580691510e+02,1.518115525187832304e+02,1.518071737172042788e+02,1.518182883390055053e+02,1.518301815352220956e+02,1.518174876902336905e+02,1.518009665538334616e+02,1.517978816930804555e+02,1.517992885496150279e+02,1.518036378579969039e+02,1.518074673073936083e+02,1.518066367734546418e+02,1.517964610287414189e+02,1.517841797265857622e+02,1.517821108459104948e+02,1.517752280491431236e+02,1.517535791867152000e+02,1.517287467315411220e+02,1.517106866580004407e+02,1.517009619052712992e+02,1.516949579831539268e+02,1.516906024369491774e+02,1.516773828448827430e+02,1.516471333560155585e+02,1.516174485423040892e+02,1.516028511898241788e+02,1.515932356597041348e+02,1.515720447186379829e+02,1.515461360852631856e+02,1.515347189973436173e+02,1.515320865869322233e+02,1.515219321494435860e+02,1.515083418287764516e+02,1.515002376211262742e+02,1.514866973077700436e+02,1.514761149937813229e+02,1.514744902874387265e+02,1.514687467835308894e+02,1.514683670807111753e+02,1.514813778583915109e+02,1.514975790979234489e+02,1.515169145596738645e+02,1.515342185296080970e+02,1.515498417287660686e+02,1.515701312635126783e+02,1.515970913667634363e+02,1.516306499214539087e+02,1.516541718352657995e+02,1.516562131706710375e+02
1.503162512573606477e+02,1.503424842296549855e+02,1.503773240014514556e+02,1.504021058265270483e+02,1.504293995335777936e+02,1.504670072014037601e+02,1.505123720928719422e+02,1.505549993615095730e+02,1.505957866024170357e+02,1.506436297424981490e+02,1.506988957159161657e+02,1.507515957757273668e+02,1.508092268164666905e+02,1.508730882012578149e+02,1.509382419419725920e+02,1.510061171510091640e+02,1.510745867922320826e+02,1.511289540405710738e+02,1.511828812031453708e+02,1.512450613667812149e+02,1.513069941014964570e+02,1.513591085184612837e+02,1.514003823795109440e+02,1.514594004990912026e+02,1.515360395076202167e+02,1.516008216877994244e+02,1.516470324301366759e+02,1.516815745420708481e+02,1.517180644191310535e+02,1.517587034214982111e+02,1.518062485702865843e+02,1.518606587078781445e+02,1.519021543686233144e+02,1.519283399335654394e+02,1.519529897926688307e+02,1.519759229119090378e+02,1.519895587172431419e+02,1.520064922911644203e+02,1.520226528808505861e+02,1.520322048239222568e+02,1.520415355234435992e+02,1.520490108693151967e+02,1.520485133263185560e+02,1.520448757177189236e+02,1.520572307973425268e+02,1.520654880311036550e+02,1.520447725710705527e+02,1.520195856773393643e+02,1.520048178970534423e+02,1.519970372266514573e+02,1.519889357684985498e+02,1.519741339302601091e+02,1.519506661881533205e+02,1.519274218088305020e+02,1.519139079652849205e+02,1.519097955338076247e+02,1.519150328116683966e+02,1.519153927265857362e+02,1.519023925282290577e+02,1.518866069281388036e+02,1.518721003868798789e+02,1.518656929687796833e+02,1.518694309284790904e+02,1.518632079965521768e+02,1.518415249275452368e+02,1.518245551356916394e+02,1.518257422503820635e+02,1.518305231226783008e+02,1.518346873207487420e+02,1.518420007573297426e+02,1.518484274928679554e+02,1.518555108637408750e+02,1.518700582741331004e+02,1.518857491021597923e+02,1.518953057985709165e+02,1.518990839841790148e+02,1.519099256987447575e+02,1.519189248191624699e+02,1.519210423334245661e+02,1.519252210890425658e+02,1.519338281546199312e+02,1.519438511276880490e+02,1.519538680240110011e+02,1.519701408890622076e+02,1.519935686205100467e+02,1.520178038799165847e+02,1.520323852250041341e+02,1.520341918880722574e+02,1.520503122740927893e+02,1.520672734926637872e+02,1.520570191508358846e+02,1.520474661577160305e+02,1.520515361784579795e+02,1.520566368455187671e+02,1.520603728803649517e+02,1.520608870212427348e+02,1.520603982040269102e+02,1.520547880282981339e+02,1.520397745153141784e+02,1.520312528812157780e+02,1.520311455980908590e+02,1.520209411906376431e+02,1.519983975461642274e+02,1.519816126030403893e+02,1.519695368135224953e+02,1.519560799948466183e+02,1.519517218355189243e+02,1.519414862233620624e+02,1.519053817617401023e+02,1.518678232765417420e+02,1.518471809378582975e+02,1.518297639411368039e+02,1.518025951138621394e+02,1.517772100872966234e+02,1.517635167696509200e+02,1.517552565158146081e+02,1.517421223274734530e+02,1.517233089971300899e+02,1.517074564634481249e+02,1.516949049166610735e+02,1.516875732132874077e+02,1.516818406273033588e+02,1.516718607234887486e+02,1.516683667612979889e+02,1.516815481694898722e+02,1.517003657727464372e+02,1.517185491864944424e+02,1.517324811865870799e+02,1.517501716054817393e+02,1.517744533439255861e+02,1.517981201404136300e+02,1.518246551948485035e+02,1.518512992444102281e+02,1.518624888454247071e+02
1.502858694181817327e+02,1.503152846095778727e+02,1.503544519711023213e+02,1.503794240233158348e+02,1.504038794902673999e+02,1.504361286805492455e+02,1.504808988392667288e+02,1.505325974341635060e+02,1.505764969690326325e+02,1.506218271174806489e+02,1.506760378742444573e+02,1.507295285094153883e+02,1.507872259440278526e+02,1.508505205674164813e+02,1.509134286935815226e+02,1.509770767989129467e+02,1.510413614455265474e+02,1.511045142274041382e+02,1.511757333854059198e+02,1.512476582019087061e+02,1.513058303545170702e+02,1.513535342408569022e+02,1.513992097898674558e+02,1.514615725316064641e+02,1.515380956479373822e+02,1.516008955623738643e+02,1.516454579943812178e+02,1.516856446591432643e+02,1.517343915173170217e+02,1.517872697569318063e+02,1.518402793441563858e+02,1.518922448344298175e+02,1.519298217179532458e+02,1.519563449317112429e+02,1.519789610019350334e+02,1.519958224170536027e+02,1.520043140610737282e+02,1.520189598712294980e+02,1.520361205529582094e+02,1.520463376456528124e+02,1.520494973929692151e+02,1.520496602739792706e+02,1.520475788195996927e+02,1.520411587214408087e+02,1.520461404374053132e+02,1.520516398285607238e+02,1.520321638595879108e+02,1.520036181434972775e+02,1.519868812427584146e+02,1.519775471809452085e+02,1.519696701379844228e+02,1.519633192410564675e+02,1.519481415151429928e+02,1.519219864393037369e+02,1.519012736199954077e+02,1.518880314076398577e+02,1.518873071878404630e+02,1.518868935481766016e+02,1.518689935281691703e+02,1.518502383454394931e+02,1.518373170808955024e+02,1.518359028760748402e+02,1.518494129845008729e+02,1.518542846537104083e+02,1.518360859648336145e+02,1.518245544680191017e+02,1.518358154973769842e+02,1.518499301269773696e+02,1.518621750893560716e+02,1.518702917443662272e+02,1.518786709946998030e+02,1.518998840173019289e+02,1.519264933886943822e+02,1.519464816628905339e+02,1.519627714614369154e+02,1.519746628222036975e+02,1.519887420065396384e+02,1.520048749783898074e+02,1.520242477874938345e+02,1.520427280065435980e+02,1.520609601447506236e+02,1.520804692440331678e+02,1.520991240108556610e+02,1.521251165288899756e+02,1.521597768367366825e+02,1.521920697343320796e+02,1.522100139330259765e+02,1.522186630849319045e+02,1.522372799791220928e+02,1.522569061354379869e+02,1.522693073697949160e+02,1.522841677662257212e+02,1.522950772678963745e+02,1.523025196986481546e+02,1.523068886175534544e+02,1.523038774471993406e+02,1.523025799938120599e+02,1.523013009106931577e+02,1.522887865104825948e+02,1.522803340015625508e+02,1.522829899599792043e+02,1.522783725185574326e+02,1.522601673438947500e+02,1.522464030124384067e+02,1.522350841024179431e+02,1.522168356717279778e+02,1.522001669862908670e+02,1.521797415192340850e+02,1.521439685432096098e+02,1.521100343274894442e+02,1.520870215111489188e+02,1.520605464658474375e+02,1.520299506168860830e+02,1.520078259528974058e+02,1.519946512658193853e+02,1.519837470235358410e+02,1.519697441461885887e+02,1.519469994791433010e+02,1.519235053081413298e+02,1.519134233969941477e+02,1.519074497620969169e+02,1.518931521603458918e+02,1.518799003915475225e+02,1.518785283910449948e+02,1.518942062626539951e+02,1.519085885835234535e+02,1.519192195909887459e+02,1.519359485617636665e+02,1.519608508047020337e+02,1.519861860613493150e+02,1.520054786822105655e+02,1.520228970266852286e+02,1.520520209201264379e+02,1.520766905980951549e+02
1.502616876833128856e+02,1.502919186932663536e+02,1.503305734355437551e+02,1.503594755373036946e+02,1.503863396480011829e+02,1.504142289246685209e+02,1.504587486225825614e+02,1.505176522240519148e+02,1.505636612600835065e+02,1.506034863255140408e+02,1.506508015488106480e+02,1.507047002792085664e+02,1.507666948595023086e+02,1.508346197783724278e+02,1.508969335828551266e+02,1.509545920025922499e+02,1.510150233141127956e+02,1.510857750079759683e+02,1.511713254843302821e+02,1.512538491754773418e+02,1.513115273727580075e+02,1.513579180331961425e+02,1.514088147086250160e+02,1.514647288027306615e+02,1.515289338978170122e+02,1.515909000071189610e+02,1.516451772099069331e+02,1.516952809670516160e+02,1.517499080160633298e+02,1.518071848250795028e+02,1.518587191432981456e+02,1.519039687616212291e+02,1.519385136649092942e+02,1.519650556781475359e+02,1.519897194815322621e+02,1.520084158646533297e+02,1.520169775128928791e+02,1.520285873027789876e+02,1.520475030614379079e+02,1.520626691269124819e+02,1.520622628924663218e+02,1.520543154209985630e+02,1.520462719009319130e+02,1.520348036874020750e+02,1.520321518892678228e+02,1.520331533035472376e+02,1.520176395412686929e+02,1.519926084622443625e+02,1.519775291639414263e+02,1.519728787785144277e+02,1.519674410599486976e+02,1.519604067643689689e+02,1.519453842111680899e+02,1.519122718510363939e+02,1.518831062481080494e+02,1.518638171841613485e+02,1.518599074974976588e+02,1.518594529189090849e+02,1.518354674029715170e+02,1.518129759168003261e+02,1.518010167604339813e+02,1.518001519706367617e+02,1.518194880392010759e+02,1.518371284230325955e+02,1.518241385616725552e+02,1.518169950732063853e+02,1.518401325341145025e+02,1.518659423118809855e+02,1.518795745882064239e+02,1.518789280029535007e+02,1.518788782175051608e+02,1.519010496082042323e+02,1.519377171791554986e+02,1.519698327619344695e+02,1.520000950198075316e+02,1.520291917851642438e+02,1.520507835310919518e+02,1.520714481609346649e+02,1.520998429126746885e+02,1.521271614064184519e+02,1.521573472625809416e+02,1.521976745445142569e+02,1.522365273755084445e+02,1.522682699532930144e+02,1.523049807409606728e+02,1.523409672300625459e+02,1.523605482821671728e+02,1.523764677298851780e+02,1.524003792352905862e+02,1.524275547148707233e+02,1.524653503511902670e+02,1.525064969913040613e+02,1.525198971348081614e+02,1.525201110161997633e+02,1.525266767752601140e+02,1.525307913833629243e+02,1.525307330145626565e+02,1.525278404267678525e+02,1.525193758529144361e+02,1.525151278074324068e+02,1.525174488844737652e+02,1.525141570688460320e+02,1.525009470464323158e+02,1.524906287623426806e+02,1.524824436756558725e+02,1.524631510897452813e+02,1.524346679248213263e+02,1.524063051520150225e+02,1.523739539563409835e+02,1.523441697701213116e+02,1.523216445723697348e+02,1.522904363779229584e+02,1.522562763443951042e+02,1.522324748756914516e+02,1.522183250575716897e+02,1.522067713394376938e+02,1.521908084678217392e+02,1.521662268209032050e+02,1.521419608562589190e+02,1.521324227835061720e+02,1.521236825299137649e+02,1.521008635615100957e+02,1.520831032821906774e+02,1.520856130263765635e+02,1.521033302347026961e+02,1.521084574167236383e+02,1.521105858444009868e+02,1.521335884025563132e+02,1.521650566080919305e+02,1.521850154429453710e+02,1.522024197041341722e+02,1.522213470448633643e+02,1.522526764982797545e+02,1.522832833098437391e+02
1.502400079800107164e+02,1.502674065537694332e+02,1.503025947876313637e+02,1.503321398758226053e+02,1.503602694959915311e+02,1.503907345607194657e+02,1.504339855056650208e+02,1.504919515468203883e+02,1.505459299303362286e+02,1.505884981702521088e+02,1.506322892329550598e+02,1.506870378315623782e+02,1.507537685919314185e+02,1.508273427227628929e+02,1.508922511404853708e+02,1.509493149231234952e+02,1.510029188322524192e+02,1.510697886103576479e+02,1.511551012617049707e+02,1.512403862687093294e+02,1.513082528891112588e+02,1.513653414646804549e+02,1.514227856360156181e+02,1.514747245669958033e+02,1.515318951932633240e+02,1.515927627379550700e+02,1.516520811906464701e+02,1.517061059262715617e+02,1.517609160066567142e+02,1.518171489957096583e+02,1.518673271002807610e+02,1.519120858656228279e+02,1.519463853676466840e+02,1.519731112192478975e+02,1.520044960628927129e+02,1.520306113689785548e+02,1.520359375166879090e+02,1.520358264137695414e+02,1.520463005402459942e+02,1.520642024543085711e+02,1.520676704573828886e+02,1.520589125853276187e+02,1.520494436682405990e+02,1.520361119630026963e+02,1.520314140445228190e+02,1.520308163988955812e+02,1.520127233050349389e+02,1.519834250242777500e+02,1.519662387121458664e+02,1.519662865366517792e+02,1.519630234433947180e+02,1.519466763253874433e+02,1.519231464152327362e+02,1.518875603149381845e+02,1.518554302904991005e+02,1.518341041520419310e+02,1.518265194662947124e+02,1.518207573547717288e+02,1.517944996907459654e+02,1.517741713721763972e+02,1.517671250742820348e+02,1.517680051967971622e+02,1.517920025293836375e+02,1.518205746864748562e+02,1.518103929367322564e+02,1.518024650181407367e+02,1.518297036970173508e+02,1.518600432171256500e+02,1.518691867765324162e+02,1.518629802371329731e+02,1.518631110839173743e+02,1.518883356138471186e+02,1.519331163444696244e+02,1.519781991544852815e+02,1.520258220440526316e+02,1.520715064059975248e+02,1.520983742948560575e+02,1.521235513583196735e+02,1.521621048085688699e+02,1.522008136996800545e+02,1.522422413654759907e+02,1.522963370155226528e+02,1.523484000555035038e+02,1.523831467244941393e+02,1.524201088307629277e+02,1.524612750313524714e+02,1.524915267364436602e+02,1.525193711370482106e+02,1.525550327911213913e+02,1.525940975116908191e+02,1.526402143864991388e+02,1.526923484133960187e+02,1.527127253122103809e+02,1.527073665573362291e+02,1.527175967589401466e+02,1.527359850911162198e+02,1.527411281572724420e+02,1.527364636749530007e+02,1.527302155209405896e+02,1.527283913428869937e+02,1.527319013568595665e+02,1.527313854352480860e+02,1.527170221927199805e+02,1.527025469436458138e+02,1.526910523141609417e+02,1.526696526569835441e+02,1.526427707098496285e+02,1.526190380192453517e+02,1.525900187694618069e+02,1.525598621789874585e+02,1.525381740374137678e+02,1.525118043663805452e+02,1.524802750265240263e+02,1.524511129910640364e+02,1.524299598041154695e+02,1.524097374584859494e+02,1.523836213951701382e+02,1.523582433899231319e+02,1.523396459053687408e+02,1.523285997310971140e+02,1.523188903562808321e+02,1.523005708338508271e+02,1.522838715020686777e+02,1.522823607487549111e+02,1.522898700940665435e+02,1.522868740210001874e+02,1.522873826409342541e+02,1.523115678199927459e+02,1.523403032201881615e+02,1.523561586870821998e+02,1.523755764670630981e+02,1.524031875709657697e+02,1.524388777075364203e+02,1.524714320143332316e+02
1.502186991622994583e+02,1.502450627736056390e+02,1.502817051905623202e+02,1.503088623975808957e+02,1.503382943006899097e+02,1.503757601729408577e+02,1.504136494171577851e+02,1.504613132133406168e+02,1.505204469057797496e+02,1.505742355344713133e+02,1.506224986209874146e+02,1.506771579714168752e+02,1.507460051822333469e+02,1.508230366567080694e+02,1.508887012056926551e+02,1.509501424915528105e+02,1.510039613545902171e+02,1.510635938142227133e+02,1.511378547282109821e+02,1.512161844877848011e+02,1.512895164966368782e+02,1.513568037910619068e+02,1.514204447890618042e+02,1.514841555409990690e+02,1.515503030590261915e+02,1.516079027100481653e+02,1.516671405862411461e+02,1.517238067003124229e+02,1.517759102971596121e+02,1.518272982683768646e+02,1.518752908254948011e+02,1.519187808257673851e+02,1.519504796008980918e+02,1.519812368531227662e+02,1.520241712789641042e+02,1.520576406163974070e+02,1.520555708193006126e+02,1.520436670335124063e+02,1.520456113491661085e+02,1.520617781746629191e+02,1.520653684544971043e+02,1.520560685308274742e+02,1.520489616506744426e+02,1.520393944156918451e+02,1.520379629590501338e+02,1.520383691183455426e+02,1.520170337678497390e+02,1.519833748981027952e+02,1.519604122260619192e+02,1.519509977373832896e+02,1.519370205725843164e+02,1.519104844093681095e+02,1.518810209793241484e+02,1.518487229889798584e+02,1.518199551679117008e+02,1.518002910687345377e+02,1.517877960348267550e+02,1.517746060064265805e+02,1.517539276300431652e+02,1.517403599609123148e+02,1.517399368514929563e+02,1.517427497119343229e+02,1.517562663516373505e+02,1.517797641720433717e+02,1.517792302836784870e+02,1.517784194657203329e+02,1.517999835492707348e+02,1.518210764352122055e+02,1.518308854757577819e+02,1.518397788498832597e+02,1.518556267929349133e+02,1.518865045501505051e+02,1.519328189644780878e+02,1.519838328456812064e+02,1.520427117948227647e+02,1.520959887522596432e+02,1.521270281998497467e+02,1.521648858822019577e+02,1.522229354917023159e+02,1.522747935578747729e+02,1.523189972051012830e+02,1.523672167941363398e+02,1.524173912409572722e+02,1.524603316215392113e+02,1.525053097605326116e+02,1.525534822407608431e+02,1.525972601068305607e+02,1.526426353725916556e+02,1.527030323275689057e+02,1.527597105764611172e+02,1.527916586457387211e+02,1.528305720787346331e+02,1.528603951767885292e+02,1.528617681571131470e+02,1.528763308559192069e+02,1.529028130173475688e+02,1.529148448926800370e+02,1.529183065329170859e+02,1.529171902059488559e+02,1.529152212246235081e+02,1.529212667239820007e+02,1.529256731399480600e+02,1.529065161807238269e+02,1.528841831599714851e+02,1.528677096391268719e+02,1.528484778598344747e+02,1.528284466545895270e+02,1.528068137728670308e+02,1.527779146895043709e+02,1.527515479299374874e+02,1.527344379135849977e+02,1.527101205816528022e+02,1.526797534613719733e+02,1.526483302575696257e+02,1.526188898568795480e+02,1.525857300104875662e+02,1.525542697629961140e+02,1.525336345797588251e+02,1.525203923781349715e+02,1.525075303868591163e+02,1.524946131401252956e+02,1.524821601688250894e+02,1.524699110373456961e+02,1.524632789599563694e+02,1.524611470088413512e+02,1.524565957138377144e+02,1.524574828685870216e+02,1.524761568720435605e+02,1.524965209259057701e+02,1.525097293643895568e+02,1.525299853606808540e+02,1.525610423315845594e+02,1.525980614847442212e+02,1.526289348165672664e+02
1.502087936853536689e+02,1.502370700851597576e+02,1.502785424356852104e+02,1.503052433718338250e+02,1.503367699077222142e+02,1.503783733792836586e+02,1.504120801542458423e+02,1.504425528330340285e+02,1.504882759241269525e+02,1.505453350994403650e+02,1.505986802403548381e+02,1.506513893543913412e+02,1.507214024257137339e+02,1.508023537154678024e+02,1.508687212173359740e+02,1.509353985792135973e+02,1.510066577996986723e+02,1.510732178153082543e+02,1.511342600824425233e+02,1.512004783733352724e+02,1.512732739225896808e+02,1.513475222985176742e+02,1.514164895245792763e+02,1.514908370775574724e+02,1.515644956735199287e+02,1.516196604038124178e+02,1.516805529385950990e+02,1.517420890860421139e+02,1.517901349024519391e+02,1.518323137620039347e+02,1.518764129517092272e+02,1.519236783595348470e+02,1.519620655381143592e+02,1.519918589693876640e+02,1.520307608632378447e+02,1.520643149782306409e+02,1.520649561851174667e+02,1.520557238084830374e+02,1.520582218725919006e+02,1.520695936375103088e+02,1.520658935941706318e+02,1.520543899536341996e+02,1.520486750252568413e+02,1.520391521247096875e+02,1.520378362477437122e+02,1.520391825157687720e+02,1.520203538978337292e+02,1.519932522785991864e+02,1.519726291080328906e+02,1.519532439210163659e+02,1.519196305555801700e+02,1.518785319048100746e+02,1.518456081093953003e+02,1.518137809080796501e+02,1.517861275185714760e+02,1.517714890757935677e+02,1.517580426605043726e+02,1.517369811146432994e+02,1.517180812982713860e+02,1.517083057922788782e+02,1.517134768129673716e+02,1.517186902998425353e+02,1.517139708972883625e+02,1.517231751710887693e+02,1.517368411493278870e+02,1.517448798671408099e+02,1.517605996019102292e+02,1.517785333325850843e+02,1.517949216161142942e+02,1.518200806369070222e+02,1.518522642732979193e+02,1.518899170315200422e+02,1.519370546328489127e+02,1.519873667902087675e+02,1.520481504308114040e+02,1.521068459123299021e+02,1.521470014349881410e+02,1.522000473571242480e+02,1.522738122441087398e+02,1.523309040824093472e+02,1.523766841820275886e+02,1.524236799208825346e+02,1.524742884183926321e+02,1.525241366575079098e+02,1.525767959608332376e+02,1.526321174596005790e+02,1.526851493265270108e+02,1.527415789471762650e+02,1.528207268083430677e+02,1.528903496183345965e+02,1.529108773356916231e+02,1.529379579714800741e+02,1.529736240117483703e+02,1.529868118802403387e+02,1.530050922714875981e+02,1.530321219718743464e+02,1.530498590424633107e+02,1.530610461774203941e+02,1.530665294313347431e+02,1.530689013262757499e+02,1.530761327118652844e+02,1.530826393862516852e+02,1.530661918504574714e+02,1.530417270023818901e+02,1.530223149708309336e+02,1.530079179488084833e+02,1.529909209643512895e+02,1.529660078412538837e+02,1.529366672627197090e+02,1.529158476090581189e+02,1.529019125021831087e+02,1.528732160456464158e+02,1.528378098289570630e+02,1.528076021758857337e+02,1.527768407129347565e+02,1.527406236137925930e+02,1.527154508501770351e+02,1.527055295944464604e+02,1.526963693487713272e+02,1.526780426805433990e+02,1.526525185144986949e+02,1.526313064283232563e+02,1.526165225483087795e+02,1.526091327135710571e+02,1.526094786999022404e+02,1.526087234265848736e+02,1.526067601644053866e+02,1.526158745257044416e+02,1.526330010674566893e+02,1.526508193239019420e+02,1.526749134488082404e+02,1.527067163362450231e+02,1.527405263393959558e+02,1.527660424742604164e+02
1.502031296801706901e+02,1.502313626817355328e+02,1.502750312276457407e+02,1.503059885031057092e+02,1.503335528703153159e+02,1.503676272299660184e+02,1.504056391478565615e+02,1.504335937234837388e+02,1.504662842663240667e+02,1.505176507551454677e+02,1.505722004561328049e+02,1.506248100466659707e+02,1.506989131665904438e+02,1.507889663186751932e+02,1.508586505803972955e+02,1.509207278678759394e+02,1.510006933598502314e+02,1.510785122488356365e+02,1.511360871648626016e+02,1.511959708872968804e+02,1.512628239355645974e+02,1.513349188900523643e+02,1.514080191585452440e+02,1.514845285907230164e+02,1.515558360919386018e+02,1.516128606664076983e+02,1.516749299563311126e+02,1.517414074723976682e+02,1.517955762731697860e+02,1.518337723976311224e+02,1.518772032630940316e+02,1.519375769567323857e+02,1.519881431656074824e+02,1.520074239809277401e+02,1.520321110031600824e+02,1.520624588304149256e+02,1.520706924053548050e+02,1.520733332856045763e+02,1.520799313388068583e+02,1.520839375163447471e+02,1.520788060361146847e+02,1.520807378254332320e+02,1.520800514588561896e+02,1.520519884311113117e+02,1.520330376243171315e+02,1.520274554516630587e+02,1.520071934243360374e+02,1.519865224404657909e+02,1.519716351376860928e+02,1.519495171802376490e+02,1.519055489138154371e+02,1.518549120863164319e+02,1.518190741693097721e+02,1.517855772296450709e+02,1.517577004307819948e+02,1.517491624356725026e+02,1.517378000225745325e+02,1.517065059012196002e+02,1.516797182204440446e+02,1.516671613551483802e+02,1.516700740645190990e+02,1.516763915681892740e+02,1.516714941963131196e+02,1.516790125715533577e+02,1.516994794048341646e+02,1.517086839315241491e+02,1.517209451060075480e+02,1.517399635095359258e+02,1.517621616858730818e+02,1.517959901570900172e+02,1.518407133282624386e+02,1.518916811208047761e+02,1.519479065669195847e+02,1.519953664685789363e+02,1.520453543601985302e+02,1.521066593181710971e+02,1.521625559481547043e+02,1.522228422414123941e+02,1.522938027410783661e+02,1.523480447433991003e+02,1.524034097414822213e+02,1.524672847013557657e+02,1.525273527749263849e+02,1.525824013745168486e+02,1.526431209903452100e+02,1.527060022886579418e+02,1.527633891967466866e+02,1.528154307592055545e+02,1.528821583708235607e+02,1.529453413334952643e+02,1.529806952776141884e+02,1.530254723282815235e+02,1.530714819210480755e+02,1.530942642071996147e+02,1.531185239290941809e+02,1.531477451530292910e+02,1.531669467052475966e+02,1.531783947660002809e+02,1.531834466500877170e+02,1.531852113315752035e+02,1.531895616493770262e+02,1.531966814860819568e+02,1.531914610694239514e+02,1.531717815296086087e+02,1.531506654585633385e+02,1.531355451053399293e+02,1.531171848184965256e+02,1.530945769033773161e+02,1.530734046937631092e+02,1.530545310509023125e+02,1.530324515511269965e+02,1.530029229856509403e+02,1.529671116689198413e+02,1.529352214075301504e+02,1.529042321772107584e+02,1.528722826239232688e+02,1.528502982573293707e+02,1.528417278339239829e+02,1.528320441333131612e+02,1.528070672601782576e+02,1.527737146456717028e+02,1.527457473150329861e+02,1.527290904316704996e+02,1.527237373933776325e+02,1.527267759526988016e+02,1.527254199745273411e+02,1.527243020457633520e+02,1.527306942302308244e+02,1.527483772114032945e+02,1.527738812190428916e+02,1.528051435682966428e+02,1.528395901337478335e+02,1.528691499191806429e+02,1.528898988997663082e+02
1.501966393621522116e+02,1.502169594278060174e+02,1.502543275624266528e+02,1.502878588803912976e+02,1.503118446595565842e+02,1.503365394290094343e+02,1.503719667630316223e+02,1.504091626443632208e+02,1.504506863054609767e+02,1.505068908235405161e+02,1.505651374044392128e+02,1.506158604839888540e+02,1.506892759985098849e+02,1.507841770368150662e+02,1.508546104765100040e+02,1.509067991967080502e+02,1.509761181719854335e+02,1.510569829054151114e+02,1.511310163148126549e+02,1.512006686953902204e+02,1.512607142546896455e+02,1.513220497646156559e+02,1.513934467884367905e+02,1.514724911823236084e+02,1.515462933185221743e+02,1.516065577578220314e+02,1.516674531239175963e+02,1.517362253480428649e+02,1.517978071734276568e+02,1.518364961141323306e+02,1.518816686558843685e+02,1.519510738970571140e+02,1.520093736185957027e+02,1.520262754321785224e+02,1.520452783192068580e+02,1.520713235507134868e+02,1.520786937245057402e+02,1.520892699576947393e+02,1.520975756161857646e+02,1.520945647688361078e+02,1.520986948670692982e+02,1.521245159402357672e+02,1.521260401280566157e+02,1.520726281789995369e+02,1.520308225433178109e+02,1.520115812736041789e+02,1.519817682657349565e+02,1.519568457371499335e+02,1.519417093662237903e+02,1.519199726573424130e+02,1.518815509359891962e+02,1.518337798209431071e+02,1.517945633330262183e+02,1.517600346145080152e+02,1.517310611936751457e+02,1.517208932256930893e+02,1.517077875528127606e+02,1.516727146791423309e+02,1.516444236782177200e+02,1.516307892960073218e+02,1.516273748928633154e+02,1.516320795982289269e+02,1.516329360979007959e+02,1.516388448166126750e+02,1.516552835854371324e+02,1.516677958396434178e+02,1.516822084015961991e+02,1.517033899095692391e+02,1.517302307770895595e+02,1.517670306917836456e+02,1.518152726150990475e+02,1.518752473215330383e+02,1.519407689405745145e+02,1.519923339941103109e+02,1.520377880949712619e+02,1.521017704190201698e+02,1.521688556648313693e+02,1.522262399214006052e+02,1.522880321411824411e+02,1.523508590050694238e+02,1.524284472036137288e+02,1.525064885855105672e+02,1.525634678474296493e+02,1.526227725753851701e+02,1.526965395114232535e+02,1.527662635498288068e+02,1.528251671011817052e+02,1.528721421219377703e+02,1.529263276322533898e+02,1.529848733845525146e+02,1.530347226988578200e+02,1.530907179546349255e+02,1.531423029188617022e+02,1.531808104545393974e+02,1.532215153794701337e+02,1.532535633522311684e+02,1.532723895662530538e+02,1.532868911467274131e+02,1.532862038743718358e+02,1.532787954013322747e+02,1.532810093217138956e+02,1.532924381226781065e+02,1.532973270767615190e+02,1.532808461415591523e+02,1.532551732993876499e+02,1.532376526780548431e+02,1.532215251386754460e+02,1.532041779053485016e+02,1.531973398677692444e+02,1.531873070633465090e+02,1.531550258725387152e+02,1.531220712895848806e+02,1.530834378846112145e+02,1.530443231392005998e+02,1.530140400468549728e+02,1.529876158982909260e+02,1.529574336612865295e+02,1.529288237572340563e+02,1.529056777014755539e+02,1.528765001511987975e+02,1.528486368084166429e+02,1.528285248235090137e+02,1.528176734931117835e+02,1.528182772154648603e+02,1.528270007418602461e+02,1.528247835758914448e+02,1.528229274144379701e+02,1.528278317395557337e+02,1.528454468886623658e+02,1.528795584536466379e+02,1.529191444426440682e+02,1.529550066305815790e+02,1.529756996554898194e+02,1.529897869685054275e+02
1.501956757615505182e+02,1.502003822249575933e+02,1.502228021242075897e+02,1.502522744310853682e+02,1.502786905643167756e+02,1.503084296789119207e+02,1.503446637572995712e+02,1.503890962534164260e+02,1.504403803578312591e+02,1.505051363898670900e+02,1.505683794031582750e+02,1.506128056927577177e+02,1.506724901090216520e+02,1.507563968204629816e+02,1.508292620643509565e+02,1.508906610853137522e+02,1.509609521466115893e+02,1.510404783860865905e+02,1.511246346226873811e+02,1.512002500458397094e+02,1.512593783326224184e+02,1.513176830398061838e+02,1.513869223952943059e+02,1.514666852847997234e+02,1.515446625219368570e+02,1.516095804284381074e+02,1.516739676072817815e+02,1.517438039292646863e+02,1.518038188606324752e+02,1.518408610117232911e+02,1.518829480925578537e+02,1.519477874143883298e+02,1.520114415268681682e+02,1.520417088397217071e+02,1.520597459407377130e+02,1.520761186818602368e+02,1.520774331952164289e+02,1.520902173405549149e+02,1.520991918489731347e+02,1.520927755061822495e+02,1.521020846161381428e+02,1.521305603886405038e+02,1.521216306903294821e+02,1.520652986703671843e+02,1.520209010939047403e+02,1.519933796314325321e+02,1.519583766469928037e+02,1.519297824287128265e+02,1.519163885225699460e+02,1.519009450033277062e+02,1.518660618559665068e+02,1.518161051292223931e+02,1.517703331329463481e+02,1.517362742598642171e+02,1.517137334479263870e+02,1.517011088238213858e+02,1.516750415333817443e+02,1.516400560534456758e+02,1.516236331765127829e+02,1.516153272811776276e+02,1.516075220473151717e+02,1.516096321535224547e+02,1.516069824208197474e+02,1.516068042835293284e+02,1.516248304994838350e+02,1.516452477765554363e+02,1.516561672822439846e+02,1.516734653594930933e+02,1.517015386651287940e+02,1.517379986905067710e+02,1.517854183361558285e+02,1.518458609212738679e+02,1.519116956316329095e+02,1.519723486207444694e+02,1.520245791178406307e+02,1.520865858071381922e+02,1.521549387604725609e+02,1.522177361010417371e+02,1.522873331401159476e+02,1.523663580593549796e+02,1.524622526442615253e+02,1.525468285637751933e+02,1.525942848200749609e+02,1.526496318507714420e+02,1.527291073252851561e+02,1.528069704991098092e+02,1.528715744972606672e+02,1.529211160836228487e+02,1.529767622450097520e+02,1.530411074165757555e+02,1.530991725135189938e+02,1.531565089293563915e+02,1.532070134216048416e+02,1.532546983952497044e+02,1.533054101009716703e+02,1.533422674198692448e+02,1.533803535304427328e+02,1.534116032656103528e+02,1.533936894191214719e+02,1.533685191571629503e+02,1.533711903057414361e+02,1.533879007113324064e+02,1.533957896864109784e+02,1.533784165174918428e+02,1.533488652600730688e+02,1.533337309068224101e+02,1.533234948604913370e+02,1.533048096174856596e+02,1.533009260514822358e+02,1.532960101008113725e+02,1.532598516687336030e+02,1.532236749196594872e+02,1.531827814335131279e+02,1.531369588102122918e+02,1.531049282002929317e+02,1.530808095483269256e+02,1.530436414857499585e+02,1.529981694123417242e+02,1.529638015772774793e+02,1.529340595858024585e+02,1.529096451500928993e+02,1.528967171770592017e+02,1.528941693812143967e+02,1.529016257536063677e+02,1.529140802977642579e+02,1.529083484692272066e+02,1.529006710369916959e+02,1.529046610366671075e+02,1.529254080355378846e+02,1.529705055750518454e+02,1.530298180486794877e+02,1.530775485192647807e+02,1.530779917225608813e+02,1.530688050851364892e+02
1.502212506419623992e+02,1.502037924953835386e+02,1.502087930563628220e+02,1.502292946664373972e+02,1.502525388603935710e+02,1.502871223043651980e+02,1.503306041177145289e+02,1.503789677125215860e+02,1.504284727985786674e+02,1.504876975673025754e+02,1.505489618197802031e+02,1.505987848803197835e+02,1.506525981837503991e+02,1.507238976351249562e+02,1.508042132187599975e+02,1.508912146824621914e+02,1.509794848526595388e+02,1.510461916053520213e+02,1.511128611380185021e+02,1.511836679210924217e+02,1.512557846004252156e+02,1.513286644101021352e+02,1.513977670644638920e+02,1.514685519677424281e+02,1.515403467241667954e+02,1.516121108824423800e+02,1.516883994930109338e+02,1.517572026466124839e+02,1.518082220109566833e+02,1.518413529065718990e+02,1.518810913318636153e+02,1.519427118560225836e+02,1.520137516219260760e+02,1.520585185802116257e+02,1.520640778984903250e+02,1.520612043075582847e+02,1.520635128941769381e+02,1.520825427120300333e+02,1.520924531519021343e+02,1.520828932839543484e+02,1.520845654009197574e+02,1.521018274637529544e+02,1.520966027749476837e+02,1.520555120233388493e+02,1.520068959582142156e+02,1.519683347832469167e+02,1.519358287595784134e+02,1.519114374866462356e+02,1.518982489744886095e+02,1.518823887019492815e+02,1.518425067862425806e+02,1.517889352804417911e+02,1.517440455836464821e+02,1.517175049880861479e+02,1.517062655151723334e+02,1.516915073932944154e+02,1.516514934133993791e+02,1.516178917765244591e+02,1.516121916697376832e+02,1.516086382087559912e+02,1.516070225210438025e+02,1.516156195779944937e+02,1.515994196086886063e+02,1.515872880709460446e+02,1.516091618962385610e+02,1.516321744810436201e+02,1.516354440657196392e+02,1.516498390959274047e+02,1.516829758910553494e+02,1.517227483704750739e+02,1.517666832643974146e+02,1.518222641167733116e+02,1.518907021651256741e+02,1.519619482483834645e+02,1.520193288179938804e+02,1.520769303848180130e+02,1.521427644250135813e+02,1.522163699566308424e+02,1.522989281499516778e+02,1.523804844665127689e+02,1.524744273373532337e+02,1.525636997750355590e+02,1.526175955036641767e+02,1.526720609862841513e+02,1.527467177720907330e+02,1.528267980828790655e+02,1.529000869647995273e+02,1.529603889123555973e+02,1.530254223479880125e+02,1.531019391547923760e+02,1.531706776233178289e+02,1.532275336626934177e+02,1.532702186671470201e+02,1.533094934673585783e+02,1.533544388277807116e+02,1.534058001674644061e+02,1.534810300062709132e+02,1.535292560490541973e+02,1.534890190741655829e+02,1.534493285079863938e+02,1.534552913311391649e+02,1.534735324532281311e+02,1.534746294726250539e+02,1.534546838794502435e+02,1.534282677140608939e+02,1.534174178030708902e+02,1.534110356162387347e+02,1.533877032549894182e+02,1.533676417064035036e+02,1.533497590537622273e+02,1.533200287747511936e+02,1.532912741670913022e+02,1.532549895437698524e+02,1.532092765099856138e+02,1.531714275281211428e+02,1.531414092222931060e+02,1.531021427281433489e+02,1.530606012833997625e+02,1.530323591606240257e+02,1.530070474058906029e+02,1.529796252101284892e+02,1.529640067678838022e+02,1.529617656958148189e+02,1.529664844764854479e+02,1.529717744374572135e+02,1.529626613757646112e+02,1.529537116825455882e+02,1.529613744937848878e+02,1.529883516633636873e+02,1.530381214792311653e+02,1.531121853603585237e+02,1.531765529486314676e+02,1.531660794171661735e+02,1.531380916872187186e+02
1.502546619810428865e+02,1.502196244143005401e+02,1.502087668688734539e+02,1.502189935108471559e+02,1.502379739064243722e+02,1.502717240871076001e+02,1.503148721900393525e+02,1.503613612899075065e+02,1.504097745808645641e+02,1.504641192181670135e+02,1.505235158369973760e+02,1.505858928992859376e+02,1.506428961409977205e+02,1.507078569236211365e+02,1.507935354874306881e+02,1.508965297235480421e+02,1.509943951575278902e+02,1.510439247723850258e+02,1.510908573129601393e+02,1.511652365316435294e+02,1.512559553102583436e+02,1.513393407069256682e+02,1.514066533458417894e+02,1.514758850028586608e+02,1.515476218461621158e+02,1.516205569613235298e+02,1.516995880239985866e+02,1.517593004244055237e+02,1.517986461799384301e+02,1.518339344117861742e+02,1.518831633893819628e+02,1.519502466984179136e+02,1.520205185164136878e+02,1.520658068208028908e+02,1.520580185259679524e+02,1.520426485538625343e+02,1.520463029753624369e+02,1.520623645354699534e+02,1.520695562847143663e+02,1.520621081845426659e+02,1.520613486536047958e+02,1.520806105558644390e+02,1.520934844837215110e+02,1.520605166474343264e+02,1.519985605144252361e+02,1.519471790481820221e+02,1.519149802240373788e+02,1.518935787989780408e+02,1.518740517545321609e+02,1.518465711251319874e+02,1.518040872773320871e+02,1.517574445915986985e+02,1.517221706286522078e+02,1.517028024013760614e+02,1.516908695128940110e+02,1.516700055597924859e+02,1.516355125542150120e+02,1.516118490748992542e+02,1.516049101206392606e+02,1.515975115194540876e+02,1.516007338779338625e+02,1.516143037799403146e+02,1.515898166676706182e+02,1.515742787997693881e+02,1.515938903161207350e+02,1.516053461652909391e+02,1.516089043154353249e+02,1.516375891640857390e+02,1.516930405133878423e+02,1.517476919233606338e+02,1.517779501423337365e+02,1.518148318060560200e+02,1.518818510742311787e+02,1.519594584562831869e+02,1.520280712845143114e+02,1.520955367527467956e+02,1.521539138799151942e+02,1.522208275601014691e+02,1.523013465137394746e+02,1.523795849510004246e+02,1.524679010880379053e+02,1.525560072859652792e+02,1.526235702004495920e+02,1.526896427012549680e+02,1.527616272528887578e+02,1.528400574283926971e+02,1.529225856043803446e+02,1.529957012787642157e+02,1.530661922821370808e+02,1.531477609268949891e+02,1.532226335342699315e+02,1.532765614778432450e+02,1.533140646514797822e+02,1.533514540096936116e+02,1.533920853954234076e+02,1.534474060949540899e+02,1.535255535025378890e+02,1.535693951718722019e+02,1.535428005426333016e+02,1.535205706924197102e+02,1.535267777018319748e+02,1.535387988701533004e+02,1.535341271536921113e+02,1.535146469881642588e+02,1.534936653258819206e+02,1.534818065490908907e+02,1.534716511984838121e+02,1.534532316728157753e+02,1.534281591253834165e+02,1.533970777512612074e+02,1.533654804046360312e+02,1.533349365984893780e+02,1.532989172613013693e+02,1.532547246038916740e+02,1.532163203711815811e+02,1.531864619454505885e+02,1.531534172344911440e+02,1.531219856376277448e+02,1.531000460347470948e+02,1.530783085609019736e+02,1.530510453883309765e+02,1.530308647597487948e+02,1.530197080046993392e+02,1.530141557477780339e+02,1.530117406576031271e+02,1.530060114566198592e+02,1.530043288136186561e+02,1.530150809323741328e+02,1.530415783397830864e+02,1.530853688590160004e+02,1.531449037331915406e+02,1.532020591419897642e+02,1.532079222674829566e+02,1.531955604767509271e+02
1.502324242976567348e+02,1.502079022838453284e+02,1.501990699058609380e+02,1.502106348295505711e+02,1.502356614655474800e+02,1.502692909934322643e+02,1.503061784208672975e+02,1.503438967492138545e+02,1.503867777670829469e+02,1.504394802395802913e+02,1.505046332779958789e+02,1.505771375718107379e+02,1.506349647243173706e+02,1.506925848940582000e+02,1.507726065497926697e+02,1.508662710758413823e+02,1.509558561279337709e+02,1.510139435741276657e+02,1.510690501723960892e+02,1.511547018817421417e+02,1.512527677711157139e+02,1.513277450876415173e+02,1.513919489920734804e+02,1.514711248457815600e+02,1.515500291361801430e+02,1.516175495768336532e+02,1.516900898860765778e+02,1.517496647676955206e+02,1.517908607069629738e+02,1.518309179222820831e+02,1.518876555161244823e+02,1.519535098575382790e+02,1.520028099883590471e+02,1.520294574759062698e+02,1.520249992836954505e+02,1.520200171557518729e+02,1.520316690890697942e+02,1.520473792419005576e+02,1.520498466617293616e+02,1.520404983470675120e+02,1.520382357663368111e+02,1.520596477915717628e+02,1.520776388657808980e+02,1.520430319573821976e+02,1.519811760681628527e+02,1.519315610588333243e+02,1.519006345564755236e+02,1.518812791103986228e+02,1.518596200499140991e+02,1.518237968471183876e+02,1.517773667995568303e+02,1.517367344012095032e+02,1.517077790468679837e+02,1.516831315506259443e+02,1.516615347855538403e+02,1.516433351745513392e+02,1.516271821519806622e+02,1.516067133566670009e+02,1.515852858989473191e+02,1.515702226113971278e+02,1.515682673463882679e+02,1.515704489907075754e+02,1.515514020634757060e+02,1.515523160013606230e+02,1.515782709105305344e+02,1.515869159861904336e+02,1.515970654175748678e+02,1.516359341818422877e+02,1.517062538847158635e+02,1.517740146716053005e+02,1.517928673174480991e+02,1.518114456850516660e+02,1.518700234431573790e+02,1.519462856615275541e+02,1.520299344132956776e+02,1.521160455537635983e+02,1.521694130404229952e+02,1.522231976449492379e+02,1.522994009831243147e+02,1.523814140061893454e+02,1.524681766678175450e+02,1.525513486024733538e+02,1.526248241002783459e+02,1.527017836810505287e+02,1.527787423665732831e+02,1.528597135777476410e+02,1.529504314979413948e+02,1.530316054655806965e+02,1.530944621676074746e+02,1.531622004849443215e+02,1.532387765849355219e+02,1.533041005781306296e+02,1.533523888989304851e+02,1.533992580769139522e+02,1.534361196285310029e+02,1.534746672913637724e+02,1.535255993604803564e+02,1.535634768249037165e+02,1.535760255143543986e+02,1.535820677255260591e+02,1.535810761056459910e+02,1.535791215403407080e+02,1.535752156772119861e+02,1.535666991519020712e+02,1.535572341854629315e+02,1.535478754267569457e+02,1.535352240741576964e+02,1.535239516285220702e+02,1.534977957202909806e+02,1.534577036308442644e+02,1.534204003752527683e+02,1.533805873535667956e+02,1.533365487179824527e+02,1.532926500095357483e+02,1.532598573172965644e+02,1.532358307153657222e+02,1.532067513611576146e+02,1.531765884226811636e+02,1.531537835776904330e+02,1.531360471979042472e+02,1.531153935778485220e+02,1.530922850361689598e+02,1.530712086507856498e+02,1.530611053705752340e+02,1.530612360109194299e+02,1.530635954974601418e+02,1.530694232817962757e+02,1.530731567425878836e+02,1.530865750144098456e+02,1.531233459621755912e+02,1.531687619534587554e+02,1.532091818454775023e+02,1.532327524908928922e+02,1.532436732996539490e+02
1.502011005971812949e+02,1.501898880319306500e+02,1.501879184394021820e+02,1.502048917205758869e+02,1.502375058927869418e+02,1.502757858887616749e+02,1.503113745496764864e+02,1.503380516131981892e+02,1.503705436649772196e+02,1.504206110950643165e+02,1.504887070255514914e+02,1.505609709155427254e+02,1.506193412417718491e+02,1.506774264930605511e+02,1.507543073005517158e+02,1.508378073115882501e+02,1.509218305634848321e+02,1.509976155087638574e+02,1.510612016520528300e+02,1.511473091294521964e+02,1.512456197916026781e+02,1.513126236910039211e+02,1.513730517356295024e+02,1.514513778657918692e+02,1.515262604261600643e+02,1.515921359236622266e+02,1.516638546544062081e+02,1.517333307273886476e+02,1.517883277934701596e+02,1.518288722189466853e+02,1.518774364942591149e+02,1.519300344932336202e+02,1.519623505927423537e+02,1.519797749271602925e+02,1.519884592039888673e+02,1.520005888740069508e+02,1.520272004475275480e+02,1.520536174917660901e+02,1.520526849814682748e+02,1.520330727047777657e+02,1.520249203875231956e+02,1.520431282588673980e+02,1.520536159329488157e+02,1.520100394536309238e+02,1.519517431635155162e+02,1.519110477356483671e+02,1.518862885577293582e+02,1.518692281119338077e+02,1.518434835702014425e+02,1.518046944820704880e+02,1.517567325784350487e+02,1.517182311262242251e+02,1.516903880165736496e+02,1.516600947706694456e+02,1.516351992477964927e+02,1.516212518958655266e+02,1.516102474965297802e+02,1.515798597077558156e+02,1.515473374806008451e+02,1.515376212641711504e+02,1.515410279100859441e+02,1.515306800556983831e+02,1.515117883596332149e+02,1.515191946176574902e+02,1.515515655699880426e+02,1.515796225004735618e+02,1.516036703437320057e+02,1.516324802242368150e+02,1.516805541395631849e+02,1.517361859672148512e+02,1.517679178082566978e+02,1.518044776996682685e+02,1.518696034726703488e+02,1.519417081177496982e+02,1.520138425738622345e+02,1.520968618115989557e+02,1.521639881722269934e+02,1.522256183658615214e+02,1.523062952070592360e+02,1.523983228384271911e+02,1.524844186866679365e+02,1.525622253648014635e+02,1.526347393315729732e+02,1.527133777999645474e+02,1.527953735563024793e+02,1.528791819458121779e+02,1.529740313878878055e+02,1.530622061368806044e+02,1.531220630904882114e+02,1.531810251863054191e+02,1.532566475228618401e+02,1.533296754997195421e+02,1.533854055274149744e+02,1.534332936760558539e+02,1.534641455193279000e+02,1.534904411560121105e+02,1.535273641071141526e+02,1.535710415238657163e+02,1.536110710897677052e+02,1.536310728508896091e+02,1.536318926082304586e+02,1.536256062113961320e+02,1.536186815195140980e+02,1.536142194275007000e+02,1.536131557699309269e+02,1.536072678939293610e+02,1.535917656918453531e+02,1.535765404048124196e+02,1.535446342369017998e+02,1.535047053507188650e+02,1.534725086388625641e+02,1.534319407509718758e+02,1.533832185562398536e+02,1.533410618951855895e+02,1.533097288007027998e+02,1.532827947802036306e+02,1.532512810841510316e+02,1.532194095585685432e+02,1.531965693435546711e+02,1.531845229946601421e+02,1.531708876273283408e+02,1.531454789234483940e+02,1.531222086988117894e+02,1.531230850363141940e+02,1.531322464749056280e+02,1.531314803369416495e+02,1.531324691319146609e+02,1.531270829829074387e+02,1.531313151070185370e+02,1.531674182102783561e+02,1.532127914186738167e+02,1.532441405651514401e+02,1.532697787684489867e+02,1.532880520979589107e+02
1.502117872609563278e+02,1.501984241317936153e+02,1.501906321009772114e+02,1.502026795613152785e+02,1.502344445646676263e+02,1.502760734175157040e+02,1.503148646040150993e+02,1.503415468466440075e+02,1.503734481463731072e+02,1.504207065081529038e+02,1.504863380830701658e+02,1.505543580874356167e+02,1.506102612482955010e+02,1.506708957482078972e+02,1.507494641115229683e+02,1.508329033559460299e+02,1.509161143061324708e+02,1.509993762038108116e+02,1.510648109315862939e+02,1.511426313238197849e+02,1.512370310324940874e+02,1.513048825241600355e+02,1.513644786899204746e+02,1.514348487787760007e+02,1.515006099823810644e+02,1.515664240695068941e+02,1.516394855958578773e+02,1.517139804045906999e+02,1.517777973779031697e+02,1.518192354119719312e+02,1.518589737296978228e+02,1.519008523948920697e+02,1.519294831483013297e+02,1.519483176759144385e+02,1.519667985736250841e+02,1.519965354006283178e+02,1.520373521615688617e+02,1.520623179529943911e+02,1.520524457192691159e+02,1.520251666731732598e+02,1.520142937204294640e+02,1.520268721873603397e+02,1.520235207450073176e+02,1.519733221327666115e+02,1.519209318435202363e+02,1.518865321927162313e+02,1.518655422611481640e+02,1.518485485464666453e+02,1.518145277814668646e+02,1.517728509268835069e+02,1.517324967103049858e+02,1.516981796185280018e+02,1.516671878273457423e+02,1.516394683586906069e+02,1.516177844698567867e+02,1.515998794564963532e+02,1.515825775443897783e+02,1.515498592801187669e+02,1.515191639396665551e+02,1.515165244389717714e+02,1.515220462101905810e+02,1.515030464543446271e+02,1.514860160241256892e+02,1.515008560659937871e+02,1.515412438689371015e+02,1.515804328889942667e+02,1.516039359654095051e+02,1.516169460811813110e+02,1.516449820466833671e+02,1.516899433717567263e+02,1.517416578449777660e+02,1.518077452886863057e+02,1.518888183407539145e+02,1.519594589568976346e+02,1.520086897719434376e+02,1.520744606081103427e+02,1.521545153641870343e+02,1.522295616987016729e+02,1.523124684011108911e+02,1.524075668378530395e+02,1.524942933635085467e+02,1.525724111804229324e+02,1.526498444107614318e+02,1.527283242144421820e+02,1.528097775470425290e+02,1.528963531162050913e+02,1.529944504883737295e+02,1.530856131198328285e+02,1.531459179354641833e+02,1.532081359887719145e+02,1.532872397543882812e+02,1.533603037144515326e+02,1.534130436822599108e+02,1.534527669188959180e+02,1.534815865474831185e+02,1.535102047791003201e+02,1.535500148654610371e+02,1.536002470836590419e+02,1.536474924094770245e+02,1.536740906777043278e+02,1.536894563453533920e+02,1.536893324449133615e+02,1.536772519711063296e+02,1.536622957401392568e+02,1.536518763084063437e+02,1.536385279500852050e+02,1.536150704560549229e+02,1.535938059290324418e+02,1.535690253051320440e+02,1.535388183585664876e+02,1.535110177164249876e+02,1.534746869906424536e+02,1.534301476210471264e+02,1.533945954957222852e+02,1.533618032735699614e+02,1.533243323178951982e+02,1.532903132215859614e+02,1.532593986063745888e+02,1.532356672957631645e+02,1.532233072209877207e+02,1.532120984865313176e+02,1.531913366796089235e+02,1.531803220483894847e+02,1.532019025078924415e+02,1.532159326161647925e+02,1.531903117295123593e+02,1.531699762357752377e+02,1.531666745984660167e+02,1.531770404445756810e+02,1.532125356166515076e+02,1.532584519164882408e+02,1.532933528478154130e+02,1.533225663563626995e+02,1.533433538369399685e+02
1.502335261920154323e+02,1.502181734523985313e+02,1.502031750192367667e+02,1.502067460640259924e+02,1.502318660315647207e+02,1.502668186209299677e+02,1.503023530704165864e+02,1.503380603970274478e+02,1.503825307114250904e+02,1.504305305105566219e+02,1.504892998963356376e+02,1.505523856219261631e+02,1.506074979344097642e+02,1.506701795704077540e+02,1.507461131960603780e+02,1.508261389466270543e+02,1.509046005184965509e+02,1.509857984828699955e+02,1.510579001079972272e+02,1.511368503188789418e+02,1.512301151408429405e+02,1.513026415110614948e+02,1.513619032633108645e+02,1.514248325735268850e+02,1.514876675580952679e+02,1.515500453800974583e+02,1.516157035552037655e+02,1.516838849305990777e+02,1.517484908631246299e+02,1.517976632758337416e+02,1.518398480626315177e+02,1.518797017569358445e+02,1.519108668341636985e+02,1.519323646011840196e+02,1.519570944000571444e+02,1.519963599477790126e+02,1.520320075069010954e+02,1.520359521569580465e+02,1.520180788397403546e+02,1.519987431666815496e+02,1.519967041528400955e+02,1.520075430090399209e+02,1.519909618926077428e+02,1.519405705628969940e+02,1.518989645220149782e+02,1.518692952545861203e+02,1.518466489975555760e+02,1.518302514639880201e+02,1.517959587856096846e+02,1.517513694723125184e+02,1.517173320942693522e+02,1.516899997095278536e+02,1.516550190414301937e+02,1.516239813206027236e+02,1.516023494902776179e+02,1.515824710648058726e+02,1.515595118955284306e+02,1.515312279709497716e+02,1.515076996336214847e+02,1.515002389949710278e+02,1.514927770740587505e+02,1.514738184087553066e+02,1.514714537795108811e+02,1.514984576963552172e+02,1.515398162167263649e+02,1.515668218831610830e+02,1.515793223658833710e+02,1.515945837474909581e+02,1.516291330164677333e+02,1.516781629441074699e+02,1.517373396314239926e+02,1.518103405232962189e+02,1.518921826793864511e+02,1.519601151460448136e+02,1.520065754479638827e+02,1.520651567102777335e+02,1.521440819395253357e+02,1.522250829921817683e+02,1.523076966542913908e+02,1.523982909165300725e+02,1.524869637891180219e+02,1.525716338414113125e+02,1.526592998291310721e+02,1.527401975613975083e+02,1.528217447762169172e+02,1.529145213880114511e+02,1.530134008753865089e+02,1.531001054496777272e+02,1.531586314087978451e+02,1.532239631265554465e+02,1.533034708176313075e+02,1.533728550444376992e+02,1.534268971249832418e+02,1.534687158520144408e+02,1.535035837072817344e+02,1.535408841099612118e+02,1.535861013655525085e+02,1.536330369594535341e+02,1.536700843422432285e+02,1.536978378833968577e+02,1.537241487919764609e+02,1.537335551500738120e+02,1.537352829608715297e+02,1.537246977164706152e+02,1.536987457200146707e+02,1.536725639235442600e+02,1.536460964169418730e+02,1.536216666809953324e+02,1.536012460251493223e+02,1.535757920764809796e+02,1.535474771496343749e+02,1.535127414810584128e+02,1.534725544252355576e+02,1.534439788346394948e+02,1.534155013491747468e+02,1.533749060647796512e+02,1.533381132135679081e+02,1.533044565411255178e+02,1.532768984911159009e+02,1.532598162253948146e+02,1.532457196912051529e+02,1.532325609821031662e+02,1.532382932579597536e+02,1.532703218949627342e+02,1.532813467639087435e+02,1.532381918946005896e+02,1.532041942193482384e+02,1.532054316643738332e+02,1.532248962148260034e+02,1.532599758968567016e+02,1.533013099046187335e+02,1.533416010826345826e+02,1.533793719075532067e+02,1.534066877769569714e+02
1.502190106053447494e+02,1.502185732329506891e+02,1.502136714279412502e+02,1.502176473955761935e+02,1.502377947802298763e+02,1.502652777259525578e+02,1.502972907822750130e+02,1.503362544686341664e+02,1.503869109609515817e+02,1.504357247496544119e+02,1.504846133775042460e+02,1.505412174848689801e+02,1.506012274581145789e+02,1.506693843225154126e+02,1.507406000693757733e+02,1.508101877382538873e+02,1.508797972568507930e+02,1.509583202826717070e+02,1.510411810226855778e+02,1.511243302525362822e+02,1.512097909861582821e+02,1.512875991927393784e+02,1.513574409857495198e+02,1.514230846298246433e+02,1.514822909128162962e+02,1.515321825507010658e+02,1.515849620263956581e+02,1.516498240760965928e+02,1.517179628929130217e+02,1.517741356884181414e+02,1.518188277843650553e+02,1.518618209516477009e+02,1.518990709156383048e+02,1.519184682721110562e+02,1.519409661351248531e+02,1.519754932683466677e+02,1.519957823214807604e+02,1.519916675450473349e+02,1.519788411703514726e+02,1.519696264048995999e+02,1.519797453363841555e+02,1.519970300515438453e+02,1.519739239636442676e+02,1.519216065869897534e+02,1.518890951494893216e+02,1.518658289055560431e+02,1.518375412867516729e+02,1.518169487858747857e+02,1.517847703371933221e+02,1.517394318029593023e+02,1.517059799155763926e+02,1.516819858396665381e+02,1.516441406784607580e+02,1.516095449395153878e+02,1.515919222076462347e+02,1.515708054219144856e+02,1.515393319911764536e+02,1.515162657385399996e+02,1.515045912433787976e+02,1.514928383799322660e+02,1.514748701607195471e+02,1.514606218977130538e+02,1.514670281117502952e+02,1.514930691896869916e+02,1.515279294684409024e+02,1.515471896848524693e+02,1.515551262996313824e+02,1.515774900992905714e+02,1.516212843928755376e+02,1.516750696192527812e+02,1.517334148919084953e+02,1.517972482830244303e+02,1.518695817412978499e+02,1.519379977976325904e+02,1.519974490594970575e+02,1.520613698289740228e+02,1.521395658955797217e+02,1.522244240744770423e+02,1.523076149580742822e+02,1.523958604375046662e+02,1.524848244776803199e+02,1.525701025198576133e+02,1.526593666840869616e+02,1.527458944256360098e+02,1.528357503985415633e+02,1.529338576441683699e+02,1.530255869515418681e+02,1.531036928017484229e+02,1.531650289648333398e+02,1.532337736221361411e+02,1.533113885141976311e+02,1.533804177974316190e+02,1.534385093525029902e+02,1.534882560573934143e+02,1.535321788950190580e+02,1.535759991793281074e+02,1.536243839551148653e+02,1.536677693387758836e+02,1.536934007907907755e+02,1.537112008900024875e+02,1.537294206846932525e+02,1.537420316001405922e+02,1.537669252200080336e+02,1.537802381189305265e+02,1.537495699477695723e+02,1.537164554446053444e+02,1.536955376409724749e+02,1.536688719326035653e+02,1.536405509422596083e+02,1.536120161819229679e+02,1.535830395852715640e+02,1.535483162799342267e+02,1.535121468583796798e+02,1.534864204440022206e+02,1.534615978187482028e+02,1.534280192710664892e+02,1.533906567459324606e+02,1.533523528243673297e+02,1.533204879322886427e+02,1.533015537849495331e+02,1.532866344352977421e+02,1.532752216495626385e+02,1.532829204331603705e+02,1.532994924149026588e+02,1.532988060774559926e+02,1.532719843133930340e+02,1.532495535569946128e+02,1.532514235580768514e+02,1.532757568027559500e+02,1.533150153458908562e+02,1.533518682138442841e+02,1.533849632718994371e+02,1.534199009537427401e+02,1.534484046136114728e+02
1.502059948635784963e+02,1.502179967900778479e+02,1.502255418361907289e+02,1.502353911631109611e+02,1.502559825759380203e+02,1.502811001762872252e+02,1.503142801163284901e+02,1.503522976424282547e+02,1.503989353011839967e+02,1.504447741980144144e+02,1.504875270934744265e+02,1.505405427822668116e+02,1.506011564951564878e+02,1.506697631066860481e+02,1.507416739266329841e+02,1.508042190570398020e+02,1.508638260078342057e+02,1.509398776309953405e+02,1.510313010751144702e+02,1.511180519428519631e+02,1.511924853713497328e+02,1.512664781730117625e+02,1.513445364243384859e+02,1.514164844313602885e+02,1.514708801881891134e+02,1.515133852836998472e+02,1.515625484706982320e+02,1.516291769171839405e+02,1.516966088321541690e+02,1.517486502041240612e+02,1.517903202277979631e+02,1.518375749857659116e+02,1.518791706643472992e+02,1.518938997251329965e+02,1.519101683154079581e+02,1.519399332591424354e+02,1.519565357214061407e+02,1.519560373336868224e+02,1.519498221800674571e+02,1.519446545864725522e+02,1.519532987335453527e+02,1.519660454537581984e+02,1.519447138558577990e+02,1.518987298316965280e+02,1.518753857136541114e+02,1.518598184610391968e+02,1.518247025372913583e+02,1.517882098245822817e+02,1.517568104537033378e+02,1.517245354286807810e+02,1.516946155192605943e+02,1.516672926199885865e+02,1.516288067353365818e+02,1.515986119557715597e+02,1.515871591341044109e+02,1.515644969769249712e+02,1.515272709366496429e+02,1.515083848704517209e+02,1.515083021653699404e+02,1.514972004646763537e+02,1.514708419118287281e+02,1.514542797141262440e+02,1.514576435476345750e+02,1.514761010449303740e+02,1.515095679037735295e+02,1.515373653808503605e+02,1.515481986411853086e+02,1.515715802065300863e+02,1.516186184521897076e+02,1.516735342989392450e+02,1.517303236621154383e+02,1.517917676457345806e+02,1.518613502444533196e+02,1.519277741879559471e+02,1.519903844280194676e+02,1.520598287832719393e+02,1.521444607480876812e+02,1.522364752939332107e+02,1.523226712940979723e+02,1.524082062770615948e+02,1.524917694060207225e+02,1.525734233589034261e+02,1.526645386914840401e+02,1.527596985986883169e+02,1.528506369048100737e+02,1.529417471972979854e+02,1.530274653437495829e+02,1.531080411084589628e+02,1.531767951864166264e+02,1.532466512761586159e+02,1.533233227903731404e+02,1.533964122570100699e+02,1.534582304546244700e+02,1.535129888426742468e+02,1.535613123008933769e+02,1.536052045674244368e+02,1.536512766777452157e+02,1.536933234577236647e+02,1.537177256839455026e+02,1.537298833066248562e+02,1.537379611794415837e+02,1.537451668032424266e+02,1.537704984219081723e+02,1.537910474694001550e+02,1.537711171023653947e+02,1.537479527905621808e+02,1.537367062565608080e+02,1.537139277831752793e+02,1.536804817335653297e+02,1.536458746773836310e+02,1.536148112307896554e+02,1.535835563579419158e+02,1.535528823162844674e+02,1.535236735127185739e+02,1.534996978422040570e+02,1.534797632224359063e+02,1.534493735472925664e+02,1.534084285657753526e+02,1.533712265330794366e+02,1.533514417535793655e+02,1.533361267412976190e+02,1.533171558551991893e+02,1.533139667577781040e+02,1.533189020723331453e+02,1.533196955159448294e+02,1.533176072219868047e+02,1.533083072951729946e+02,1.533065964866077024e+02,1.533262360115821821e+02,1.533653722487661071e+02,1.534027245847708514e+02,1.534245207370352659e+02,1.534491004657944018e+02,1.534757270928922424e+02
1.502232111040270297e+02,1.502335733164254634e+02,1.502431941489421092e+02,1.502583882483717730e+02,1.502817297024949426e+02,1.503013760980022937e+02,1.503320931408510432e+02,1.503713243944408759e+02,1.504163117044845421e+02,1.504609326998621555e+02,1.504995169359359011e+02,1.505462478429148518e+02,1.506019917446924410e+02,1.506705116094312871e+02,1.507490671710105516e+02,1.508123443636668526e+02,1.508666489192957556e+02,1.509370960380546762e+02,1.510253934387332606e+02,1.511095446413842751e+02,1.511776939662469204e+02,1.512479521159110050e+02,1.513265198972123358e+02,1.513971882813410161e+02,1.514530570996638801e+02,1.515043177488794868e+02,1.515586618150600486e+02,1.516174039030971414e+02,1.516718975157143632e+02,1.517184445673638038e+02,1.517614335776335110e+02,1.518072000501272498e+02,1.518437855986969680e+02,1.518615275224710786e+02,1.518799947374478165e+02,1.519071684946706569e+02,1.519240473331713588e+02,1.519228812901367291e+02,1.519183851865042811e+02,1.519181869688364941e+02,1.519207058196606965e+02,1.519177711138131599e+02,1.518976375154705920e+02,1.518648937148621769e+02,1.518459947203191405e+02,1.518319008749541581e+02,1.518001817685836272e+02,1.517595255777336831e+02,1.517301490808861786e+02,1.517093314478946411e+02,1.516862373878249741e+02,1.516605606228981742e+02,1.516249542327969095e+02,1.515939178983819033e+02,1.515765867802580260e+02,1.515575150795667696e+02,1.515294992925811925e+02,1.515131095795384226e+02,1.515122117521609084e+02,1.514994503874842167e+02,1.514667113627879758e+02,1.514456586990754090e+02,1.514462145683383767e+02,1.514616858964130302e+02,1.514916479447924189e+02,1.515216112896234222e+02,1.515428256026032159e+02,1.515755993002947548e+02,1.516255866462596771e+02,1.516809062052633976e+02,1.517427578630151288e+02,1.518119846505279043e+02,1.518761074480867137e+02,1.519314012841015540e+02,1.519919042918390630e+02,1.520650404764571419e+02,1.521517361215867368e+02,1.522465130499243458e+02,1.523387631636643675e+02,1.524239193862430568e+02,1.525054543706147285e+02,1.525860571412319473e+02,1.526803057012605791e+02,1.527800309591185055e+02,1.528628298992787791e+02,1.529416984427344914e+02,1.530261046738684740e+02,1.531150516306276756e+02,1.531909863376175451e+02,1.532608740264543599e+02,1.533343678013715987e+02,1.534066178207381768e+02,1.534738182268253297e+02,1.535349074423777438e+02,1.535829946752610340e+02,1.536231933971331500e+02,1.536650893864234604e+02,1.537034301246033863e+02,1.537296423652783801e+02,1.537480580792193336e+02,1.537589156172800244e+02,1.537624511008693560e+02,1.537753296174536786e+02,1.537864345335989924e+02,1.537788672248408943e+02,1.537726552967036753e+02,1.537695887467825173e+02,1.537528428870238315e+02,1.537258992708844687e+02,1.536925784175772947e+02,1.536571345535461433e+02,1.536252875888046106e+02,1.535957198560417964e+02,1.535613977878054754e+02,1.535400653101708599e+02,1.535350615325972683e+02,1.535163172080557956e+02,1.534740309871681916e+02,1.534323800347968358e+02,1.534104580447107651e+02,1.533908388419644382e+02,1.533624896611854069e+02,1.533504963165333947e+02,1.533557896674934682e+02,1.533628863322760196e+02,1.533718038547242202e+02,1.533726184046314529e+02,1.533717658931797985e+02,1.533802939852446912e+02,1.534082780536147084e+02,1.534426148856761074e+02,1.534620758876940272e+02,1.534898398024562027e+02,1.535234833781350972e+02
1.502691047543330569e+02,1.502659666696188197e+02,1.502659987701077853e+02,1.502835362616524435e+02,1.503084904112836853e+02,1.503204511361020366e+02,1.503447714475708494e+02,1.503817751646990928e+02,1.504248682374670238e+02,1.504713985951894983e+02,1.505108995066601096e+02,1.505543401823262570e+02,1.506073295661718134e+02,1.506781163368680154e+02,1.507641492814240110e+02,1.508351256270160548e+02,1.508898930022106697e+02,1.509521156976641691e+02,1.510244186884762030e+02,1.510940067847664068e+02,1.511567676993956866e+02,1.512282629826714242e+02,1.513059491620959420e+02,1.513745093223427318e+02,1.514356429066540102e+02,1.514949130326099294e+02,1.515500663924175342e+02,1.515967921826917859e+02,1.516416121736777711e+02,1.516919642735811919e+02,1.517448511279286265e+02,1.517864330584550885e+02,1.518119422906071350e+02,1.518315182544322681e+02,1.518530154900013258e+02,1.518759528676685022e+02,1.518913267457238021e+02,1.518917391346583372e+02,1.518901278166884481e+02,1.518989931896957160e+02,1.519034898261836020e+02,1.518830048137911035e+02,1.518531460255809407e+02,1.518300092934445615e+02,1.518143249615147283e+02,1.517961999786263902e+02,1.517716612413125290e+02,1.517418431145932800e+02,1.517093111254861242e+02,1.516824553764138273e+02,1.516663563443021303e+02,1.516501776941714752e+02,1.516173450719365690e+02,1.515819308444033595e+02,1.515600715733496031e+02,1.515473191564664432e+02,1.515313787577159133e+02,1.515153304309426403e+02,1.515045696403240072e+02,1.514920169127577196e+02,1.514654894818708328e+02,1.514451021285045158e+02,1.514449360303759704e+02,1.514621692818083716e+02,1.514886087307713183e+02,1.515125652015845787e+02,1.515407888510474947e+02,1.515815281872299636e+02,1.516287881093588510e+02,1.516842844235940788e+02,1.517586597249245415e+02,1.518371157770358764e+02,1.518938756614336398e+02,1.519419415489958851e+02,1.520062623878910131e+02,1.520875935389271092e+02,1.521750925219683381e+02,1.522608206172075143e+02,1.523484211613843797e+02,1.524357259942878784e+02,1.525224682033229442e+02,1.526032360930964842e+02,1.526928311487069436e+02,1.527880373588160410e+02,1.528687114525509401e+02,1.529482622104290783e+02,1.530393399367249572e+02,1.531371399118793022e+02,1.532146538389245052e+02,1.532806690141610488e+02,1.533472396477667417e+02,1.534149368566968974e+02,1.534845473463402357e+02,1.535474429824308800e+02,1.535963517613534464e+02,1.536373307130628518e+02,1.536785621225926945e+02,1.537144039189169575e+02,1.537391268628339276e+02,1.537636701070234153e+02,1.537827264520213362e+02,1.537899544158480012e+02,1.537986599959216676e+02,1.538031164587990247e+02,1.537979233541955750e+02,1.537941112240310986e+02,1.537902663101175165e+02,1.537809022331691153e+02,1.537703386006737958e+02,1.537493683681440757e+02,1.537152155288212327e+02,1.536762864346952142e+02,1.536372644681346173e+02,1.536012631365978791e+02,1.535872479150754657e+02,1.535903969219386340e+02,1.535742894855231384e+02,1.535315576497765733e+02,1.534938148252834367e+02,1.534724336180304931e+02,1.534463526235281847e+02,1.534116018854911374e+02,1.533916449169802547e+02,1.533899994714482204e+02,1.534011539937798148e+02,1.534227129400989043e+02,1.534339434104716986e+02,1.534395139481977708e+02,1.534448120956380990e+02,1.534588125924726114e+02,1.534859339634684829e+02,1.535132294051822441e+02,1.535517206037441440e+02,1.535887723129783069e+02
1.503240834290163548e+02,1.503065926218213804e+02,1.502950199375125067e+02,1.503059869337459986e+02,1.503256889630536648e+02,1.503384690059460240e+02,1.503600245707587817e+02,1.503887661294260738e+02,1.504242316530061316e+02,1.504680052748821595e+02,1.505133186601948410e+02,1.505643570343885358e+02,1.506205146335338441e+02,1.506902424409501009e+02,1.507767657599982840e+02,1.508507943672403258e+02,1.509050177031589044e+02,1.509627512054652811e+02,1.510241167094438310e+02,1.510831332886057794e+02,1.511404597600249247e+02,1.512077414704569094e+02,1.512795896533372684e+02,1.513473975421371165e+02,1.514116926900611020e+02,1.514686448358888811e+02,1.515198636345662067e+02,1.515670625370730988e+02,1.516164305740172438e+02,1.516719582370368471e+02,1.517305098638633751e+02,1.517672961024844653e+02,1.517837402720527962e+02,1.518005013822367175e+02,1.518209012333235819e+02,1.518424410843393844e+02,1.518608210303951296e+02,1.518675184539050065e+02,1.518679197708789275e+02,1.518822773604189820e+02,1.518923945130251525e+02,1.518646219687214796e+02,1.518223453796754825e+02,1.517981019965605469e+02,1.517854343938827242e+02,1.517668061480583219e+02,1.517486288197339377e+02,1.517273264337109708e+02,1.516896664135754804e+02,1.516546893700563601e+02,1.516358326644356112e+02,1.516157797883321621e+02,1.515839076215560226e+02,1.515514551381781416e+02,1.515338836812506145e+02,1.515269781238868632e+02,1.515138392674004990e+02,1.514974029471926542e+02,1.514879782498184682e+02,1.514858835623633126e+02,1.514701560497269668e+02,1.514523361816088993e+02,1.514526650291925307e+02,1.514704530149662673e+02,1.514954637745267121e+02,1.515172397338978385e+02,1.515476306209265829e+02,1.515878894974959508e+02,1.516287228236549254e+02,1.516843566283712903e+02,1.517641808596253554e+02,1.518447578770233690e+02,1.519066708201615370e+02,1.519608256467742535e+02,1.520287955651540415e+02,1.521164751600692284e+02,1.522089730041532789e+02,1.522841843361351835e+02,1.523529232783986913e+02,1.524351940411917496e+02,1.525255926085091573e+02,1.526118651044112084e+02,1.527004486989912948e+02,1.527916892223866796e+02,1.528749533117674275e+02,1.529589122237523497e+02,1.530553732263918789e+02,1.531590646895571695e+02,1.532364889402126380e+02,1.532962247958843420e+02,1.533567515786593276e+02,1.534286985822245697e+02,1.535033061316095768e+02,1.535577867281808722e+02,1.536060130192311135e+02,1.536528829552151478e+02,1.536916471894291760e+02,1.537240618586230880e+02,1.537476901788684813e+02,1.537731652251126775e+02,1.537973623888005363e+02,1.538117451563617806e+02,1.538208346242593052e+02,1.538238186367226490e+02,1.538208023180064572e+02,1.538137871225414415e+02,1.538051931921010578e+02,1.538006871534416860e+02,1.537992302611725677e+02,1.537878872536139738e+02,1.537656054582890874e+02,1.537296354722886917e+02,1.536822151817747795e+02,1.536435513129857213e+02,1.536271193262945758e+02,1.536231072335116892e+02,1.536051623004479438e+02,1.535702130513282100e+02,1.535402482948838951e+02,1.535198206111096511e+02,1.534945787993050317e+02,1.534653636130949508e+02,1.534437674141216235e+02,1.534341269803947512e+02,1.534460469196130248e+02,1.534736308736882222e+02,1.534857727868559323e+02,1.534974693715949456e+02,1.535119031938189664e+02,1.535211439182376125e+02,1.535438534635833889e+02,1.535809559410732845e+02,1.536233461709742869e+02,1.536496398292100594e+02
1.503461197639492184e+02,1.503333938876103844e+02,1.503251546943900507e+02,1.503291235350452268e+02,1.503422125892060990e+02,1.503590275631312920e+02,1.503791819425314884e+02,1.504027395331923458e+02,1.504340610245288872e+02,1.504738607487125819e+02,1.505203123453334797e+02,1.505763437423513551e+02,1.506349558044559558e+02,1.506945822326371740e+02,1.507640926514289959e+02,1.508295740975973729e+02,1.508840826348607038e+02,1.509445602425363688e+02,1.510096131615408979e+02,1.510708028821611606e+02,1.511264229571856674e+02,1.511910753552590450e+02,1.512601979340039406e+02,1.513211150377098306e+02,1.513799037210839629e+02,1.514345536616459640e+02,1.514888195946634255e+02,1.515464088660093012e+02,1.516035441691778374e+02,1.516553232204998096e+02,1.517097522690121423e+02,1.517407743492537406e+02,1.517494630871267987e+02,1.517638807130370822e+02,1.517855415515446964e+02,1.518099239060634318e+02,1.518290349707462212e+02,1.518376859454403984e+02,1.518354095684258596e+02,1.518387889142465497e+02,1.518444484725188488e+02,1.518302484555526348e+02,1.517951015310732714e+02,1.517704201380419704e+02,1.517618998100933254e+02,1.517452995434447871e+02,1.517258157608844442e+02,1.517041302624315904e+02,1.516695496635846041e+02,1.516362329026371469e+02,1.516108349452253492e+02,1.515829355071467717e+02,1.515559958664423448e+02,1.515303167363938428e+02,1.515166053616488853e+02,1.515174136214571945e+02,1.515052886265798691e+02,1.514818403488944796e+02,1.514710058857172044e+02,1.514738274023753775e+02,1.514695834172997593e+02,1.514618232497261374e+02,1.514648562416793993e+02,1.514798562113146545e+02,1.515018380071534239e+02,1.515265526532913611e+02,1.515625081541966210e+02,1.516025240341688232e+02,1.516385402141341388e+02,1.516898854651571469e+02,1.517611528488938575e+02,1.518371460320202573e+02,1.519079488844724892e+02,1.519719593588064868e+02,1.520380628277158621e+02,1.521210328301181676e+02,1.522179412573880768e+02,1.522999077876623915e+02,1.523617717263439033e+02,1.524368384074466576e+02,1.525281892760497158e+02,1.526235774469736270e+02,1.527133442332821573e+02,1.527980899151560834e+02,1.528789998143907951e+02,1.529611432420347796e+02,1.530546680066022986e+02,1.531559455710113014e+02,1.532353360481536697e+02,1.532935198582100895e+02,1.533566150798868932e+02,1.534405489116881540e+02,1.535217119104352719e+02,1.535700146107164130e+02,1.536179866936579401e+02,1.536705983189172571e+02,1.537059024258890076e+02,1.537364538230287678e+02,1.537619454247769113e+02,1.537828860346407964e+02,1.538083622793773202e+02,1.538307482907108579e+02,1.538379412170993419e+02,1.538379219964376716e+02,1.538383937305607105e+02,1.538331756230633118e+02,1.538243144760409677e+02,1.538229996462604561e+02,1.538212355743156650e+02,1.538074029317294560e+02,1.537923353113987446e+02,1.537680217675253971e+02,1.537235999436285852e+02,1.536832487365551856e+02,1.536600058635450523e+02,1.536510311803310174e+02,1.536379874398613765e+02,1.536090824000606858e+02,1.535787683932331902e+02,1.535580415151451916e+02,1.535433564999430018e+02,1.535279250947746732e+02,1.535111389207072818e+02,1.535005638101802674e+02,1.535045085747462963e+02,1.535203520471402499e+02,1.535315957279157431e+02,1.535485850188393044e+02,1.535723915869616292e+02,1.535904065153372642e+02,1.536136997845445649e+02,1.536496001041134605e+02,1.536859380172526244e+02,1.537040291893243307e+02
1.503560323643432071e+02,1.503529147302791387e+02,1.503527378303481328e+02,1.503576184008916243e+02,1.503699179840116358e+02,1.503853849232293385e+02,1.504031410825296575e+02,1.504283438551593974e+02,1.504595072962603126e+02,1.504953009430855673e+02,1.505408739501769730e+02,1.506008628136405036e+02,1.506663325157139184e+02,1.507211246825313538e+02,1.507692449342327450e+02,1.508198032592154618e+02,1.508692431094038398e+02,1.509247680834695871e+02,1.509903196078975327e+02,1.510554608898746665e+02,1.511132209758744693e+02,1.511782451431340348e+02,1.512452342221374124e+02,1.512981148952804347e+02,1.513513067794196161e+02,1.514073917984048308e+02,1.514708081981066528e+02,1.515383610779305457e+02,1.515948143335057239e+02,1.516399074512891332e+02,1.516905399518193178e+02,1.517176903461147788e+02,1.517188581696960341e+02,1.517291690052861100e+02,1.517526160720977373e+02,1.517784183961500162e+02,1.517905945926011100e+02,1.517958895808321529e+02,1.517999529223345121e+02,1.517948409795681926e+02,1.517862790218835016e+02,1.517771750112262907e+02,1.517561407814307586e+02,1.517409090312772548e+02,1.517375464795888433e+02,1.517218071940595223e+02,1.516980216733716702e+02,1.516778472920142917e+02,1.516572724541719595e+02,1.516295040933275402e+02,1.515940340917935600e+02,1.515649709253711990e+02,1.515504127991506493e+02,1.515348822556505866e+02,1.515265098311662655e+02,1.515327948632031507e+02,1.515139947618956455e+02,1.514768774039683308e+02,1.514619987261700089e+02,1.514724747170208730e+02,1.514870458243110534e+02,1.514873148314202354e+02,1.514842623516057643e+02,1.514971145765934750e+02,1.515215422809466190e+02,1.515549820658839053e+02,1.516023752525430268e+02,1.516435449144545942e+02,1.516735310044100800e+02,1.517168258072704248e+02,1.517749503453093212e+02,1.518390133667143118e+02,1.519055466461725246e+02,1.519733004133082375e+02,1.520423472479025406e+02,1.521212551618529858e+02,1.522129336377756772e+02,1.523004614362360485e+02,1.523733279331280528e+02,1.524522452166266930e+02,1.525481540646015333e+02,1.526514598754542078e+02,1.527359545238343799e+02,1.528051158250293042e+02,1.528809172509533028e+02,1.529634696706958437e+02,1.530524168203155000e+02,1.531424747951222685e+02,1.532193336214152737e+02,1.532831134942412632e+02,1.533543812705384539e+02,1.534385142193053468e+02,1.535157994722392516e+02,1.535703563308478863e+02,1.536252517183781094e+02,1.536799370600714667e+02,1.537123398917653958e+02,1.537412044592569487e+02,1.537691178872983073e+02,1.537878683730585294e+02,1.538153102695594043e+02,1.538472893665821744e+02,1.538583548753779837e+02,1.538568191782977692e+02,1.538565077130903092e+02,1.538527376645041045e+02,1.538449575355223260e+02,1.538439855776816785e+02,1.538406169983340988e+02,1.538255487776366408e+02,1.538119672080932219e+02,1.537951827072254218e+02,1.537600541420179638e+02,1.537209755687641461e+02,1.536962201172896698e+02,1.536896779245661264e+02,1.536843355253574828e+02,1.536587091467152106e+02,1.536273589485462026e+02,1.536079874273782480e+02,1.535996944596480489e+02,1.535916118729073787e+02,1.535780300379970527e+02,1.535673856312349130e+02,1.535665595684686195e+02,1.535760192621376063e+02,1.535895174689222813e+02,1.536059628260175600e+02,1.536287838871890017e+02,1.536545139369988533e+02,1.536807393520093683e+02,1.537117336144645776e+02,1.537398416966832997e+02,1.537577530209192105e+02
1.503760583618183659e+02,1.503780245778754647e+02,1.503859049547001518e+02,1.504042142522155814e+02,1.504222212362299729e+02,1.504266509340389177e+02,1.504379674022951576e+02,1.504663472172419745e+02,1.504932804924605421e+02,1.505215723630657862e+02,1.505675439389423786e+02,1.506301563855843142e+02,1.506992927214964766e+02,1.507606149440876493e+02,1.508049392557106785e+02,1.508434996604707408e+02,1.508796922979227588e+02,1.509202734808058040e+02,1.509754361451383033e+02,1.510388350026770183e+02,1.511034519797232178e+02,1.511700801052961083e+02,1.512265453698116744e+02,1.512714108914728968e+02,1.513221392326801151e+02,1.513805614820469714e+02,1.514511487263391132e+02,1.515205991017017766e+02,1.515658785631179626e+02,1.516016710936556251e+02,1.516436742468072225e+02,1.516712572918399928e+02,1.516804415592749251e+02,1.516912810443391777e+02,1.517120380906375772e+02,1.517417511245331525e+02,1.517608730815247498e+02,1.517650706443636182e+02,1.517710434627538518e+02,1.517608831975576891e+02,1.517412536401100738e+02,1.517266017927676671e+02,1.517151192928761532e+02,1.517102840162672237e+02,1.517026622483995482e+02,1.516835753328505234e+02,1.516653014700938229e+02,1.516530351443106781e+02,1.516443603472368125e+02,1.516261674747635482e+02,1.515914616983471035e+02,1.515654853330264018e+02,1.515550507806198652e+02,1.515453259370998182e+02,1.515498004437928898e+02,1.515615628281337877e+02,1.515233800801756274e+02,1.514745632430513069e+02,1.514617025557341208e+02,1.514808217086201125e+02,1.515096141952272433e+02,1.515129810558979671e+02,1.515064684280062863e+02,1.515222563445466051e+02,1.515501760425239581e+02,1.515909510815780550e+02,1.516467797082966626e+02,1.516878346318379727e+02,1.517140308041670949e+02,1.517544786460851753e+02,1.518061682258174301e+02,1.518616093559743376e+02,1.519217955420746193e+02,1.519896832097086303e+02,1.520666668744447350e+02,1.521468330194124974e+02,1.522285511737977686e+02,1.523175924076311958e+02,1.524036683686906315e+02,1.524794442119568885e+02,1.525695258040494195e+02,1.526715822986168973e+02,1.527523728144447546e+02,1.528172352606773075e+02,1.528985338864180221e+02,1.529909670971678679e+02,1.530785812948287798e+02,1.531478526979244634e+02,1.532124407335555532e+02,1.532846752733130984e+02,1.533617296026762915e+02,1.534347353722101275e+02,1.535037492168929134e+02,1.535657700490473587e+02,1.536282125481828871e+02,1.536824992276714283e+02,1.537133418790998576e+02,1.537416084238649319e+02,1.537710052879477303e+02,1.537900488027033816e+02,1.538144168840904626e+02,1.538485587988631096e+02,1.538714372178570216e+02,1.538789696626429304e+02,1.538797954424553609e+02,1.538723717348044602e+02,1.538604281571577985e+02,1.538570857292217795e+02,1.538544689601295090e+02,1.538451962532610082e+02,1.538352638065114206e+02,1.538260729685175932e+02,1.538050083916058099e+02,1.537726514582918753e+02,1.537476896044172463e+02,1.537355191377515666e+02,1.537276202614281715e+02,1.537052421570108436e+02,1.536784870122689313e+02,1.536631508545887641e+02,1.536566394349899838e+02,1.536503338771761946e+02,1.536386816478640185e+02,1.536303635313529412e+02,1.536359556518258955e+02,1.536535638058361712e+02,1.536697277544882354e+02,1.536767219097769441e+02,1.536882790587134764e+02,1.537128330067386912e+02,1.537450751747715287e+02,1.537765536412647123e+02,1.537965779682781431e+02,1.538109099736361713e+02
1.504035132412287510e+02,1.504103989468607665e+02,1.504287076446415483e+02,1.504640872125604005e+02,1.504861656885983621e+02,1.504768993195381199e+02,1.504813801044896024e+02,1.505124799593608600e+02,1.505364165919525021e+02,1.505566622683567459e+02,1.505966975573097102e+02,1.506496262421585470e+02,1.507084384378296136e+02,1.507821281743552504e+02,1.508465425560348194e+02,1.508810681685304758e+02,1.509034234077319638e+02,1.509298192444633173e+02,1.509719454837543253e+02,1.510277195182793264e+02,1.510951305181121143e+02,1.511640642501076854e+02,1.512107152238417029e+02,1.512479562170611302e+02,1.512952124183505589e+02,1.513498164332290798e+02,1.514139190032467468e+02,1.514749657440959254e+02,1.515117996141000276e+02,1.515419095333983819e+02,1.515779870577507040e+02,1.516093103487087888e+02,1.516300658311855614e+02,1.516439358412283696e+02,1.516616927346543093e+02,1.516972828589549636e+02,1.517311529171265647e+02,1.517365265821540845e+02,1.517327645898191122e+02,1.517163164669634625e+02,1.516958524573859961e+02,1.516826571767171572e+02,1.516814434853624789e+02,1.516837794253209779e+02,1.516702999976041610e+02,1.516501212494854940e+02,1.516368968340029824e+02,1.516267632953508837e+02,1.516162003713711783e+02,1.516073215092305873e+02,1.515974966995484579e+02,1.515818747167494962e+02,1.515550292791292861e+02,1.515364911348691521e+02,1.515522124809801880e+02,1.515739186317840108e+02,1.515343271332103825e+02,1.514876004909268090e+02,1.514719537596432133e+02,1.514832856335231952e+02,1.515086637343914617e+02,1.515178726094604826e+02,1.515255871272409536e+02,1.515500118260601994e+02,1.515750981512592830e+02,1.516053248593035789e+02,1.516504642874070328e+02,1.516933601699807923e+02,1.517327200478714531e+02,1.517848068695398638e+02,1.518389234691016441e+02,1.518991333097729637e+02,1.519628354497526743e+02,1.520227972264138430e+02,1.520966060634248151e+02,1.521765600226626987e+02,1.522530072909563046e+02,1.523453007443382035e+02,1.524390189723013691e+02,1.525034741151623052e+02,1.525751113047515446e+02,1.526650894215155745e+02,1.527476447713697212e+02,1.528242695360389121e+02,1.529164595459001816e+02,1.530169769153036441e+02,1.531056430559063131e+02,1.531635102139165383e+02,1.532243496037703210e+02,1.533049207820169499e+02,1.533779093625000201e+02,1.534368356176062775e+02,1.534983139839747821e+02,1.535601165841146667e+02,1.536210182538895879e+02,1.536712761008065513e+02,1.537081570744472288e+02,1.537453668496260661e+02,1.537786468164331950e+02,1.537999558719171205e+02,1.538220268911362041e+02,1.538487875314589814e+02,1.538703799815106379e+02,1.538848925070722089e+02,1.538950303809095033e+02,1.538910527347251502e+02,1.538799067964919232e+02,1.538813142320350948e+02,1.538882665774782481e+02,1.538845728765012382e+02,1.538699162998703969e+02,1.538584987084077227e+02,1.538461376096762194e+02,1.538299966618471331e+02,1.538151749863570785e+02,1.537943843114854019e+02,1.537738584614683077e+02,1.537492888577313863e+02,1.537297520538734261e+02,1.537217411619271843e+02,1.537162626161574224e+02,1.537093734572846984e+02,1.537012094371247599e+02,1.537002592408168766e+02,1.537125861708626644e+02,1.537324945557424201e+02,1.537485049620724169e+02,1.537510870420325659e+02,1.537575603068861483e+02,1.537829311963153884e+02,1.538248577098460714e+02,1.538575744653369384e+02,1.538639082270426002e+02,1.538670948606908837e+02
1.504396090196876230e+02,1.504476175273655087e+02,1.504669131383628269e+02,1.505043550677395956e+02,1.505258586558474292e+02,1.505161859008571810e+02,1.505183638923824674e+02,1.505480084880418303e+02,1.505764605819927340e+02,1.505956028404564790e+02,1.506238804245658969e+02,1.506590252814534949e+02,1.507058560789790818e+02,1.507860493998979052e+02,1.508642128054756029e+02,1.508951600579583783e+02,1.509142987708549981e+02,1.509391768552345638e+02,1.509748403510393757e+02,1.510204313083278009e+02,1.510768221529951916e+02,1.511403040769628490e+02,1.511884789512389489e+02,1.512301771681045466e+02,1.512775205663083398e+02,1.513229320819295367e+02,1.513740146520055418e+02,1.514237811695091978e+02,1.514586250625081334e+02,1.514923804808136083e+02,1.515315079224253623e+02,1.515637896012309511e+02,1.515831529392866059e+02,1.515979337778282456e+02,1.516131875634286530e+02,1.516392902904940456e+02,1.516680699600518665e+02,1.516788610144640188e+02,1.516764301354307349e+02,1.516628646839511987e+02,1.516486788277517803e+02,1.516404152967301684e+02,1.516450674980469557e+02,1.516520929931866135e+02,1.516426793592638091e+02,1.516281721740824366e+02,1.516166397059205337e+02,1.516090108097602922e+02,1.515953128614540901e+02,1.515845422077328521e+02,1.515913873962292087e+02,1.515876424695524918e+02,1.515512637205438864e+02,1.515227816858987921e+02,1.515229987474573363e+02,1.515357227893418326e+02,1.515231705621436618e+02,1.515017493585821171e+02,1.514882038769140422e+02,1.514955556413022180e+02,1.515191829364302407e+02,1.515310549841690602e+02,1.515470924856520583e+02,1.515797658602586750e+02,1.516098917604032295e+02,1.516263758842597440e+02,1.516521587736431229e+02,1.516942115672605951e+02,1.517489461921612417e+02,1.518134514357905687e+02,1.518692649574140319e+02,1.519347423013771277e+02,1.520043307331388291e+02,1.520552641025952880e+02,1.521152875283208346e+02,1.521848694200659793e+02,1.522572451709682184e+02,1.523487087343432336e+02,1.524435709791562203e+02,1.525111909544778541e+02,1.525778196827239412e+02,1.526610563521226140e+02,1.527467486112128370e+02,1.528305717570920308e+02,1.529205478360020152e+02,1.530077609556299194e+02,1.530893924557481114e+02,1.531590635664659317e+02,1.532345447794997426e+02,1.533195112776272424e+02,1.533858710119387183e+02,1.534377388687731809e+02,1.534920479232364414e+02,1.535478130085893156e+02,1.536025003844475521e+02,1.536528722358879406e+02,1.537019941604592077e+02,1.537476285843007986e+02,1.537807563321335920e+02,1.538062137273391841e+02,1.538333061146636851e+02,1.538553295025355965e+02,1.538694067414125470e+02,1.538806619610989515e+02,1.538954116678166315e+02,1.539045991725182319e+02,1.539079767026401555e+02,1.539307730085473054e+02,1.539660927878609584e+02,1.539657500406940471e+02,1.539258888842949489e+02,1.538922734444738012e+02,1.538747597678938916e+02,1.538698349562439489e+02,1.538701387410044390e+02,1.538527176371514997e+02,1.538272794288848218e+02,1.538027418240366728e+02,1.537884953184448023e+02,1.537826412006133410e+02,1.537759363675128839e+02,1.537697707416555204e+02,1.537663850700686794e+02,1.537701897131563555e+02,1.537831296416925682e+02,1.537997480483864763e+02,1.538178199036645708e+02,1.538297904686713764e+02,1.538369944229697239e+02,1.538597429087556065e+02,1.539026294537435149e+02,1.539328981921611899e+02,1.539358723297501683e+02,1.539379420680029398e+02
1.504903822639619477e+02,1.504933633022843082e+02,1.505018187643519241e+02,1.505285735934635341e+02,1.505519204111005820e+02,1.505492659644507967e+02,1.505486424622480968e+02,1.505720625616925759e+02,1.506042168239359853e+02,1.506294966474262083e+02,1.506508972175300300e+02,1.506694434888384535e+02,1.507017828564131605e+02,1.507655892135389877e+02,1.508319035559443932e+02,1.508690123277968667e+02,1.509014976317106402e+02,1.509352587216865231e+02,1.509706331710711140e+02,1.510096048965563682e+02,1.510559939920188981e+02,1.511122479311884206e+02,1.511638103531660136e+02,1.512122137483194138e+02,1.512593107363677234e+02,1.512991429898772253e+02,1.513453961584593230e+02,1.513861454311332864e+02,1.514146064356856414e+02,1.514488532594412504e+02,1.514911326094543824e+02,1.515249701955671071e+02,1.515433733551732871e+02,1.515606351838234787e+02,1.515728500749846717e+02,1.515849351035814152e+02,1.515984332003711188e+02,1.516091009000799090e+02,1.516145089731311373e+02,1.516131808031714741e+02,1.516085524735710237e+02,1.516016581323242747e+02,1.516037321473478414e+02,1.516095738702722429e+02,1.516031949422152536e+02,1.515925933129674377e+02,1.515870945836914530e+02,1.515875562764240954e+02,1.515764118044744748e+02,1.515572684679679583e+02,1.515585179249683847e+02,1.515662332862832500e+02,1.515580795426829468e+02,1.515439847100317934e+02,1.515161603799704721e+02,1.515030100646620781e+02,1.515035787661057896e+02,1.514989211225600343e+02,1.514971783137574732e+02,1.515154208043623498e+02,1.515442888436861892e+02,1.515523566289332962e+02,1.515624336356696062e+02,1.516007576075275551e+02,1.516459601072133978e+02,1.516607858033269736e+02,1.516733222651380117e+02,1.517068711147035174e+02,1.517587289527281200e+02,1.518217669542958959e+02,1.518825331619056556e+02,1.519478210927457553e+02,1.520124353600582481e+02,1.520664062592130676e+02,1.521285207094035741e+02,1.521979398452449743e+02,1.522735052189977125e+02,1.523614814440031751e+02,1.524470088664016316e+02,1.525160708988769329e+02,1.525867765497615380e+02,1.526688170567132943e+02,1.527519570085392502e+02,1.528378683161414529e+02,1.529244333566243199e+02,1.529956781630757234e+02,1.530658971333187708e+02,1.531430879551078874e+02,1.532257870707259144e+02,1.533079412074876018e+02,1.533744152253123900e+02,1.534288590908352603e+02,1.534833845727793005e+02,1.535395493057281726e+02,1.535896527123464352e+02,1.536389754135841486e+02,1.536938343838714900e+02,1.537419134556465110e+02,1.537725347400932492e+02,1.537992060242131060e+02,1.538304789572590607e+02,1.538601436457224736e+02,1.538856538403470893e+02,1.538979318189104788e+02,1.539062155580083413e+02,1.539203379645275618e+02,1.539342912581198561e+02,1.539727879367722210e+02,1.540299646424439004e+02,1.540312976115906451e+02,1.539730282214291606e+02,1.539267742865795867e+02,1.539063546138794720e+02,1.538991427283841062e+02,1.539019246958515623e+02,1.538967151438203871e+02,1.538807789781047859e+02,1.538629829785772927e+02,1.538511796047575615e+02,1.538408277819385148e+02,1.538332872957931841e+02,1.538303268847550953e+02,1.538315542880170028e+02,1.538395644433933285e+02,1.538570641386756392e+02,1.538767481843818814e+02,1.538934934991148396e+02,1.539086754702097437e+02,1.539153165634432980e+02,1.539330380425213320e+02,1.539681067093015372e+02,1.539962922892150914e+02,1.540100605345065219e+02,1.540199424119130640e+02
1.505745222886841646e+02,1.505550041944986788e+02,1.505436742263317740e+02,1.505571554039619286e+02,1.505766366467244097e+02,1.505797019714925113e+02,1.505812042772977293e+02,1.505980093877633408e+02,1.506266590292104866e+02,1.506577357299280493e+02,1.506812958746319566e+02,1.506915597125432669e+02,1.507116253631720610e+02,1.507560310163842985e+02,1.508040021932700370e+02,1.508442565311881935e+02,1.508852747796161111e+02,1.509270741101021827e+02,1.509650322905398525e+02,1.509987041791004572e+02,1.510407059733665278e+02,1.510921837466648014e+02,1.511389366013788731e+02,1.511837582021730952e+02,1.512256036269577066e+02,1.512660099388469348e+02,1.513148424973992121e+02,1.513494822239080122e+02,1.513685588241596349e+02,1.513981165612605650e+02,1.514399696922301928e+02,1.514788424485815881e+02,1.515091773994013238e+02,1.515341312397051468e+02,1.515408544915461562e+02,1.515462902001669363e+02,1.515503430388309880e+02,1.515524794285284997e+02,1.515612267781629328e+02,1.515743269102757154e+02,1.515792955080531215e+02,1.515704246495159850e+02,1.515664360554670793e+02,1.515675946972679071e+02,1.515612965381422441e+02,1.515542063480605179e+02,1.515530711340593939e+02,1.515513608972846669e+02,1.515398647422125293e+02,1.515234032589525555e+02,1.515266687698286319e+02,1.515481019682577539e+02,1.515744214859069814e+02,1.515832345989781800e+02,1.515387744352943855e+02,1.515038324911786560e+02,1.515005423620091562e+02,1.514985064141953615e+02,1.515035134745917844e+02,1.515248521704623954e+02,1.515525967626123531e+02,1.515633744965418828e+02,1.515722913967558156e+02,1.516041373526362008e+02,1.516491024535926044e+02,1.516760877503460279e+02,1.516977202223379209e+02,1.517284463796971181e+02,1.517715089815736746e+02,1.518304735939881880e+02,1.519011782695247348e+02,1.519687381297294451e+02,1.520204513570115807e+02,1.520722570251756736e+02,1.521407086987954358e+02,1.522229155191567997e+02,1.523097964981934638e+02,1.523956859872106406e+02,1.524679654670698596e+02,1.525280520959882438e+02,1.525988595832814667e+02,1.526810872023329466e+02,1.527595934869298731e+02,1.528397828909752434e+02,1.529218666157104281e+02,1.529914226456702693e+02,1.530596407328312694e+02,1.531350458720993117e+02,1.532137840728571518e+02,1.532898836059727614e+02,1.533542902557644538e+02,1.534099071558879359e+02,1.534717579787613317e+02,1.535361500555691805e+02,1.535826834794458762e+02,1.536246937223609734e+02,1.536761074313698714e+02,1.537247311837371342e+02,1.537583563076080964e+02,1.537873491162854975e+02,1.538224601418759789e+02,1.538646292353697902e+02,1.539042142441309124e+02,1.539222213238405743e+02,1.539276641483234869e+02,1.539397013418229960e+02,1.539472608747350932e+02,1.539680780415978347e+02,1.540068966790919376e+02,1.540174831500137316e+02,1.539898787582437762e+02,1.539603217552879073e+02,1.539449671653155178e+02,1.539400412997390788e+02,1.539433887254330955e+02,1.539400812745736289e+02,1.539269121778237377e+02,1.539164307068264748e+02,1.539104810205395495e+02,1.539001714984458715e+02,1.538944369818464679e+02,1.538941830827008062e+02,1.538989121915990950e+02,1.539111019666851803e+02,1.539345190680124915e+02,1.539572708395343170e+02,1.539650992630481028e+02,1.539765090529173790e+02,1.539925347077499964e+02,1.540114749279657644e+02,1.540380929174064590e+02,1.540655749970722468e+02,1.540886065436362742e+02,1.541017472948781233e+02
1.506527220633266495e+02,1.506166304889523246e+02,1.505923614957482357e+02,1.505995834190220535e+02,1.506150593414753587e+02,1.506200808508550608e+02,1.506233335171548617e+02,1.506346206409533579e+02,1.506536925103321494e+02,1.506794889747085335e+02,1.507045312223055475e+02,1.507184503603847929e+02,1.507372718207826665e+02,1.507731129120567459e+02,1.508133794023052587e+02,1.508523670133642156e+02,1.508890372995881535e+02,1.509245175900805975e+02,1.509602423828841893e+02,1.509939815966050674e+02,1.510374679102575328e+02,1.510840236091435713e+02,1.511208967437348178e+02,1.511552318659455523e+02,1.511885051523813104e+02,1.512240336435442600e+02,1.512667891428727103e+02,1.512979001772831680e+02,1.513188915787734459e+02,1.513482950392494217e+02,1.513840503581036785e+02,1.514236535642677950e+02,1.514703422512895372e+02,1.515058712916952004e+02,1.515082665215825273e+02,1.515072321096694736e+02,1.515069312242461592e+02,1.515033726231619653e+02,1.515120659351632355e+02,1.515344909645428686e+02,1.515473414030900017e+02,1.515403370067457161e+02,1.515355899365862342e+02,1.515322300107471278e+02,1.515270200402246985e+02,1.515264622285289136e+02,1.515246333813917090e+02,1.515132835212064037e+02,1.515013548988906393e+02,1.514951859289459151e+02,1.515044473871133164e+02,1.515261538311492586e+02,1.515526199363056321e+02,1.515702095210978655e+02,1.515424735398864016e+02,1.515098829613584712e+02,1.515031863481774508e+02,1.515065951667734225e+02,1.515137462320162172e+02,1.515288634246417132e+02,1.515519300587938574e+02,1.515717054067943081e+02,1.515894199784405885e+02,1.516135376920648241e+02,1.516486837787038269e+02,1.516895348331444779e+02,1.517308793172610422e+02,1.517651555514041490e+02,1.518036531809203211e+02,1.518615259806110487e+02,1.519375711145021342e+02,1.520092094382754340e+02,1.520553089011830252e+02,1.521008464635664836e+02,1.521673950677689504e+02,1.522531380786207933e+02,1.523369311385414164e+02,1.524148778371226456e+02,1.524845365958937577e+02,1.525425088522359829e+02,1.526090196187082313e+02,1.526882155495471807e+02,1.527649837130110200e+02,1.528448788560787364e+02,1.529290141363363773e+02,1.529980906667946385e+02,1.530650954168481803e+02,1.531390069044450684e+02,1.532124581942925374e+02,1.532846154019058531e+02,1.533436932577465370e+02,1.533960625148015993e+02,1.534611998760516940e+02,1.535286134897616535e+02,1.535741244595413377e+02,1.536130099338429318e+02,1.536619812299571208e+02,1.537090356478515218e+02,1.537465250751232020e+02,1.537795460055492072e+02,1.538168712045059294e+02,1.538595879671212288e+02,1.538918740797345777e+02,1.539117755617530747e+02,1.539326040975446404e+02,1.539526475168062802e+02,1.539538290526606374e+02,1.539559537960268756e+02,1.539750956852738568e+02,1.539996445011659034e+02,1.540069524799425835e+02,1.539907852505948824e+02,1.539796602256277538e+02,1.539831685630614970e+02,1.539923073291580522e+02,1.539886722724928063e+02,1.539733027053624141e+02,1.539614878636650133e+02,1.539566130223496430e+02,1.539538177185260110e+02,1.539556834902122091e+02,1.539589381465203246e+02,1.539664888387983126e+02,1.539795760628921357e+02,1.540014627759866244e+02,1.540226701772501201e+02,1.540308894415826444e+02,1.540479911825345312e+02,1.540754273076912284e+02,1.540946702573784819e+02,1.541153053626483427e+02,1.541451980781293685e+02,1.541715180451065237e+02,1.541792915380800650e+02
1.506824954704237598e+02,1.506656397907916585e+02,1.506494491319535030e+02,1.506545706634541659e+02,1.506688681717521376e+02,1.506729111754574149e+02,1.506719190707751750e+02,1.506788197739721227e+02,1.506900748521650257e+02,1.507058437359335699e+02,1.507264158170484620e+02,1.507466395207025016e+02,1.507665165107509608e+02,1.507955131140900278e+02,1.508307284938547923e+02,1.508670944474910982e+02,1.508979997333733536e+02,1.509206516329339820e+02,1.509499619046171119e+02,1.509921232155179496e+02,1.510407387057231290e+02,1.510807770799332559e+02,1.511126272395811725e+02,1.511396955045692039e+02,1.511655044620305262e+02,1.511903748413064079e+02,1.512196394475203931e+02,1.512462885140395770e+02,1.512723607228570586e+02,1.513028202935780655e+02,1.513307569398255055e+02,1.513652840072752497e+02,1.514142365393595355e+02,1.514554580472484986e+02,1.514653388712803803e+02,1.514567413685646784e+02,1.514512137492303054e+02,1.514504615529209843e+02,1.514586611281072521e+02,1.514782246579185880e+02,1.514935540442914430e+02,1.514964245753602086e+02,1.514978810696556195e+02,1.514930650319465713e+02,1.514887449927893499e+02,1.514898076592065479e+02,1.514864953039478337e+02,1.514769606175026695e+02,1.514732410243912852e+02,1.514780911017306835e+02,1.514923935143680751e+02,1.515103685179915942e+02,1.515242332423404150e+02,1.515473611486374637e+02,1.515526078302050905e+02,1.515297239896982546e+02,1.515219528393829478e+02,1.515333838410147678e+02,1.515375376641006824e+02,1.515427470899000468e+02,1.515630531922678870e+02,1.515916018491264765e+02,1.516171466209506775e+02,1.516393453610268693e+02,1.516719212571764501e+02,1.517212294963696593e+02,1.517734679320361977e+02,1.518100407493615762e+02,1.518469630226553022e+02,1.519021924634821517e+02,1.519720531146400901e+02,1.520385934775376882e+02,1.520922525299297376e+02,1.521454939381148392e+02,1.522114309671696901e+02,1.522846528607940115e+02,1.523477663368867070e+02,1.524158348096447639e+02,1.524927965664005569e+02,1.525575786386056905e+02,1.526207863616249938e+02,1.526932504794332033e+02,1.527672613959793750e+02,1.528540420296822901e+02,1.529483246869063464e+02,1.530214312878525789e+02,1.530896609156492048e+02,1.531597889684466622e+02,1.532234686097398537e+02,1.532895988923169739e+02,1.533408903569719541e+02,1.533895620658605878e+02,1.534524471151069065e+02,1.535166747746753799e+02,1.535698488564274840e+02,1.536149731213041889e+02,1.536620614279927963e+02,1.537083264536378806e+02,1.537495649245046820e+02,1.537835948338176593e+02,1.538136648107077349e+02,1.538455515995833025e+02,1.538742211353005587e+02,1.539066537943256776e+02,1.539444301542262679e+02,1.539646298456875684e+02,1.539619633603824695e+02,1.539621821070941223e+02,1.539772232351427306e+02,1.540033649791074026e+02,1.540203598653584436e+02,1.540147983571209238e+02,1.540075800561292851e+02,1.540106063450274121e+02,1.540213715160535344e+02,1.540258884764842264e+02,1.540186436426432408e+02,1.540071277663138289e+02,1.540004848692368569e+02,1.540052732068305090e+02,1.540159670946302981e+02,1.540244127365558313e+02,1.540356526490131159e+02,1.540509807730283001e+02,1.540752619206959935e+02,1.540993938402881724e+02,1.541075259884090372e+02,1.541224205176378064e+02,1.541471473124476574e+02,1.541643959241625055e+02,1.541851892356455096e+02,1.542194578038445343e+02,1.542462450830801686e+02,1.542478459867990352e+02
1.507163054052981579e+02,1.507179839597896489e+02,1.507110341711441777e+02,1.507131678128297949e+02,1.507241561401597494e+02,1.507273330112929557e+02,1.507229782644336353e+02,1.507266670986281838e+02,1.507307631405583095e+02,1.507381904586669350e+02,1.507556982017858047e+02,1.507793263530514878e+02,1.507980406655725005e+02,1.508213238806273750e+02,1.508468753723624047e+02,1.508699833998326199e+02,1.508963443054026357e+02,1.509220222484652254e+02,1.509511484951359535e+02,1.509939805243838862e+02,1.510409967020962085e+02,1.510811687608960483e+02,1.511155830967065867e+02,1.511332821904941852e+02,1.511477991125116205e+02,1.511609629847994825e+02,1.511809650231733144e+02,1.512060119131980400e+02,1.512345359079557170e+02,1.512631846495241348e+02,1.512852493528122295e+02,1.513133205260645298e+02,1.513552538053199612e+02,1.513979356587198879e+02,1.514161260592308906e+02,1.514049412788992868e+02,1.513967649102949338e+02,1.513998472719403310e+02,1.514074949355252215e+02,1.514190036992526416e+02,1.514307123201545551e+02,1.514406580124872050e+02,1.514476812504319412e+02,1.514475004643644525e+02,1.514466711839360755e+02,1.514492441967641696e+02,1.514500167795825973e+02,1.514472399008576531e+02,1.514518406354660840e+02,1.514645784792641052e+02,1.514829654387841629e+02,1.515047478039244879e+02,1.515195778207660169e+02,1.515490878664748493e+02,1.515698147645013307e+02,1.515489535116062427e+02,1.515447096934593390e+02,1.515666221347149474e+02,1.515718277221631922e+02,1.515694860607622445e+02,1.515863632839981392e+02,1.516204954275359000e+02,1.516497292484768309e+02,1.516728115038167459e+02,1.517068515128590320e+02,1.517550376877280485e+02,1.518055464987540404e+02,1.518495981873730329e+02,1.518929756232199679e+02,1.519445175428998596e+02,1.520068850895340802e+02,1.520695396988568291e+02,1.521303952989287041e+02,1.521864965141766675e+02,1.522464814261772403e+02,1.523032011265704568e+02,1.523543863493603112e+02,1.524200535386129616e+02,1.524969821790024014e+02,1.525650989167737066e+02,1.526280917067602445e+02,1.526942433769689842e+02,1.527661505020748223e+02,1.528518375175834194e+02,1.529461838948111847e+02,1.530360921524571722e+02,1.531213139950397704e+02,1.531877233111875967e+02,1.532360458860322012e+02,1.532879328632840839e+02,1.533288834926386812e+02,1.533752024739326316e+02,1.534360165450594025e+02,1.534999815039751354e+02,1.535663051891182533e+02,1.536197937714931356e+02,1.536641104149819057e+02,1.537140543944553599e+02,1.537618846109258470e+02,1.537991024948115637e+02,1.538213895595667964e+02,1.538398000789769640e+02,1.538740245428892877e+02,1.539279051887252194e+02,1.539743953974463295e+02,1.539863844099821790e+02,1.539774244870876885e+02,1.539778455152307401e+02,1.539989672187964516e+02,1.540277090404537148e+02,1.540424038532929956e+02,1.540427280259970075e+02,1.540387643068301031e+02,1.540435507863770113e+02,1.540612511276110013e+02,1.540747017114061066e+02,1.540692928991630311e+02,1.540589401180103266e+02,1.540567029328555577e+02,1.540675576436179313e+02,1.540815379820131170e+02,1.540928581858179598e+02,1.541081342568793957e+02,1.541280542883372675e+02,1.541568879645350307e+02,1.541841079193711721e+02,1.541888038044844507e+02,1.541950280124929691e+02,1.542102967843749752e+02,1.542250992020025819e+02,1.542463486396335952e+02,1.542810582732407738e+02,1.543089793206650029e+02,1.543133660902844042e+02
1.507652429621133479e+02,1.507646188387192296e+02,1.507604898052650242e+02,1.507660198348959568e+02,1.507823374921499635e+02,1.507892245247807352e+02,1.507787555201361158e+02,1.507761839748576449e+02,1.507720069987511806e+02,1.507700822432430243e+02,1.507834424694323161e+02,1.508051019000408246e+02,1.508225670037667214e+02,1.508460218241090729e+02,1.508687835807101010e+02,1.508803076980337607e+02,1.509074010447220644e+02,1.509479109834860537e+02,1.509740375972121740e+02,1.509923653944303510e+02,1.510186604518890476e+02,1.510596171413936872e+02,1.510982236261833975e+02,1.511086540736297934e+02,1.511174057416635605e+02,1.511308868339192486e+02,1.511510213917888166e+02,1.511715196752059001e+02,1.511952197961874163e+02,1.512196523131591448e+02,1.512407688115319502e+02,1.512666900645928365e+02,1.512953576319891056e+02,1.513227384071850850e+02,1.513378565990946640e+02,1.513393187804271065e+02,1.513451197059779361e+02,1.513559449993918804e+02,1.513641224608512630e+02,1.513688361647253657e+02,1.513769273436294043e+02,1.513921869340857427e+02,1.514028297242481074e+02,1.514044188319005002e+02,1.514058203271414413e+02,1.514144948332545368e+02,1.514243691434542995e+02,1.514258603880359146e+02,1.514354006202326559e+02,1.514509462747739406e+02,1.514697021394866852e+02,1.514963933776527654e+02,1.515136884604510499e+02,1.515314804262728785e+02,1.515422187446998521e+02,1.515331378178749162e+02,1.515418739409678324e+02,1.515713739710440677e+02,1.515908441818857284e+02,1.515982178585858264e+02,1.516157295401966962e+02,1.516498854789583106e+02,1.516838127409656067e+02,1.517137290355361756e+02,1.517482775433020379e+02,1.517883957936749653e+02,1.518320392129398329e+02,1.518831030181003712e+02,1.519367839843388879e+02,1.519883693188292568e+02,1.520460674477891132e+02,1.521079813813655903e+02,1.521647615078570652e+02,1.522087383444184638e+02,1.522596234253991838e+02,1.523154749192622148e+02,1.523740657953695177e+02,1.524430765382241475e+02,1.525139543318821325e+02,1.525780144373584903e+02,1.526377902818812231e+02,1.526994311146331142e+02,1.527688900745549745e+02,1.528430779841904155e+02,1.529261014128695990e+02,1.530252213288050029e+02,1.531252327698259137e+02,1.531892078979292364e+02,1.532212276597716709e+02,1.532589777589913638e+02,1.533031360780450711e+02,1.533531523866926989e+02,1.534077193231471199e+02,1.534713631407165622e+02,1.535463671989213026e+02,1.536056342296487571e+02,1.536499759323402259e+02,1.537022013864827841e+02,1.537560237240932111e+02,1.538044546109933606e+02,1.538283841631176472e+02,1.538387772386150232e+02,1.538769934416591809e+02,1.539395850559063206e+02,1.539816585466681431e+02,1.539923274459411289e+02,1.539880697646602812e+02,1.539935987969602422e+02,1.540269563368761396e+02,1.540638197467708324e+02,1.540753788377679143e+02,1.540775928706314346e+02,1.540785342447428832e+02,1.540913663221729450e+02,1.541213631003836895e+02,1.541427463587495481e+02,1.541317614369875741e+02,1.541189973753797631e+02,1.541256306498062258e+02,1.541428450233144645e+02,1.541543242935677540e+02,1.541643616695849914e+02,1.541833294444416538e+02,1.542060778910554291e+02,1.542293066194158371e+02,1.542511625416667016e+02,1.542626355211804707e+02,1.542729526798971165e+02,1.542850073007507206e+02,1.542995661750284739e+02,1.543222677585428642e+02,1.543567570280301879e+02,1.543808579013517601e+02,1.543822122298381601e+02
1.508158446535180701e+02,1.508103472526440214e+02,1.508033372478930119e+02,1.508073485588506344e+02,1.508308768235687580e+02,1.508469389830834757e+02,1.508313585112847193e+02,1.508244640142571029e+02,1.508231810357982567e+02,1.508137552478171415e+02,1.508142929791954998e+02,1.508273756698601176e+02,1.508430133560757724e+02,1.508668208224270870e+02,1.508883343759999605e+02,1.508973251885337277e+02,1.509296944581388402e+02,1.509780298938948135e+02,1.509965438227602590e+02,1.509895259925478967e+02,1.509936448213230733e+02,1.510205433297362845e+02,1.510494671388744621e+02,1.510631501555767500e+02,1.510837569006358763e+02,1.511119554853471243e+02,1.511337127775190083e+02,1.511386050130032004e+02,1.511487008004540940e+02,1.511686756987377862e+02,1.511904120770818452e+02,1.512163273060365611e+02,1.512366095321410739e+02,1.512516035176572586e+02,1.512620290442491182e+02,1.512747295459644192e+02,1.512947790164992625e+02,1.513126918826361020e+02,1.513219266961035316e+02,1.513247225219475354e+02,1.513335126544891978e+02,1.513532738148604153e+02,1.513640110301727759e+02,1.513618485569306813e+02,1.513646844950893069e+02,1.513822823542623723e+02,1.514069418997675598e+02,1.514201957259739117e+02,1.514342753734595703e+02,1.514430697938556136e+02,1.514517728597024870e+02,1.514725620514320781e+02,1.514873991934563833e+02,1.514969740904872140e+02,1.515077245643321362e+02,1.515210618469915858e+02,1.515411723422605519e+02,1.515679415794545264e+02,1.515956655069167311e+02,1.516196631558819377e+02,1.516499898050061006e+02,1.516889306358007445e+02,1.517258063456107493e+02,1.517598245373342252e+02,1.517892809119676940e+02,1.518213858968000523e+02,1.518623292575520054e+02,1.519189962365947508e+02,1.519845353135398796e+02,1.520398337023335955e+02,1.520896699500643763e+02,1.521385868505067265e+02,1.521817493592336632e+02,1.522219751550419460e+02,1.522753004611302572e+02,1.523401674312821967e+02,1.524083228568485993e+02,1.524770575635685077e+02,1.525423635200401691e+02,1.526019538251723020e+02,1.526585283218550444e+02,1.527146959673298170e+02,1.527779003219696392e+02,1.528423930622516878e+02,1.529148535437797136e+02,1.530056104387459754e+02,1.530996509787162836e+02,1.531580925916165370e+02,1.531841750535226083e+02,1.532223251389514189e+02,1.532812999577736832e+02,1.533388208823960781e+02,1.533853816386896085e+02,1.534462073531802275e+02,1.535224156274711333e+02,1.535828118526098649e+02,1.536292040682575362e+02,1.536789759369295325e+02,1.537340842136931087e+02,1.537876912803252480e+02,1.538190017288859508e+02,1.538362126020022629e+02,1.538730991647464634e+02,1.539268141835252095e+02,1.539602158493323998e+02,1.539734138177603029e+02,1.539828482502177280e+02,1.540036908248265490e+02,1.540434029890898273e+02,1.540773964282393536e+02,1.540965808149701388e+02,1.541163313389405687e+02,1.541260785015916213e+02,1.541416843291235637e+02,1.541756910789313224e+02,1.541996730078232645e+02,1.541914960159963925e+02,1.541832281926589872e+02,1.541965778591643925e+02,1.542171977197568253e+02,1.542276933966157912e+02,1.542387612983399663e+02,1.542605073782310683e+02,1.542849610563086458e+02,1.543044422195760035e+02,1.543225027550596735e+02,1.543423262027681062e+02,1.543628290484968488e+02,1.543786530824090448e+02,1.543920155859588306e+02,1.544128750835309347e+02,1.544437611495510794e+02,1.544607400419066607e+02,1.544552093529492538e+02
1.508621686504217223e+02,1.508583178869815242e+02,1.508484043488774660e+02,1.508454084878712820e+02,1.508610367742630842e+02,1.508749832048775943e+02,1.508733615900240466e+02,1.508824190116062027e+02,1.508871304012227199e+02,1.508671380430683655e+02,1.508516577435478894e+02,1.508556751876511726e+02,1.508680381062579272e+02,1.508844718745646674e+02,1.508964433670315373e+02,1.509062422136325949e+02,1.509353900532933608e+02,1.509690939978051460e+02,1.509821181853943699e+02,1.509767058452856077e+02,1.509795673599263637e+02,1.509960106760674421e+02,1.510103309868160011e+02,1.510245318521991749e+02,1.510515811638926493e+02,1.510846186154806503e+02,1.511008536129559729e+02,1.510927784347817635e+02,1.510921051904035153e+02,1.511094084169402549e+02,1.511323301823701399e+02,1.511590943453826696e+02,1.511845932441352716e+02,1.512039333969486847e+02,1.512086337539440137e+02,1.512189231506547742e+02,1.512416191737150370e+02,1.512593351015260055e+02,1.512699330244544171e+02,1.512788710076168854e+02,1.512930591920664938e+02,1.513138360709126005e+02,1.513258219876854582e+02,1.513228890119426069e+02,1.513280854945322744e+02,1.513541910519910232e+02,1.513924502501452594e+02,1.514199010576189721e+02,1.514373076472855928e+02,1.514375312100930557e+02,1.514405081786338485e+02,1.514591239997064065e+02,1.514742177291162477e+02,1.514865666119725347e+02,1.515043890043364456e+02,1.515298837217980576e+02,1.515535399532647034e+02,1.515792321279751604e+02,1.516109151803639747e+02,1.516418407961990624e+02,1.516824712897888219e+02,1.517294055756910325e+02,1.517658454437982982e+02,1.517998490172349193e+02,1.518280415497270042e+02,1.518590902976166035e+02,1.518999142492709780e+02,1.519601833617246029e+02,1.520328412262181530e+02,1.520888525644291462e+02,1.521288218948305371e+02,1.521634671441192381e+02,1.522014792460226431e+02,1.522516121954296295e+02,1.523163598074581842e+02,1.523858474328216062e+02,1.524477059359354030e+02,1.525078835876063863e+02,1.525707530396699099e+02,1.526284861590817172e+02,1.526828632519054736e+02,1.527322035276548604e+02,1.527893404894861646e+02,1.528527986341606493e+02,1.529170859153426818e+02,1.529895580263181216e+02,1.530675950147668800e+02,1.531240010763871737e+02,1.531560136836014863e+02,1.531980916147521441e+02,1.532607277762226374e+02,1.533226123669941217e+02,1.533734175856304489e+02,1.534369033192909910e+02,1.535067776662273218e+02,1.535630977126814969e+02,1.536153453038090220e+02,1.536634345089921680e+02,1.537142288194359026e+02,1.537618722757867147e+02,1.537954972537641822e+02,1.538222579742290463e+02,1.538541262269106937e+02,1.538946507322143589e+02,1.539267967956559460e+02,1.539501314901296780e+02,1.539759457046821467e+02,1.540129364720750118e+02,1.540549645197850737e+02,1.540816745467251394e+02,1.541065928890941734e+02,1.541402543741607758e+02,1.541594864229585369e+02,1.541795527019156680e+02,1.542152538399037383e+02,1.542392639489733028e+02,1.542426299230426423e+02,1.542472291989488440e+02,1.542639729828379700e+02,1.542856848110417900e+02,1.543037171822731466e+02,1.543222532721181892e+02,1.543419664341519137e+02,1.543657668239566192e+02,1.543896367834526586e+02,1.544101551796275089e+02,1.544317340387130457e+02,1.544587033404584986e+02,1.544814357417794781e+02,1.544886539542359287e+02,1.544985350240571336e+02,1.545198849610948173e+02,1.545356278179611991e+02,1.545374316021268157e+02
1.509073044019819463e+02,1.509072751010301090e+02,1.508997151370399479e+02,1.508965957552376267e+02,1.509040097853002749e+02,1.509084413088548899e+02,1.509171163251053827e+02,1.509380209199725300e+02,1.509418825628440004e+02,1.509193080434334320e+02,1.508973750024955223e+02,1.508921267014095520e+02,1.508976909492315031e+02,1.509043974886729700e+02,1.509072681425577116e+02,1.509142520033936421e+02,1.509298800351742784e+02,1.509419531014714835e+02,1.509500428274940305e+02,1.509574879781303878e+02,1.509674937269123234e+02,1.509803781397773434e+02,1.509905928742061008e+02,1.510056864323186687e+02,1.510212740418613748e+02,1.510384307320470896e+02,1.510481256244559916e+02,1.510423159735974536e+02,1.510418597794501352e+02,1.510553511086185381e+02,1.510742990812356084e+02,1.510979440938049834e+02,1.511278796757770237e+02,1.511529358324986561e+02,1.511553637767628118e+02,1.511645054579837506e+02,1.511871296697096341e+02,1.512048217889585544e+02,1.512170248274894391e+02,1.512285924979075276e+02,1.512471223859184875e+02,1.512719518716195637e+02,1.512905150261747735e+02,1.512910273737276441e+02,1.513010179765120142e+02,1.513365878832757403e+02,1.513778451073120550e+02,1.514024325318250987e+02,1.514167134157830503e+02,1.514225069268912023e+02,1.514378947110065496e+02,1.514658404325470542e+02,1.514906018231414180e+02,1.515110933198255907e+02,1.515244467871517031e+02,1.515423176017815194e+02,1.515672244996166000e+02,1.516032893713044700e+02,1.516445381828444283e+02,1.516735134216218057e+02,1.517066294328706135e+02,1.517501173892449060e+02,1.517878966748816651e+02,1.518298451371477142e+02,1.518731395515521569e+02,1.519109470981451864e+02,1.519459529490726766e+02,1.519992481297026643e+02,1.520684224865888154e+02,1.521223816627939982e+02,1.521563002530036215e+02,1.521890086495313312e+02,1.522326099685070062e+02,1.522899535058525373e+02,1.523596468540287958e+02,1.524259483663403216e+02,1.524762402618066517e+02,1.525329773840425958e+02,1.525964175795852498e+02,1.526465939288931963e+02,1.526939226526039022e+02,1.527432295746844488e+02,1.528023269997743512e+02,1.528671570793485159e+02,1.529254663389466486e+02,1.529828385712108627e+02,1.530437680465532253e+02,1.530983004964298573e+02,1.531413884338564628e+02,1.531909031689463632e+02,1.532511418641939827e+02,1.533089329486235499e+02,1.533681396177604483e+02,1.534355648759821520e+02,1.534923465874889530e+02,1.535423468877839923e+02,1.535981463525805282e+02,1.536435795667404136e+02,1.536886367811319474e+02,1.537329820298289746e+02,1.537669679546721682e+02,1.537962168554306004e+02,1.538297594677721349e+02,1.538716272099327398e+02,1.539101999131952425e+02,1.539445384308523046e+02,1.539806517533941701e+02,1.540187763473038558e+02,1.540541216461357124e+02,1.540816431608163271e+02,1.541137972445346804e+02,1.541495122692634538e+02,1.541740488134348084e+02,1.542037532153073300e+02,1.542441346919641205e+02,1.542709198118342044e+02,1.542873733796447198e+02,1.543063772692317457e+02,1.543272400141750609e+02,1.543506281779805818e+02,1.543776861539646461e+02,1.544058474426414591e+02,1.544243589079783590e+02,1.544474116757157560e+02,1.544793659224374096e+02,1.545032389503907666e+02,1.545203365549409114e+02,1.545458490365704733e+02,1.545731108635260966e+02,1.545779152297750443e+02,1.545812673445211658e+02,1.545969067798155265e+02,1.546148940829696130e+02,1.546267418189535761e+02
1.509563385578555597e+02,1.509614933045838256e+02,1.509601910121203332e+02,1.509602862427742025e+02,1.509661155650809405e+02,1.509636134460531025e+02,1.509611579367197010e+02,1.509713530705212747e+02,1.509762200672707593e+02,1.509632794138040879e+02,1.509417465812766750e+02,1.509276873997787902e+02,1.509244814708537206e+02,1.509246091818968694e+02,1.509234858268976609e+02,1.509245127523423662e+02,1.509268936905571650e+02,1.509288096841141282e+02,1.509375012633829272e+02,1.509518436417698126e+02,1.509583170008091884e+02,1.509622839666414791e+02,1.509714812626705225e+02,1.509859651325043615e+02,1.509889654016799341e+02,1.509929280324645333e+02,1.510008936370384731e+02,1.509995682302574949e+02,1.509994060057854881e+02,1.510086669854577508e+02,1.510219675732368501e+02,1.510369718119727906e+02,1.510586298502545048e+02,1.510808825009500538e+02,1.510905741975130638e+02,1.511106864726731942e+02,1.511406883135285284e+02,1.511627618617770281e+02,1.511716454853017808e+02,1.511749872235010912e+02,1.511938051907652607e+02,1.512307217846948220e+02,1.512605750305149854e+02,1.512644112757560606e+02,1.512747526164577891e+02,1.513104769837643744e+02,1.513467775035456953e+02,1.513695432919972745e+02,1.513860665782072772e+02,1.514032379036650582e+02,1.514306664288866386e+02,1.514676815903669649e+02,1.515087411982787842e+02,1.515446700781876359e+02,1.515584802885308591e+02,1.515665178379856854e+02,1.515887437296013900e+02,1.516312192639184957e+02,1.516785703250083657e+02,1.517060934379680361e+02,1.517331020835731010e+02,1.517737824680586129e+02,1.518143127123254317e+02,1.518654511541057559e+02,1.519247669321379135e+02,1.519650375071829558e+02,1.519925451790032866e+02,1.520369188378673471e+02,1.520979615097009514e+02,1.521494910374208303e+02,1.521851653178717640e+02,1.522233654558655758e+02,1.522690202429711235e+02,1.523194999464230364e+02,1.523781294792829613e+02,1.524373192813367837e+02,1.524909318524433957e+02,1.525528157609621189e+02,1.526111502254989887e+02,1.526533230731147341e+02,1.526983403992505828e+02,1.527537213030380485e+02,1.528136763171204962e+02,1.528727758147297493e+02,1.529280458507024605e+02,1.529810642522940611e+02,1.530336055678868661e+02,1.530862643026442811e+02,1.531342877430316207e+02,1.531917271962011000e+02,1.532517593654198720e+02,1.532985493325881237e+02,1.533555722884098031e+02,1.534206854218971898e+02,1.534675391418010122e+02,1.535152937355790641e+02,1.535754505843592597e+02,1.536237625112145793e+02,1.536641098123421330e+02,1.537050314380920213e+02,1.537454369266643255e+02,1.537781608576357826e+02,1.538139821731100199e+02,1.538622814139234833e+02,1.539065228321913423e+02,1.539442664217392860e+02,1.539849044589149116e+02,1.540217440034942911e+02,1.540529585265241224e+02,1.540865457041362561e+02,1.541273454314901983e+02,1.541650302936505170e+02,1.541946899531524195e+02,1.542322323066275374e+02,1.542770327841582230e+02,1.543063834718507508e+02,1.543279194406636066e+02,1.543547555155493569e+02,1.543841057589309003e+02,1.544140788739834704e+02,1.544429538900893135e+02,1.544738882016708601e+02,1.544984536884248030e+02,1.545238654625940740e+02,1.545576745512164223e+02,1.545797205683508082e+02,1.545951998602453443e+02,1.546207850696095534e+02,1.546476959764722210e+02,1.546544296933624594e+02,1.546589316885711014e+02,1.546713936106961569e+02,1.546900657009011866e+02,1.547086159506461911e+02
1.510128289959220638e+02,1.510180297827785409e+02,1.510222328112064645e+02,1.510249877422708096e+02,1.510268689985660444e+02,1.510189432589086778e+02,1.510011100997491553e+02,1.509947089491458598e+02,1.509984004544960499e+02,1.509930023290894496e+02,1.509765541497964421e+02,1.509612761769867575e+02,1.509507515728596161e+02,1.509436847978091976e+02,1.509387564713039183e+02,1.509365713182069726e+02,1.509332737401898044e+02,1.509330113865158296e+02,1.509454053589721525e+02,1.509620526604403778e+02,1.509584129473621488e+02,1.509503951897798970e+02,1.509478458929827411e+02,1.509470919123080535e+02,1.509448901568068209e+02,1.509483061405574631e+02,1.509567047915093951e+02,1.509590686034242140e+02,1.509576452879072690e+02,1.509614500706467197e+02,1.509682458408109937e+02,1.509759322713857159e+02,1.509914756220724144e+02,1.510112085951320182e+02,1.510272159639330880e+02,1.510524972991647701e+02,1.510832909186486290e+02,1.511087610491093187e+02,1.511202892596511447e+02,1.511219493722775837e+02,1.511414915104081160e+02,1.511848219968601654e+02,1.512234166291333395e+02,1.512409889600980932e+02,1.512494160693403273e+02,1.512745303766481868e+02,1.513120424906430230e+02,1.513417177237237183e+02,1.513607323425114828e+02,1.513827137359486414e+02,1.514184958201841482e+02,1.514639480308363204e+02,1.515077668348955058e+02,1.515468706270729626e+02,1.515744397559818424e+02,1.515916693800620010e+02,1.516147717590221191e+02,1.516543166755702430e+02,1.517006975464827292e+02,1.517330980579581308e+02,1.517653714526319959e+02,1.518085798308287622e+02,1.518523431627183413e+02,1.519049926158605217e+02,1.519650737266649401e+02,1.520056183886860595e+02,1.520355547535191931e+02,1.520794636270360343e+02,1.521393783982901198e+02,1.521916908956259249e+02,1.522253090710528340e+02,1.522629627385223898e+02,1.523072988178492437e+02,1.523491006244090045e+02,1.523954268625556949e+02,1.524485273942171375e+02,1.525050435680753935e+02,1.525662633622645217e+02,1.526204990001389774e+02,1.526622797519339372e+02,1.527084688729559616e+02,1.527660431838249906e+02,1.528213694832570013e+02,1.528703442994657848e+02,1.529196454802451512e+02,1.529692896270829863e+02,1.530195971362475973e+02,1.530743420882732266e+02,1.531272846696123224e+02,1.531862096863544025e+02,1.532409264251793672e+02,1.532816228932745162e+02,1.533314119430115170e+02,1.533868575310319500e+02,1.534343635667348735e+02,1.534896365103610378e+02,1.535562076247534833e+02,1.536074080962994799e+02,1.536451685331858528e+02,1.536851303217144959e+02,1.537335372916090819e+02,1.537700359606687641e+02,1.537993889147693949e+02,1.538439008312624878e+02,1.538939676223627657e+02,1.539408412855528923e+02,1.539866130314225074e+02,1.540245288461413793e+02,1.540580117510588707e+02,1.540974372031244002e+02,1.541439806129728254e+02,1.541877905155190547e+02,1.542262260590431424e+02,1.542656393049567214e+02,1.543080969001869107e+02,1.543431324844635526e+02,1.543748369400065599e+02,1.544054682476030962e+02,1.544379020600471222e+02,1.544742133441702947e+02,1.545073475643995380e+02,1.545410294078698712e+02,1.545698161562571329e+02,1.545913297790820877e+02,1.546191324244562679e+02,1.546414962689433708e+02,1.546641745568292095e+02,1.546931951381808403e+02,1.547147409660670405e+02,1.547225224749483630e+02,1.547314739991694523e+02,1.547447423370740580e+02,1.547690332999416682e+02,1.547981741430301383e+02
1.510764172319041450e+02,1.510738641206112902e+02,1.510772851587583716e+02,1.510826605777659779e+02,1.510806895390434477e+02,1.510696655099690702e+02,1.510519413668935442e+02,1.510435385892750446e+02,1.510398255795620912e+02,1.510322301795184785e+02,1.510207125524885328e+02,1.510047914606207655e+02,1.509857964051847148e+02,1.509688428547661943e+02,1.509597411869479799e+02,1.509566581173810391e+02,1.509480924426283366e+02,1.509422280658673685e+02,1.509496925548781689e+02,1.509614565874774144e+02,1.509517704552571900e+02,1.509368028419275447e+02,1.509241424362273847e+02,1.509115219202282105e+02,1.509099713303600652e+02,1.509154380665194708e+02,1.509210428000805564e+02,1.509246591941846702e+02,1.509219674839334289e+02,1.509154690368030458e+02,1.509129921370760599e+02,1.509224807882087021e+02,1.509414268631859670e+02,1.509583197315386087e+02,1.509740836520791447e+02,1.509961541058675039e+02,1.510166982732748977e+02,1.510358250062320167e+02,1.510564442322232708e+02,1.510728403218987523e+02,1.510932861797326723e+02,1.511298155470009021e+02,1.511720489284913924e+02,1.512077632291004079e+02,1.512228587021132284e+02,1.512425497979013471e+02,1.512789990987890860e+02,1.513084492740524922e+02,1.513284107284044353e+02,1.513559325589798732e+02,1.514032983386431681e+02,1.514581290764385244e+02,1.514992174284169550e+02,1.515336798245311911e+02,1.515720618419147456e+02,1.516048786719183283e+02,1.516382123548533514e+02,1.516818243319677322e+02,1.517272354022870218e+02,1.517618166728483970e+02,1.517978655591164170e+02,1.518428642707712584e+02,1.518913580751732297e+02,1.519399675963818481e+02,1.519899260098466698e+02,1.520358022457812979e+02,1.520769539858181361e+02,1.521225068527204201e+02,1.521825149375402475e+02,1.522339813067410432e+02,1.522607372923412186e+02,1.522943393881155316e+02,1.523411946494112499e+02,1.523873592843972347e+02,1.524347237804764745e+02,1.524840267387009476e+02,1.525310452943218138e+02,1.525828171506574904e+02,1.526383169337566414e+02,1.526850203273868942e+02,1.527264458217475180e+02,1.527742108607883154e+02,1.528218088706770459e+02,1.528662139610373458e+02,1.529118045405209898e+02,1.529568304330068145e+02,1.530047700921629996e+02,1.530645175753639080e+02,1.531252804847929951e+02,1.531771995627722731e+02,1.532195836803247744e+02,1.532582544425886226e+02,1.533025460028894145e+02,1.533492156683951180e+02,1.533986112687975947e+02,1.534582268524008555e+02,1.535239053935829361e+02,1.535737609319706110e+02,1.536122371832577471e+02,1.536547766870592113e+02,1.537086111376858071e+02,1.537550023715432417e+02,1.537858740052303119e+02,1.538247964245274488e+02,1.538784356962836455e+02,1.539379730900489278e+02,1.539913972539712859e+02,1.540320922099828920e+02,1.540687416846050724e+02,1.541111811977411605e+02,1.541597173418604712e+02,1.542096675266859620e+02,1.542566422669783890e+02,1.542967070397930911e+02,1.543367163343433504e+02,1.543824530809960436e+02,1.544283513773970640e+02,1.544604267562015707e+02,1.544892241360755065e+02,1.545256929233365781e+02,1.545631972176089732e+02,1.546032750946113197e+02,1.546390045023416064e+02,1.546632707705372241e+02,1.546870440554000083e+02,1.547111319065627129e+02,1.547413500812640734e+02,1.547728855899829910e+02,1.547912728918191760e+02,1.547996547150886499e+02,1.548102906984198057e+02,1.548266422586260660e+02,1.548598942092325217e+02,1.548956158974603454e+02
1.511393961220221058e+02,1.511309870156460420e+02,1.511279151047140772e+02,1.511295757209004478e+02,1.511260527686653461e+02,1.511168625921914668e+02,1.511098538312938047e+02,1.511072776431921625e+02,1.510939385518223048e+02,1.510819778951452577e+02,1.510763155642443962e+02,1.510581594576842690e+02,1.510306016581905055e+02,1.510066560185536275e+02,1.509949712322637652e+02,1.509891033410059435e+02,1.509693285708519284e+02,1.509512738435581980e+02,1.509442930743261400e+02,1.509375568026726455e+02,1.509217297235053366e+02,1.509076196711812941e+02,1.508960358298000983e+02,1.508891324411764572e+02,1.508957153521548662e+02,1.509034639082266835e+02,1.509020553901910375e+02,1.508944449454211281e+02,1.508840876265917927e+02,1.508712630995732127e+02,1.508673435520846056e+02,1.508833615682602272e+02,1.509079294770886577e+02,1.509238287825471616e+02,1.509343127950025973e+02,1.509488144043360762e+02,1.509615198355748760e+02,1.509724649522051436e+02,1.509959901638871997e+02,1.510252182484982200e+02,1.510479257527826462e+02,1.510776079568447585e+02,1.511138233683446117e+02,1.511503248315945029e+02,1.511831719025235543e+02,1.512183868344216933e+02,1.512567324737234458e+02,1.512858320874227331e+02,1.513091298510355500e+02,1.513384271622840345e+02,1.513835492596302288e+02,1.514340740079794898e+02,1.514780402504575818e+02,1.515237741818192774e+02,1.515767456955275065e+02,1.516211441809891198e+02,1.516597477289716380e+02,1.517062197116841276e+02,1.517517743388064275e+02,1.517928238113737223e+02,1.518333206430863243e+02,1.518769102620136096e+02,1.519282077140140927e+02,1.519765698889032421e+02,1.520246827304252406e+02,1.520775988713583615e+02,1.521229314376883224e+02,1.521672189417257357e+02,1.522197515345804391e+02,1.522590464474596388e+02,1.522877048794643144e+02,1.523302088262507255e+02,1.523826851309489712e+02,1.524360247063325176e+02,1.524866051061309236e+02,1.525298761701895671e+02,1.525648647030777170e+02,1.526045601212675251e+02,1.526558463948503572e+02,1.527057899903742282e+02,1.527427120496593886e+02,1.527791230236807110e+02,1.528202153281968663e+02,1.528640620899524265e+02,1.529093777351348820e+02,1.529534070265980290e+02,1.530030017748538000e+02,1.530685701723060390e+02,1.531286004198004207e+02,1.531646323126612685e+02,1.531919683653658240e+02,1.532269892838677379e+02,1.532692944717172168e+02,1.533158162746474318e+02,1.533662928120064635e+02,1.534215486449213302e+02,1.534798385368575850e+02,1.535321324559596405e+02,1.535763639437109305e+02,1.536190007647478524e+02,1.536731843956141574e+02,1.537315898782721320e+02,1.537761460385816576e+02,1.538158366301728393e+02,1.538669162910196064e+02,1.539298759234853833e+02,1.539905748298145340e+02,1.540395146418134118e+02,1.540814450136525693e+02,1.541260170438793011e+02,1.541749161920752442e+02,1.542279641185820083e+02,1.542805672016980054e+02,1.543258753689040645e+02,1.543712569296022252e+02,1.544245256105994599e+02,1.544738194854300559e+02,1.545087124444063420e+02,1.545430011352676729e+02,1.545810148220634801e+02,1.546167241653879501e+02,1.546594171236474722e+02,1.547049109205534876e+02,1.547387407693971682e+02,1.547613351759669058e+02,1.547881545208842624e+02,1.548229728467521795e+02,1.548575060513292101e+02,1.548803467351413303e+02,1.548902923974628720e+02,1.548988197498099169e+02,1.549174479645926112e+02,1.549527737583700855e+02,1.549766918609375352e+02
1.512135638483079845e+02,1.511977275388282180e+02,1.511850297327470116e+02,1.511779451834500492e+02,1.511672222738270648e+02,1.511542896362162764e+02,1.511494556291736444e+02,1.511491011431041898e+02,1.511341278533935792e+02,1.511196375673082457e+02,1.511135300321624868e+02,1.510936017997186696e+02,1.510651372306757594e+02,1.510441230630763130e+02,1.510336013188463653e+02,1.510235505512131908e+02,1.509933302282243517e+02,1.509675787109849239e+02,1.509492112380941649e+02,1.509225683000094591e+02,1.508932779936848192e+02,1.508766772960752007e+02,1.508695874986780154e+02,1.508716890599959868e+02,1.508782741690403952e+02,1.508766234330107636e+02,1.508664216292079061e+02,1.508468845458592114e+02,1.508288578554728758e+02,1.508214507562280460e+02,1.508259530496956984e+02,1.508404589468065922e+02,1.508607825337342376e+02,1.508807725552558736e+02,1.508943305091756599e+02,1.509078799384199385e+02,1.509179026406720823e+02,1.509206290308577536e+02,1.509347661012863000e+02,1.509604741075175411e+02,1.509890322127766353e+02,1.510250049964963353e+02,1.510648643477250914e+02,1.511040332796940504e+02,1.511529792611370624e+02,1.512076112499657370e+02,1.512494074435566347e+02,1.512728048021493237e+02,1.512968842391008479e+02,1.513301236217224925e+02,1.513738103651601250e+02,1.514194974640568319e+02,1.514637921982136959e+02,1.515158317616058810e+02,1.515773467325754780e+02,1.516325016365398142e+02,1.516752902705217139e+02,1.517244897281119620e+02,1.517765251168710847e+02,1.518274248029679825e+02,1.518709963118027417e+02,1.519098771392154106e+02,1.519604354641109296e+02,1.520155230895125555e+02,1.520713693807315394e+02,1.521252167942222400e+02,1.521644833624451962e+02,1.522097715364444639e+02,1.522622708505413414e+02,1.522952656500852981e+02,1.523315955613162203e+02,1.523810073828698819e+02,1.524276067677550941e+02,1.524750307717172291e+02,1.525226762544169219e+02,1.525655771417276583e+02,1.526040124589745233e+02,1.526372889445974010e+02,1.526715812860885251e+02,1.527107619992343359e+02,1.527467359905964486e+02,1.527820511399567351e+02,1.528205387622253966e+02,1.528641192208001200e+02,1.529111917745650260e+02,1.529595080724725449e+02,1.530183256969335162e+02,1.530858018003388565e+02,1.531252300497928900e+02,1.531459733174847884e+02,1.531716027031541500e+02,1.532053525013070612e+02,1.532475354988628737e+02,1.532976919704716465e+02,1.533511541996443839e+02,1.534015183012558623e+02,1.534518632270263367e+02,1.535059074366016034e+02,1.535552597347354151e+02,1.535982608937615055e+02,1.536507125875691315e+02,1.537120440082695723e+02,1.537672826043798011e+02,1.538141639812123458e+02,1.538644250828669442e+02,1.539257498205441834e+02,1.539878270541106531e+02,1.540413336787105436e+02,1.540893925832459104e+02,1.541419642680914137e+02,1.541979862025584112e+02,1.542544832621323962e+02,1.543099679247515610e+02,1.543609382229426785e+02,1.544133050457940044e+02,1.544706793503204381e+02,1.545216323296137375e+02,1.545644746721789033e+02,1.546111200200024314e+02,1.546528526150112270e+02,1.546856771018976815e+02,1.547251021062621135e+02,1.547704687036238056e+02,1.548065847740641630e+02,1.548315523854627145e+02,1.548650631573664214e+02,1.549031821741375268e+02,1.549386445590450307e+02,1.549649973147951982e+02,1.549768439342631723e+02,1.549858969647752360e+02,1.550065092179980866e+02,1.550389688965708501e+02,1.550481870851691610e+02
1.512787009334667232e+02,1.512580183419993318e+02,1.512386472898064369e+02,1.512258191025640599e+02,1.512109326983193114e+02,1.511952647320210303e+02,1.511901631347471948e+02,1.511937548002268272e+02,1.511786408811295246e+02,1.511521777308086314e+02,1.511375989743212926e+02,1.511193798428620596e+02,1.510871813609009564e+02,1.510612458458114133e+02,1.510498223485957396e+02,1.510368734611752757e+02,1.510082803179938082e+02,1.509902049174470449e+02,1.509748220680581881e+02,1.509436524980642957e+02,1.508988017314355261e+02,1.508660871634303930e+02,1.508541680507345291e+02,1.508536473772705335e+02,1.508464448932074333e+02,1.508274842418740604e+02,1.508105038717327488e+02,1.507909210927674621e+02,1.507747260035852150e+02,1.507737021755431215e+02,1.507791107488579314e+02,1.507852667249562728e+02,1.507968996743854575e+02,1.508178617228205667e+02,1.508412405524492215e+02,1.508609560399109739e+02,1.508712931989703065e+02,1.508718765845892165e+02,1.508799114319566570e+02,1.508990854865581923e+02,1.509314161031306014e+02,1.509724984190260386e+02,1.510176206606900564e+02,1.510630428402902794e+02,1.511172397179878715e+02,1.511806395643590122e+02,1.512232146241882447e+02,1.512408303560822560e+02,1.512702190029262113e+02,1.513149036278652773e+02,1.513665946304608951e+02,1.514179077204334760e+02,1.514637790796287788e+02,1.515124378901367095e+02,1.515679263945486355e+02,1.516260182810361812e+02,1.516826182627665958e+02,1.517483770265304202e+02,1.518081211254031189e+02,1.518544755685802272e+02,1.518972838984770988e+02,1.519403703481114007e+02,1.519912793808797460e+02,1.520488224596217606e+02,1.521072225758580316e+02,1.521600142564434464e+02,1.522003114577588008e+02,1.522448399757957986e+02,1.522968763248106256e+02,1.523380737622455001e+02,1.523859217865577875e+02,1.524345168732844513e+02,1.524678427683443829e+02,1.525028641501721722e+02,1.525461683541862499e+02,1.525925730488679051e+02,1.526400699950841613e+02,1.526735416092554374e+02,1.526919284726008073e+02,1.527157410192387488e+02,1.527521558192370037e+02,1.527932479380602899e+02,1.528283939458634961e+02,1.528676355047924176e+02,1.529180048208442031e+02,1.529762230109967618e+02,1.530463080687530351e+02,1.531080969336157125e+02,1.531225011366025228e+02,1.531359916257043494e+02,1.531692431431783348e+02,1.532013417943792319e+02,1.532390968569825986e+02,1.532908790743629766e+02,1.533503752414057999e+02,1.533997159624856579e+02,1.534415242026520048e+02,1.534913515788390441e+02,1.535434402661359172e+02,1.535931216597687126e+02,1.536491387338401182e+02,1.537044887631619190e+02,1.537574986206172412e+02,1.538098092711659888e+02,1.538637153258455896e+02,1.539268855642361302e+02,1.539900973049873869e+02,1.540455686696261637e+02,1.541005651375470222e+02,1.541646329848468895e+02,1.542322978852334927e+02,1.542956851225223431e+02,1.543513540265064421e+02,1.544030167394782609e+02,1.544585424466402515e+02,1.545177809585602517e+02,1.545734754110962399e+02,1.546248910737976985e+02,1.546797488604179875e+02,1.547263268953078068e+02,1.547625660665547116e+02,1.547993754573063825e+02,1.548369025341636132e+02,1.548692860303433463e+02,1.549001315840645248e+02,1.549381193057328971e+02,1.549741199343166329e+02,1.550050468696618111e+02,1.550324313789579946e+02,1.550528360636659500e+02,1.550674309374458630e+02,1.550835189418939990e+02,1.551076823336866255e+02,1.551154852629701111e+02
1.513253051487647554e+02,1.513065731494222632e+02,1.512892048190096261e+02,1.512769964841518799e+02,1.512637164987863798e+02,1.512505072406955264e+02,1.512509490061464703e+02,1.512589279526337123e+02,1.512357105661084518e+02,1.511922270613995352e+02,1.511682112466933177e+02,1.511533074801199064e+02,1.511159763934662692e+02,1.510763398516411939e+02,1.510551296178935274e+02,1.510357545331038125e+02,1.510108646091360356e+02,1.510038590409855885e+02,1.510038806136051335e+02,1.509892351213454731e+02,1.509420071362845874e+02,1.508810734386655668e+02,1.508451110278100202e+02,1.508275757571348663e+02,1.508044125483883704e+02,1.507808927618418409e+02,1.507679873527677614e+02,1.507522094815545302e+02,1.507404559828260062e+02,1.507402392316840860e+02,1.507343559365619399e+02,1.507307905224063802e+02,1.507435183212190850e+02,1.507701561083421211e+02,1.507998455191665244e+02,1.508175422485232957e+02,1.508273443548744126e+02,1.508349444707304201e+02,1.508443186361598976e+02,1.508578046881926298e+02,1.508867733546661611e+02,1.509250822382950901e+02,1.509648418011219064e+02,1.510082532050136592e+02,1.510626434962708231e+02,1.511257332986269262e+02,1.511696058592831946e+02,1.511979440776962065e+02,1.512418393784878390e+02,1.512963507150501812e+02,1.513531379801078742e+02,1.514089964769761423e+02,1.514622336429362974e+02,1.515161096102636407e+02,1.515688493530643655e+02,1.516275271173206818e+02,1.516967327631428191e+02,1.517755665874182682e+02,1.518376541258019756e+02,1.518778414327894950e+02,1.519239664676017867e+02,1.519745597914381392e+02,1.520254695141602213e+02,1.520798450616905484e+02,1.521352094231864385e+02,1.521890652576645948e+02,1.522399057476711732e+02,1.522830121940563401e+02,1.523245950955870001e+02,1.523707206029812653e+02,1.524257615095131939e+02,1.524738753141561745e+02,1.525039605608967008e+02,1.525364806677617082e+02,1.525764917202741913e+02,1.526155165191690912e+02,1.526591455422867512e+02,1.526963149570906637e+02,1.527133627670986016e+02,1.527344236768236669e+02,1.527735050894457629e+02,1.528150156334626217e+02,1.528408114182997792e+02,1.528725923114736247e+02,1.529249759474608936e+02,1.529850761911030759e+02,1.530449446958185717e+02,1.530876373392178493e+02,1.530997009970466252e+02,1.531227245258725134e+02,1.531640717480863998e+02,1.531973688252081729e+02,1.532301943313457855e+02,1.532783967191269880e+02,1.533402041523273169e+02,1.533903564238707418e+02,1.534284349766612650e+02,1.534859437777585640e+02,1.535528359991126877e+02,1.536024794786417544e+02,1.536513035508774294e+02,1.536996790245945590e+02,1.537501329846063811e+02,1.538055356327406571e+02,1.538649233571964601e+02,1.539338249250653803e+02,1.540050736018956741e+02,1.540679310872000940e+02,1.541286019668519884e+02,1.541997259716563917e+02,1.542785362572478789e+02,1.543477627163876491e+02,1.543969567763566033e+02,1.544446800846663450e+02,1.545023700801486655e+02,1.545620343479671419e+02,1.546188657681329914e+02,1.546699991256346038e+02,1.547212152975846777e+02,1.547714989711866451e+02,1.548190921337331361e+02,1.548625650972517747e+02,1.549002091020982164e+02,1.549392210968734389e+02,1.549826410746979946e+02,1.550154355224120764e+02,1.550386472748170661e+02,1.550634436412274795e+02,1.550933139523478985e+02,1.551226846184238752e+02,1.551431463961792758e+02,1.551548255805586507e+02,1.551699344697466358e+02,1.551806019785353215e+02
1.513860134839575551e+02,1.513642678800521821e+02,1.513480647240261305e+02,1.513346913208914657e+02,1.513167194840146976e+02,1.513030071489889394e+02,1.513018615987278963e+02,1.512967056932973264e+02,1.512670091472500644e+02,1.512273452523200490e+02,1.511949143470514230e+02,1.511707114812332975e+02,1.511362458374238145e+02,1.510949464973232921e+02,1.510644769030578232e+02,1.510367616547672185e+02,1.510065024616408778e+02,1.509958809021933632e+02,1.509992540712509310e+02,1.510026530439681096e+02,1.509734317603638374e+02,1.508940027131156967e+02,1.508288791810409748e+02,1.507924385387454436e+02,1.507614994120213510e+02,1.507442124968126507e+02,1.507398354096109756e+02,1.507286938736886270e+02,1.507198154785991164e+02,1.507139086741811411e+02,1.506965314084705767e+02,1.506897012671574885e+02,1.507044842782967748e+02,1.507286053483142041e+02,1.507500640288093336e+02,1.507597534295452419e+02,1.507730335412407214e+02,1.507942348322015391e+02,1.508125631001815918e+02,1.508242527427933624e+02,1.508466971739601377e+02,1.508824728095651722e+02,1.509233470562173807e+02,1.509674342585395550e+02,1.510156088454058363e+02,1.510674734217177786e+02,1.511138742631265188e+02,1.511625827778874509e+02,1.512222146310528501e+02,1.512797970783712458e+02,1.513364119846045810e+02,1.513962145601113320e+02,1.514580732689597085e+02,1.515230107194141738e+02,1.515844644116879181e+02,1.516480928232652161e+02,1.517192916917696266e+02,1.517917023106807619e+02,1.518508022656539538e+02,1.519026915333662373e+02,1.519648725704476533e+02,1.520168395942647521e+02,1.520656479417619948e+02,1.521225059460301168e+02,1.521745729625212107e+02,1.522236676468453993e+02,1.522778827985645194e+02,1.523240402345864197e+02,1.523634823769478430e+02,1.524106302594876183e+02,1.524597547695928768e+02,1.525006842970060461e+02,1.525368763408486359e+02,1.525833068846263814e+02,1.526263068385306951e+02,1.526538875925970444e+02,1.526852598641663121e+02,1.527194807819406606e+02,1.527371818799104801e+02,1.527581371308521625e+02,1.527917702013822918e+02,1.528241881942031455e+02,1.528450450176576965e+02,1.528739129570450359e+02,1.529204223581717201e+02,1.529678240645079086e+02,1.530104800462672188e+02,1.530456920204705966e+02,1.530714486520205639e+02,1.531022885705568797e+02,1.531422813715996654e+02,1.531817288276928934e+02,1.532197861052059125e+02,1.532598625975545019e+02,1.533113250893701434e+02,1.533604542460447533e+02,1.534076392229809471e+02,1.534933031047476391e+02,1.535851262643574557e+02,1.536129793231108351e+02,1.536337120589755045e+02,1.536845138118758882e+02,1.537505744936622705e+02,1.538202927863554805e+02,1.538896377863246983e+02,1.539646228709685261e+02,1.540419416009480642e+02,1.541016133477655785e+02,1.541570135295182524e+02,1.542283785423645668e+02,1.543127557593376764e+02,1.543833301302797736e+02,1.544292439646659147e+02,1.544806467116988529e+02,1.545521348125060115e+02,1.546217963704035014e+02,1.546726358789983351e+02,1.547137051317378109e+02,1.547575896311945485e+02,1.548081300263939681e+02,1.548638251380351107e+02,1.549172897106456048e+02,1.549648071808925920e+02,1.550181273035773870e+02,1.550723326135889408e+02,1.550953505990563315e+02,1.551067154585074945e+02,1.551296074018273998e+02,1.551622549115255651e+02,1.551948332712407250e+02,1.552174039091702298e+02,1.552310199543337035e+02,1.552448442310161170e+02,1.552531776555441070e+02
1.514443396579671344e+02,1.514158921808226523e+02,1.513982889342449312e+02,1.513858849133739000e+02,1.513659691160362115e+02,1.513497990946814866e+02,1.513399097111795868e+02,1.513173302212044860e+02,1.512900207875836145e+02,1.512653472421361585e+02,1.512253233055994599e+02,1.511813181013513088e+02,1.511427570058411050e+02,1.511053950625833409e+02,1.510696388609990493e+02,1.510329755252297730e+02,1.509962956212340828e+02,1.509765957818227662e+02,1.509662767280907758e+02,1.509603993200694561e+02,1.509392346670952918e+02,1.508715326425929675e+02,1.508095556369717372e+02,1.507708083199771352e+02,1.507334539585030768e+02,1.507121869652990540e+02,1.507073786287498933e+02,1.507083018988997765e+02,1.507077249847351368e+02,1.506856204419450762e+02,1.506573831625273954e+02,1.506510295184743313e+02,1.506575224467561895e+02,1.506656766526753586e+02,1.506750192430969832e+02,1.506840814370470980e+02,1.507034589177169721e+02,1.507360467848455414e+02,1.507708327966642230e+02,1.507955146399282853e+02,1.508151369012165333e+02,1.508480167548980546e+02,1.508973629728666879e+02,1.509545517505345629e+02,1.510069503732267435e+02,1.510498493953353716e+02,1.510941239188696557e+02,1.511511978305701120e+02,1.512162365756593942e+02,1.512719494778236253e+02,1.513251400511200586e+02,1.513897146776496356e+02,1.514578081950770638e+02,1.515292911791505333e+02,1.516022920620582397e+02,1.516750128923858938e+02,1.517464481016574496e+02,1.518061647632478639e+02,1.518610461437893377e+02,1.519272124022691628e+02,1.520031929664209542e+02,1.520571349732766180e+02,1.521106248797414651e+02,1.521792635826389528e+02,1.522314632776945018e+02,1.522704954224654443e+02,1.523167734463878844e+02,1.523646392316585718e+02,1.524222755772828179e+02,1.524887380638973582e+02,1.525247590303135325e+02,1.525401438677394594e+02,1.525715312235836336e+02,1.526300077747093269e+02,1.526832288508356896e+02,1.527088621626210170e+02,1.527263414103298373e+02,1.527498999699199089e+02,1.527671373871943956e+02,1.527852747006087952e+02,1.528041401429175608e+02,1.528256622608764701e+02,1.528490511268709611e+02,1.528763387366527979e+02,1.529124760826556439e+02,1.529527977615819907e+02,1.529940666600234920e+02,1.530303238458486703e+02,1.530566060975143614e+02,1.530812955849320076e+02,1.531142988346114180e+02,1.531594628371571503e+02,1.532088162405918865e+02,1.532484075892585338e+02,1.532896957848285808e+02,1.533331719339526558e+02,1.533851598192394476e+02,1.534774007160733618e+02,1.535712759840624813e+02,1.535923197258448738e+02,1.536085888113419458e+02,1.536696289983836436e+02,1.537516041813279912e+02,1.538351011143974745e+02,1.539135344401100269e+02,1.539923154010319877e+02,1.540664490809355698e+02,1.541115753317409940e+02,1.541619967621929845e+02,1.542375677257347775e+02,1.543195803277282891e+02,1.543904329236200113e+02,1.544470514623309896e+02,1.545130581400786696e+02,1.546079882008506559e+02,1.546973503490371229e+02,1.547372594710483895e+02,1.547651703656384825e+02,1.548079258358105221e+02,1.548610238071083813e+02,1.549204022317126714e+02,1.549785743381645204e+02,1.550324148387177274e+02,1.550884764310473543e+02,1.551419886366824699e+02,1.551659668576960485e+02,1.551785378857419460e+02,1.552012749534874843e+02,1.552322324458012588e+02,1.552630635313213929e+02,1.552866786073902574e+02,1.553075721507053686e+02,1.553244873590491295e+02,1.553239853585749870e+02
1.514611752013119599e+02,1.514434481074110863e+02,1.514335203827748444e+02,1.514253699586573134e+02,1.514086502717036069e+02,1.513862233135590714e+02,1.513667078870024056e+02,1.513448065552522621e+02,1.513297820283184763e+02,1.513142022341631332e+02,1.512653769181077621e+02,1.512043240700506033e+02,1.511545882537516547e+02,1.511167606105255174e+02,1.510787153668653673e+02,1.510360939176839565e+02,1.509945799076128594e+02,1.509670568508160784e+02,1.509455574936509947e+02,1.509213126719782565e+02,1.508866592572802006e+02,1.508339465913232971e+02,1.507920890176969522e+02,1.507594119362073002e+02,1.507156591460491768e+02,1.506861728043196820e+02,1.506766702085023155e+02,1.506849145315591727e+02,1.506891626243400992e+02,1.506532005285729952e+02,1.506183636880467418e+02,1.506079517480580989e+02,1.506030427596816708e+02,1.506030640440981756e+02,1.506106063084383209e+02,1.506238971938831241e+02,1.506489457104040639e+02,1.506857724103913938e+02,1.507306544093823391e+02,1.507668052526790916e+02,1.507832670511050424e+02,1.508112847015487432e+02,1.508649439172995130e+02,1.509337359018514917e+02,1.510006120431982595e+02,1.510506913610780657e+02,1.510982525884967913e+02,1.511524530291732731e+02,1.512137811687402973e+02,1.512713099803305568e+02,1.513266138370788099e+02,1.513954787456960673e+02,1.514648049407146573e+02,1.515383431731018504e+02,1.516220165565664217e+02,1.517093375465288432e+02,1.517868643898324308e+02,1.518374007357144819e+02,1.518843126613321601e+02,1.519500415529631141e+02,1.520246334904609569e+02,1.520844961510145481e+02,1.521486668813010397e+02,1.522243726665268753e+02,1.522804303884995534e+02,1.523184251445010204e+02,1.523597132077937317e+02,1.524074412169598816e+02,1.524812073426896291e+02,1.525665410970964899e+02,1.525925523056492068e+02,1.525829001883625438e+02,1.526009462546018653e+02,1.526563731172254847e+02,1.527170511917155409e+02,1.527495933739022007e+02,1.527585052091981765e+02,1.527751583895200440e+02,1.527982733008882974e+02,1.528130195679007954e+02,1.528189935478332018e+02,1.528358915913818237e+02,1.528624750165050159e+02,1.528848683856641912e+02,1.529114220876279546e+02,1.529515992212307651e+02,1.529953929250502256e+02,1.530240851112759799e+02,1.530411330290472733e+02,1.530588634424946406e+02,1.530861507498328251e+02,1.531311703071029342e+02,1.531875367422239549e+02,1.532413625336594691e+02,1.532870284102983192e+02,1.533205535178904029e+02,1.533610913232144810e+02,1.534293525896375172e+02,1.535012054706920708e+02,1.535445696997997231e+02,1.535914658718825194e+02,1.536628671360661542e+02,1.537443847111406114e+02,1.538201875643449057e+02,1.538958981806223392e+02,1.539796495830777872e+02,1.540545471168181848e+02,1.541022446968987083e+02,1.541639935764660549e+02,1.542502541938671925e+02,1.543292591189100449e+02,1.543980975012001977e+02,1.544693872589041916e+02,1.545529708012075503e+02,1.546585275861127684e+02,1.547526968426144549e+02,1.547894520467497443e+02,1.548178342055501560e+02,1.548656810958357255e+02,1.549249701124180660e+02,1.549883690181995348e+02,1.550437525289753466e+02,1.550936926511389515e+02,1.551443513905305451e+02,1.551952627738182855e+02,1.552283029425252892e+02,1.552476419984562881e+02,1.552686199904898103e+02,1.552960957903604822e+02,1.553268713409239581e+02,1.553509813350871980e+02,1.553713444844011065e+02,1.553858881062143382e+02,1.553793456562117967e+02
1.514753306089426417e+02,1.514742320606672479e+02,1.514731580167865275e+02,1.514642092594066582e+02,1.514465512365818824e+02,1.514222498134422779e+02,1.513998206046468056e+02,1.513843193132546219e+02,1.513802194213137113e+02,1.513656036901787161e+02,1.513061709680155786e+02,1.512356817885513465e+02,1.511822138226697234e+02,1.511446893993928029e+02,1.511054209019220025e+02,1.510570873382729928e+02,1.510068793979609723e+02,1.509668450499561629e+02,1.509381518988008395e+02,1.509081363791833610e+02,1.508623321890090665e+02,1.508117940363166838e+02,1.507750633666701106e+02,1.507390006845692767e+02,1.506945789532786648e+02,1.506628551598454067e+02,1.506460328413793377e+02,1.506394217680566214e+02,1.506353873385692737e+02,1.506124720763259290e+02,1.505850828828600925e+02,1.505652917707801350e+02,1.505566497266743227e+02,1.505631643797997299e+02,1.505747445027064373e+02,1.505896318238818594e+02,1.506143706409690139e+02,1.506442549576675560e+02,1.506805585581348623e+02,1.507134808825487653e+02,1.507346162230008133e+02,1.507659231139466556e+02,1.508184379902235435e+02,1.508844744083548903e+02,1.509556217840385557e+02,1.510220009812359194e+02,1.510855152738660649e+02,1.511403809470881470e+02,1.512026750365328667e+02,1.512709154424002236e+02,1.513344814403531018e+02,1.514081026091141098e+02,1.514782579553448159e+02,1.515521638823916533e+02,1.516402912818846005e+02,1.517342224204405738e+02,1.518145599168889817e+02,1.518665637275983045e+02,1.519123555531860461e+02,1.519733031901450602e+02,1.520437351506301979e+02,1.521112368672935986e+02,1.521803556310940166e+02,1.522457318153063568e+02,1.523008674341944300e+02,1.523473772831203519e+02,1.523932390328131135e+02,1.524423409402193101e+02,1.525046352124081750e+02,1.525737224865543169e+02,1.526061410772175577e+02,1.526108584857763049e+02,1.526338807532378041e+02,1.526822763642373957e+02,1.527321712518031518e+02,1.527628778779232448e+02,1.527815178495753798e+02,1.528147803404488627e+02,1.528476065202399923e+02,1.528418106858296994e+02,1.528315877590352159e+02,1.528515623119151030e+02,1.528830243437314493e+02,1.528989838082206916e+02,1.529151412093215470e+02,1.529499716823895596e+02,1.529891057590261880e+02,1.530138278710697932e+02,1.530334580710210730e+02,1.530491982919194811e+02,1.530713411784050777e+02,1.531095873836337091e+02,1.531621330786451836e+02,1.532244805057730161e+02,1.532767662867488241e+02,1.533061491569526993e+02,1.533399341944188450e+02,1.533958395992988812e+02,1.534577989221159271e+02,1.535172267604814920e+02,1.535822598306455120e+02,1.536582802002266703e+02,1.537381200784632824e+02,1.538047126004986183e+02,1.538754010787487232e+02,1.539652642936558493e+02,1.540480647582299696e+02,1.541042766217706230e+02,1.541711837313071101e+02,1.542601368827861279e+02,1.543440416614101878e+02,1.544173020968735557e+02,1.544969811689169319e+02,1.545858145253387761e+02,1.546774067748915229e+02,1.547599325976038358e+02,1.548178403861772097e+02,1.548710384192199285e+02,1.549272663320864467e+02,1.549897613219968662e+02,1.550537262154033442e+02,1.551048966662677628e+02,1.551494830713597821e+02,1.551977175490531522e+02,1.552489950762593480e+02,1.552877516310399528e+02,1.553114920688760208e+02,1.553315423341223607e+02,1.553565682502946572e+02,1.553878985073019408e+02,1.554123260577110273e+02,1.554281769026511029e+02,1.554388934293667717e+02,1.554318047020710765e+02
1.515245029299307191e+02,1.515258648591805581e+02,1.515199926916589845e+02,1.515056170835628677e+02,1.514878440632919876e+02,1.514646262521403912e+02,1.514410736482653022e+02,1.514227793855839650e+02,1.514108038836938590e+02,1.513849468908425990e+02,1.513270062897243520e+02,1.512698202701850221e+02,1.512293555336768804e+02,1.511916880826986471e+02,1.511485208091908135e+02,1.510970280726559736e+02,1.510349456294546826e+02,1.509767080074301475e+02,1.509327585318321781e+02,1.508961775503700551e+02,1.508510659582665880e+02,1.508061097142554274e+02,1.507675619101993334e+02,1.507200216380009010e+02,1.506725597549011582e+02,1.506394858966478409e+02,1.506155542989581591e+02,1.505951346414927343e+02,1.505962714864828911e+02,1.506018054853108197e+02,1.505690552308519727e+02,1.505293534531737976e+02,1.505206575714059909e+02,1.505330942974729282e+02,1.505464919906356158e+02,1.505590521256376633e+02,1.505770534007030790e+02,1.505990813266459725e+02,1.506253909036489631e+02,1.506560410333905224e+02,1.506910231618452372e+02,1.507312797974240368e+02,1.507792027523355500e+02,1.508356805874159363e+02,1.509028923120787624e+02,1.509776416518029123e+02,1.510529631099961989e+02,1.511179670547351463e+02,1.511910975287003680e+02,1.512690564290703605e+02,1.513345085441006859e+02,1.514073282135602767e+02,1.514840073517222550e+02,1.515623410235533299e+02,1.516421151255639188e+02,1.517258806275302163e+02,1.518110844846971759e+02,1.518823484507296939e+02,1.519362246932547293e+02,1.519937030037494878e+02,1.520632979947461081e+02,1.521385032183674753e+02,1.522126120272575918e+02,1.522704138458123850e+02,1.523208278174756174e+02,1.523700183333833422e+02,1.524206555606061215e+02,1.524718730432715574e+02,1.525192761921834403e+02,1.525642530076733010e+02,1.526021463193586669e+02,1.526327832288978072e+02,1.526695201432553404e+02,1.527086118313135898e+02,1.527388743179650419e+02,1.527690849150470171e+02,1.528057637984947519e+02,1.528538790533269776e+02,1.528891215220886011e+02,1.528659228760546398e+02,1.528457188814069241e+02,1.528658024184011879e+02,1.528961731664075785e+02,1.529089685858557459e+02,1.529197006597071891e+02,1.529463122618734019e+02,1.529783304436179492e+02,1.530080571115427688e+02,1.530366327292899200e+02,1.530569957093256335e+02,1.530826340196175863e+02,1.531090144941035760e+02,1.531458161114939571e+02,1.531983972543593495e+02,1.532467046200432037e+02,1.532874730793693629e+02,1.533343855801119275e+02,1.533893923700788946e+02,1.534506838198773266e+02,1.535119721967104738e+02,1.535737274011064528e+02,1.536447828089238783e+02,1.537214228270800049e+02,1.537900508997786346e+02,1.538637509057988382e+02,1.539564349936356109e+02,1.540467645549813938e+02,1.541133065483609244e+02,1.541811248841877386e+02,1.542647602192605518e+02,1.543538863136516852e+02,1.544359101430015357e+02,1.545132339798408054e+02,1.545951102220192865e+02,1.546806613118179428e+02,1.547667715953053289e+02,1.548505611876459511e+02,1.549246507259892098e+02,1.549854044947300622e+02,1.550444919058377309e+02,1.551049535596599185e+02,1.551591213962519191e+02,1.552077988555934667e+02,1.552594236407510380e+02,1.553142497456554167e+02,1.553576500396954714e+02,1.553805949186445616e+02,1.553979995073603959e+02,1.554206011344730314e+02,1.554532315639616513e+02,1.554812226615629811e+02,1.554898298050486574e+02,1.554917939557473971e+02,1.554856724419038301e+02
1.515919626855245497e+02,1.515895173636012601e+02,1.515681713890207902e+02,1.515455010693246436e+02,1.515290964103314479e+02,1.515032601860145576e+02,1.514763486412326756e+02,1.514525176055420275e+02,1.514283677233645449e+02,1.513961734860323816e+02,1.513487973273861655e+02,1.513083179863667169e+02,1.512787756754415227e+02,1.512391910064565934e+02,1.511884046560803085e+02,1.511351289888012843e+02,1.510719003177706554e+02,1.510057700773501210e+02,1.509411026349793303e+02,1.508862016362507461e+02,1.508407110064893573e+02,1.508016790346512153e+02,1.507580358178213942e+02,1.507029925525559690e+02,1.506531476610935556e+02,1.506168075234026276e+02,1.505890710120587244e+02,1.505677938539722049e+02,1.505795603992765450e+02,1.506008635584697686e+02,1.505560368453493538e+02,1.504998272810222204e+02,1.504864879511841025e+02,1.504938929861594659e+02,1.505048784443449108e+02,1.505158230788311471e+02,1.505319299052010820e+02,1.505595288331044230e+02,1.505892620843544591e+02,1.506207852101954359e+02,1.506635616118213647e+02,1.507113828301466185e+02,1.507599989524973694e+02,1.508114121391668050e+02,1.508727288406599882e+02,1.509474032314826673e+02,1.510290624742272030e+02,1.511035476033514726e+02,1.511795886575932286e+02,1.512574149879126253e+02,1.513268060332618461e+02,1.514013309183746401e+02,1.514859851188373341e+02,1.515724813531027166e+02,1.516438976257026070e+02,1.517140511873444666e+02,1.518020372340102995e+02,1.518930075390179013e+02,1.519586690809464358e+02,1.520214889640243712e+02,1.520947910379771884e+02,1.521650768957449031e+02,1.522344752533493022e+02,1.522951016031083213e+02,1.523471014852404437e+02,1.523978676764427860e+02,1.524511210933786174e+02,1.525013574537118473e+02,1.525428021088457342e+02,1.525784626984411432e+02,1.526161436471198272e+02,1.526560608796924612e+02,1.526951495272591046e+02,1.527267035532016735e+02,1.527506050414916672e+02,1.527853299957346280e+02,1.528261551826648770e+02,1.528612239534153900e+02,1.528830963164385821e+02,1.528716459859585939e+02,1.528711696059356200e+02,1.528919742978552847e+02,1.529061897507317553e+02,1.529136379942608812e+02,1.529270844797933364e+02,1.529559446675132222e+02,1.529909011485247561e+02,1.530182928192619727e+02,1.530396598924218381e+02,1.530639569855633511e+02,1.530974682648665066e+02,1.531165679038163319e+02,1.531388763177214400e+02,1.531760835752910168e+02,1.532202502039892238e+02,1.532805728311904545e+02,1.533451552984611794e+02,1.533909646878102535e+02,1.534414043290915686e+02,1.535019423826571483e+02,1.535658318188242504e+02,1.536363438991023713e+02,1.537075768700122183e+02,1.537759211926558578e+02,1.538511371440420135e+02,1.539428228324382530e+02,1.540369642334893285e+02,1.541173210554816819e+02,1.541932048243446900e+02,1.542769057820320313e+02,1.543692456299269793e+02,1.544556909379780336e+02,1.545301157547273760e+02,1.546086097738584613e+02,1.546986922085037008e+02,1.547941932109843037e+02,1.548873145432918363e+02,1.549646711495034310e+02,1.550279272175584993e+02,1.550869214086225725e+02,1.551499625397400735e+02,1.552143617952249883e+02,1.552752552256946501e+02,1.553299222249497120e+02,1.553807073777406913e+02,1.554271497897648828e+02,1.554517005961226346e+02,1.554690119074621748e+02,1.554895720630311189e+02,1.555198379731201896e+02,1.555505462661202216e+02,1.555554243741544553e+02,1.555480202711779043e+02,1.555398296020571252e+02
1.516421698532099072e+02,1.516400337150708992e+02,1.516122079332028534e+02,1.515837962306937357e+02,1.515656953913151597e+02,1.515387713092354147e+02,1.515104869632673399e+02,1.514821095043373589e+02,1.514485091429496038e+02,1.514132353276089020e+02,1.513734935251681577e+02,1.513356961183075668e+02,1.513030194433140991e+02,1.512639719759619652e+02,1.512045565890708758e+02,1.511419688115556710e+02,1.510865945503289254e+02,1.510278003256329953e+02,1.509519630184926484e+02,1.508838113988328757e+02,1.508400287933224604e+02,1.508037262104078877e+02,1.507481326988486217e+02,1.506864919546404167e+02,1.506362082806410001e+02,1.505987086162397759e+02,1.505710430588435429e+02,1.505468404488456713e+02,1.505382856076656708e+02,1.505426865213061660e+02,1.505114305317402170e+02,1.504713645500385724e+02,1.504545363617682767e+02,1.504530606604261038e+02,1.504620940162995737e+02,1.504754903355400586e+02,1.504941155649154894e+02,1.505279768361045001e+02,1.505661841590655285e+02,1.506012120689964036e+02,1.506433810405326881e+02,1.506963078146916928e+02,1.507544651068890289e+02,1.508048621662678670e+02,1.508585726942783367e+02,1.509307501004518883e+02,1.510142274570326890e+02,1.510926964547107900e+02,1.511681196562196305e+02,1.512448265141042043e+02,1.513206460355278296e+02,1.514016234646352927e+02,1.514940164267486864e+02,1.515899177356015457e+02,1.516626290475046233e+02,1.517248838536208382e+02,1.518036518269372550e+02,1.518933411611720885e+02,1.519712608235607831e+02,1.520501550838338858e+02,1.521279345260743128e+02,1.521880405328580537e+02,1.522493439175084973e+02,1.523146782379525916e+02,1.523734948311112021e+02,1.524284227024708116e+02,1.524822834564441507e+02,1.525319912293759330e+02,1.525729751339136442e+02,1.526064014806117939e+02,1.526442186481704084e+02,1.526839853455153957e+02,1.527192401087905296e+02,1.527476456993191789e+02,1.527704222979384667e+02,1.528017596402066829e+02,1.528347714579491026e+02,1.528592368012112388e+02,1.528794572858914194e+02,1.528859343593865390e+02,1.528994942417514267e+02,1.529177364735986657e+02,1.529180930693473215e+02,1.529237625633389825e+02,1.529434238607201451e+02,1.529777996406959915e+02,1.530181945406605166e+02,1.530349148886310502e+02,1.530415257872074335e+02,1.530572167982495557e+02,1.530841130043368707e+02,1.531085396641894931e+02,1.531352752751083131e+02,1.531674696960105280e+02,1.532107968948992038e+02,1.532745932362768428e+02,1.533389790819547329e+02,1.533794383814316689e+02,1.534268098779484717e+02,1.534918334942325941e+02,1.535641560317812093e+02,1.536420846097786352e+02,1.537144426918505360e+02,1.537795108500876040e+02,1.538486679518215396e+02,1.539337237713365312e+02,1.540264626505994556e+02,1.541170505561402138e+02,1.542048222137542268e+02,1.542949011395916159e+02,1.543890261771114751e+02,1.544759285405218634e+02,1.545558997549962612e+02,1.546415125548305127e+02,1.547344586051207784e+02,1.548301852857005656e+02,1.549245540512545176e+02,1.550045549727979335e+02,1.550684792945465915e+02,1.551308386298495066e+02,1.552042515608810049e+02,1.552817816341021171e+02,1.553508003186393580e+02,1.553984043487999145e+02,1.554349741944315610e+02,1.554774038331422332e+02,1.555068636064089844e+02,1.555320543606715091e+02,1.555555108851776822e+02,1.555771166751325154e+02,1.556008011588038471e+02,1.556069383221214935e+02,1.555996864169944445e+02,1.555915983165558032e+02
1.516850425228952304e+02,1.516712649983244319e+02,1.516455313144953152e+02,1.516195442525855412e+02,1.516000086456702434e+02,1.515800408129006200e+02,1.515589403524081149e+02,1.515257182526250403e+02,1.514801410511049369e+02,1.514348303787216992e+02,1.513906372965793423e+02,1.513465677103295093e+02,1.513037297767631912e+02,1.512590438822234660e+02,1.511995035423758793e+02,1.511346168257254305e+02,1.510776043718442452e+02,1.510185986268849661e+02,1.509487951465587230e+02,1.508867511289077470e+02,1.508496663778561810e+02,1.508135423201096046e+02,1.507461944237545595e+02,1.506788005644731356e+02,1.506294469451905798e+02,1.505938288412843633e+02,1.505621534982746255e+02,1.505281674344045655e+02,1.504985067081451007e+02,1.504846317504476474e+02,1.504674742265727332e+02,1.504481846521107116e+02,1.504326409346035121e+02,1.504252171864789034e+02,1.504312794209350841e+02,1.504463324743516921e+02,1.504669663691821881e+02,1.504976141804856695e+02,1.505374639719991592e+02,1.505793342220454747e+02,1.506216427289353703e+02,1.506800767556953247e+02,1.507505716078085811e+02,1.508035790316768896e+02,1.508546108165630528e+02,1.509262002538635272e+02,1.510041370579964450e+02,1.510777733364409698e+02,1.511500023061023228e+02,1.512283300207425043e+02,1.513134205636337697e+02,1.514012060023759432e+02,1.514926232496192142e+02,1.515902087809130308e+02,1.516762839167944321e+02,1.517471090590185838e+02,1.518235674375237068e+02,1.519079206309332335e+02,1.519903703566199908e+02,1.520720986020697865e+02,1.521434981259353094e+02,1.522025333467042856e+02,1.522693057983219092e+02,1.523417033449114797e+02,1.524046057548848694e+02,1.524586666946746050e+02,1.525077064057314260e+02,1.525574263475504608e+02,1.526029062799526343e+02,1.526362408047831707e+02,1.526709155096510244e+02,1.527082105294517191e+02,1.527450794540179686e+02,1.527754427880516914e+02,1.527934819888215543e+02,1.528153436232667559e+02,1.528399204283709878e+02,1.528595501238538077e+02,1.528817534152378528e+02,1.528949933974610076e+02,1.529026725291049047e+02,1.529106406024813509e+02,1.529153297147604462e+02,1.529351783446488469e+02,1.529610773216723487e+02,1.529874225978467734e+02,1.530173056738686910e+02,1.530250394338870024e+02,1.530294619092314861e+02,1.530424156976329186e+02,1.530635553681063925e+02,1.530934177042552733e+02,1.531256637607548612e+02,1.531602106336899851e+02,1.532055912246956950e+02,1.532612716278217135e+02,1.533176707330337081e+02,1.533652036171761210e+02,1.534200455147329194e+02,1.534883019100195156e+02,1.535610104931881210e+02,1.536410495809287511e+02,1.537204430397724195e+02,1.537903626926427592e+02,1.538585172743783005e+02,1.539385381252117782e+02,1.540302848717910251e+02,1.541257209116697595e+02,1.542195801813869593e+02,1.543123782744448818e+02,1.544052402544145366e+02,1.544918297410730759e+02,1.545792817465463145e+02,1.546763714393849227e+02,1.547740500938565162e+02,1.548677983152439879e+02,1.549695226698658530e+02,1.550660795813764423e+02,1.551240037486481356e+02,1.551796737328943436e+02,1.552608020641673932e+02,1.553439986309201117e+02,1.554075030361662186e+02,1.554460846787724506e+02,1.554838645064968432e+02,1.555266551867166243e+02,1.555541084349113419e+02,1.555824031664633935e+02,1.556107398082169198e+02,1.556286573152678159e+02,1.556434124918611133e+02,1.556483006451409778e+02,1.556506875654314968e+02,1.556527319059952674e+02
1.517288269423341944e+02,1.516981029745296041e+02,1.516719721761966753e+02,1.516530034809402991e+02,1.516372647618156293e+02,1.516243989971025599e+02,1.516102983923562988e+02,1.515754878382463176e+02,1.515225565034950250e+02,1.514703304868345981e+02,1.514168092847747289e+02,1.513629397753780381e+02,1.513078004232629326e+02,1.512506881550678486e+02,1.511934688466984653e+02,1.511361926114631160e+02,1.510738370793820593e+02,1.510033049340788693e+02,1.509393367486874808e+02,1.508918863382417612e+02,1.508606436630416283e+02,1.508159686301872284e+02,1.507452513994782066e+02,1.506837440526980458e+02,1.506333353973636520e+02,1.505895748475334699e+02,1.505446180554458806e+02,1.505030250679966457e+02,1.504747704643758084e+02,1.504580500383188451e+02,1.504402473309609434e+02,1.504257080888449991e+02,1.504192626777166879e+02,1.504167494820328841e+02,1.504160804894927708e+02,1.504293081165204171e+02,1.504587131164157370e+02,1.504853649925691457e+02,1.505108554077801557e+02,1.505499186624670642e+02,1.505952448774207255e+02,1.506551293074024329e+02,1.507287443570322694e+02,1.507911405710092367e+02,1.508493759057276407e+02,1.509214254471639265e+02,1.509972875467491065e+02,1.510667075312540248e+02,1.511306797183252115e+02,1.512115868157397358e+02,1.513063068408617369e+02,1.513944104231991616e+02,1.514797210747851466e+02,1.515752165375033087e+02,1.516721507206825095e+02,1.517567726790461506e+02,1.518457685377088069e+02,1.519385400752319981e+02,1.520196889747807631e+02,1.520911973629882823e+02,1.521567573309187082e+02,1.522241111040949590e+02,1.522997199278597691e+02,1.523770821063540097e+02,1.524410430675217185e+02,1.524879129685002113e+02,1.525287385648704799e+02,1.525793999892787838e+02,1.526303076199953352e+02,1.526627144341614724e+02,1.526931140107357123e+02,1.527325176149712433e+02,1.527765012447971458e+02,1.528073430192273463e+02,1.528166216928782148e+02,1.528255895355378584e+02,1.528424302707362585e+02,1.528603498404437175e+02,1.528782590318467101e+02,1.528886553495222529e+02,1.528942392784879019e+02,1.528989453526581883e+02,1.529108744615370483e+02,1.529403400237251844e+02,1.529666689283119467e+02,1.529803921206500945e+02,1.529971200766394190e+02,1.530063887058317960e+02,1.530156689007669115e+02,1.530301679541375961e+02,1.530512731495408048e+02,1.530815110887359367e+02,1.531126798992361842e+02,1.531504953699457019e+02,1.532035795092594412e+02,1.532610716208230315e+02,1.533154990814303176e+02,1.533708301180910496e+02,1.534291093737458027e+02,1.534889231561985241e+02,1.535503922271545605e+02,1.536257698659466655e+02,1.537129499349718742e+02,1.537955768306445634e+02,1.538692025260261858e+02,1.539517814957687278e+02,1.540517976219265108e+02,1.541492540556420749e+02,1.542399153105696428e+02,1.543306183994741900e+02,1.544195528725694828e+02,1.545049148648417940e+02,1.545956039784484801e+02,1.546992198285422546e+02,1.548051107016169112e+02,1.549038740146761484e+02,1.550139290711070430e+02,1.551256267970486533e+02,1.551823424319271112e+02,1.552324569038800632e+02,1.553092023548211387e+02,1.553783515876443175e+02,1.554287257216377611e+02,1.554731651996405049e+02,1.555259286663460614e+02,1.555701617808863944e+02,1.555922116915065203e+02,1.556187928762076353e+02,1.556503036439607683e+02,1.556702484339778039e+02,1.556821689723516897e+02,1.556862866757567190e+02,1.556963505814571818e+02,1.557083330037963833e+02
1.517382992306701226e+02,1.517082438550108350e+02,1.516868514125650336e+02,1.516778633335704285e+02,1.516677451048390139e+02,1.516512135525201188e+02,1.516348084173320103e+02,1.516081837566898685e+02,1.515600276733968599e+02,1.515086300400603818e+02,1.514474195699446000e+02,1.513826027877885849e+02,1.513158762717251591e+02,1.512477124454254636e+02,1.511914897501778796e+02,1.511443089925884919e+02,1.510796128374754517e+02,1.509949414774344234e+02,1.509297278613672972e+02,1.508964405318473894e+02,1.508721099764370592e+02,1.508168628654236727e+02,1.507456303269344744e+02,1.506930172976689164e+02,1.506356228971114319e+02,1.505749016631824873e+02,1.505199188364439351e+02,1.504793554645725067e+02,1.504561195794645982e+02,1.504368181278849761e+02,1.504195133853710047e+02,1.504113732407943758e+02,1.504178397740263335e+02,1.504218469686795174e+02,1.504128262628229891e+02,1.504265367924047609e+02,1.504709126878162238e+02,1.504957607300952986e+02,1.504984140720790151e+02,1.505241568533813279e+02,1.505708845839725996e+02,1.506290912076366908e+02,1.506987111562055759e+02,1.507704035123963422e+02,1.508375614001359679e+02,1.509075664654012314e+02,1.509876998890646576e+02,1.510633549204571295e+02,1.511236312896007803e+02,1.512061817527041114e+02,1.513050292585300269e+02,1.513883024654042231e+02,1.514709610652984964e+02,1.515690005398658684e+02,1.516696178639411983e+02,1.517565921676766152e+02,1.518525532149493813e+02,1.519537470069599010e+02,1.520333179392026182e+02,1.521014383804611612e+02,1.521707639297998753e+02,1.522470626626586068e+02,1.523266981360947341e+02,1.524059729736450777e+02,1.524716904751467723e+02,1.525108540631316600e+02,1.525466134518160288e+02,1.526021050267108876e+02,1.526567559524341959e+02,1.526839167791263208e+02,1.527100322842661058e+02,1.527540933316506369e+02,1.528005886490136902e+02,1.528234140549036795e+02,1.528278008385076419e+02,1.528336203463011884e+02,1.528462468376973789e+02,1.528626223347345103e+02,1.528762585980888389e+02,1.528849573967303002e+02,1.528931784911667933e+02,1.528986975217121653e+02,1.529109329849810024e+02,1.529373401721252890e+02,1.529605662567964259e+02,1.529735597334450290e+02,1.529895028350645703e+02,1.529998911840250457e+02,1.530070634555794982e+02,1.530201289002876024e+02,1.530428644651039178e+02,1.530738703702877501e+02,1.531049482069266503e+02,1.531470961075712580e+02,1.532103960365520550e+02,1.532732602494550065e+02,1.533248952512747110e+02,1.533862249855743016e+02,1.534482808453636267e+02,1.534968360877558666e+02,1.535440793258838994e+02,1.536148014959705961e+02,1.537074947614806035e+02,1.537978914588071575e+02,1.538734156767311561e+02,1.539624169658465576e+02,1.540738498560425001e+02,1.541701571697151962e+02,1.542565255757485829e+02,1.543487366784234496e+02,1.544353350029332432e+02,1.545174500878640629e+02,1.546077411792240639e+02,1.547129353587732794e+02,1.548271012311151935e+02,1.549321093114449184e+02,1.550313641144810788e+02,1.551360769173425354e+02,1.552100686986539984e+02,1.552791458859449847e+02,1.553545728050111165e+02,1.554051640492273805e+02,1.554407742401676273e+02,1.554911071795556268e+02,1.555547824592247252e+02,1.556004688222127470e+02,1.556196049939983368e+02,1.556443833804162864e+02,1.556756863047323804e+02,1.556957607365640683e+02,1.557077316455674918e+02,1.557131051393574239e+02,1.557226749643344874e+02,1.557335041509156781e+02
